ISO-10303-21;
HEADER;
FILE_DESCRIPTION(('KiCad electronic assembly'),'2;1');
FILE_NAME('AttenuverterFaceplate.step','2026-10-08T19:48:23',('Pcbnew'),
  ('Kicad'),'Open CASCADE STEP processor 7.9','KiCad to STEP converter',
  'Unknown');
FILE_SCHEMA(('AUTOMOTIVE_DESIGN { 1 0 10303 214 1 1 1 1 }'));
ENDSEC;
DATA;
#1 = APPLICATION_PROTOCOL_DEFINITION('international standard',
  'automotive_design',2000,#2);
#2 = APPLICATION_CONTEXT(
  'core data for automotive mechanical design processes');
#3 = SHAPE_DEFINITION_REPRESENTATION(#4,#10);
#4 = PRODUCT_DEFINITION_SHAPE('','',#5);
#5 = PRODUCT_DEFINITION('design','',#6,#9);
#6 = PRODUCT_DEFINITION_FORMATION('','',#7);
#7 = PRODUCT('AttenuverterFaceplate 1','AttenuverterFaceplate 1','',(#8)
  );
#8 = PRODUCT_CONTEXT('',#2,'mechanical');
#9 = PRODUCT_DEFINITION_CONTEXT('part definition',#2,'design');
#10 = SHAPE_REPRESENTATION('',(#11,#15,#19,#23,#27,#31),#35);
#11 = AXIS2_PLACEMENT_3D('',#12,#13,#14);
#12 = CARTESIAN_POINT('',(0.,0.,0.));
#13 = DIRECTION('',(0.,0.,1.));
#14 = DIRECTION('',(1.,0.,-0.));
#15 = AXIS2_PLACEMENT_3D('',#16,#17,#18);
#16 = CARTESIAN_POINT('',(0.,0.,0.));
#17 = DIRECTION('',(0.,0.,1.));
#18 = DIRECTION('',(1.,0.,-0.));
#19 = AXIS2_PLACEMENT_3D('',#20,#21,#22);
#20 = CARTESIAN_POINT('',(0.,0.,0.));
#21 = DIRECTION('',(0.,0.,1.));
#22 = DIRECTION('',(1.,0.,-0.));
#23 = AXIS2_PLACEMENT_3D('',#24,#25,#26);
#24 = CARTESIAN_POINT('',(0.,0.,0.));
#25 = DIRECTION('',(0.,0.,1.));
#26 = DIRECTION('',(1.,0.,-0.));
#27 = AXIS2_PLACEMENT_3D('',#28,#29,#30);
#28 = CARTESIAN_POINT('',(0.,0.,0.));
#29 = DIRECTION('',(0.,0.,1.));
#30 = DIRECTION('',(1.,0.,-0.));
#31 = AXIS2_PLACEMENT_3D('',#32,#33,#34);
#32 = CARTESIAN_POINT('',(0.,0.,0.));
#33 = DIRECTION('',(0.,0.,1.));
#34 = DIRECTION('',(1.,0.,-0.));
#35 = ( GEOMETRIC_REPRESENTATION_CONTEXT(3) 
GLOBAL_UNCERTAINTY_ASSIGNED_CONTEXT((#39)) GLOBAL_UNIT_ASSIGNED_CONTEXT(
(#36,#37,#38)) REPRESENTATION_CONTEXT('Context #1',
  '3D Context with UNIT and UNCERTAINTY') );
#36 = ( LENGTH_UNIT() NAMED_UNIT(*) SI_UNIT(.MILLI.,.METRE.) );
#37 = ( NAMED_UNIT(*) PLANE_ANGLE_UNIT() SI_UNIT($,.RADIAN.) );
#38 = ( NAMED_UNIT(*) SI_UNIT($,.STERADIAN.) SOLID_ANGLE_UNIT() );
#39 = UNCERTAINTY_MEASURE_WITH_UNIT(LENGTH_MEASURE(1.E-07),#36,
  'distance_accuracy_value','confusion accuracy');
#40 = PRODUCT_RELATED_PRODUCT_CATEGORY('part',$,(#7));
#41 = SHAPE_DEFINITION_REPRESENTATION(#42,#48);
#42 = PRODUCT_DEFINITION_SHAPE('','',#43);
#43 = PRODUCT_DEFINITION('design','',#44,#47);
#44 = PRODUCT_DEFINITION_FORMATION('','',#45);
#45 = PRODUCT('AttenuverterFaceplate-unsaved-export-2P21R3_copper',
  'AttenuverterFaceplate-unsaved-export-2P21R3_copper','',(#46));
#46 = PRODUCT_CONTEXT('',#2,'mechanical');
#47 = PRODUCT_DEFINITION_CONTEXT('part definition',#2,'design');
#48 = ADVANCED_BREP_SHAPE_REPRESENTATION('',(#11,#49),#885);
#49 = MANIFOLD_SOLID_BREP('',#50);
#50 = CLOSED_SHELL('',(#51,#93,#124,#157,#188,#221,#252,#285,#307,#340,
    #373,#406,#439,#472,#505,#538,#571,#604,#637,#670,#703,#736,#769,
    #827));
#51 = ADVANCED_FACE('',(#52),#88,.T.);
#52 = FACE_BOUND('',#53,.T.);
#53 = EDGE_LOOP('',(#54,#64,#73,#81));
#54 = ORIENTED_EDGE('',*,*,#55,.T.);
#55 = EDGE_CURVE('',#56,#58,#60,.T.);
#56 = VERTEX_POINT('',#57);
#57 = CARTESIAN_POINT('',(115.101884,-25.9765,1.51));
#58 = VERTEX_POINT('',#59);
#59 = CARTESIAN_POINT('',(115.101884,-25.9765,1.545));
#60 = LINE('',#61,#62);
#61 = CARTESIAN_POINT('',(115.101884,-25.9765,1.51));
#62 = VECTOR('',#63,1.);
#63 = DIRECTION('',(0.,0.,1.));
#64 = ORIENTED_EDGE('',*,*,#65,.T.);
#65 = EDGE_CURVE('',#58,#66,#68,.T.);
#66 = VERTEX_POINT('',#67);
#67 = CARTESIAN_POINT('',(115.227884,-25.8505,1.545));
#68 = CIRCLE('',#69,0.125999515317);
#69 = AXIS2_PLACEMENT_3D('',#70,#71,#72);
#70 = CARTESIAN_POINT('',(115.22788351531,-25.97649951531,1.545));
#71 = DIRECTION('',(0.,0.,-1.));
#72 = DIRECTION('',(-0.999999999993,-3.846711585366E-06,-0.));
#73 = ORIENTED_EDGE('',*,*,#74,.F.);
#74 = EDGE_CURVE('',#75,#66,#77,.T.);
#75 = VERTEX_POINT('',#76);
#76 = CARTESIAN_POINT('',(115.227884,-25.8505,1.51));
#77 = LINE('',#78,#79);
#78 = CARTESIAN_POINT('',(115.227884,-25.8505,1.51));
#79 = VECTOR('',#80,1.);
#80 = DIRECTION('',(0.,0.,1.));
#81 = ORIENTED_EDGE('',*,*,#82,.F.);
#82 = EDGE_CURVE('',#56,#75,#83,.T.);
#83 = CIRCLE('',#84,0.125999515317);
#84 = AXIS2_PLACEMENT_3D('',#85,#86,#87);
#85 = CARTESIAN_POINT('',(115.22788351531,-25.97649951531,1.51));
#86 = DIRECTION('',(0.,0.,-1.));
#87 = DIRECTION('',(-0.999999999993,-3.846711585366E-06,-0.));
#88 = CYLINDRICAL_SURFACE('',#89,0.125999515317);
#89 = AXIS2_PLACEMENT_3D('',#90,#91,#92);
#90 = CARTESIAN_POINT('',(115.22788351531,-25.97649951531,1.51));
#91 = DIRECTION('',(0.,0.,-1.));
#92 = DIRECTION('',(-0.999999999993,-3.846711585366E-06,-0.));
#93 = ADVANCED_FACE('',(#94),#119,.T.);
#94 = FACE_BOUND('',#95,.T.);
#95 = EDGE_LOOP('',(#96,#97,#105,#113));
#96 = ORIENTED_EDGE('',*,*,#74,.T.);
#97 = ORIENTED_EDGE('',*,*,#98,.T.);
#98 = EDGE_CURVE('',#66,#99,#101,.T.);
#99 = VERTEX_POINT('',#100);
#100 = CARTESIAN_POINT('',(144.774884,-25.8505,1.545));
#101 = LINE('',#102,#103);
#102 = CARTESIAN_POINT('',(115.227884,-25.8505,1.545));
#103 = VECTOR('',#104,1.);
#104 = DIRECTION('',(1.,0.,0.));
#105 = ORIENTED_EDGE('',*,*,#106,.F.);
#106 = EDGE_CURVE('',#107,#99,#109,.T.);
#107 = VERTEX_POINT('',#108);
#108 = CARTESIAN_POINT('',(144.774884,-25.8505,1.51));
#109 = LINE('',#110,#111);
#110 = CARTESIAN_POINT('',(144.774884,-25.8505,1.51));
#111 = VECTOR('',#112,1.);
#112 = DIRECTION('',(0.,0.,1.));
#113 = ORIENTED_EDGE('',*,*,#114,.F.);
#114 = EDGE_CURVE('',#75,#107,#115,.T.);
#115 = LINE('',#116,#117);
#116 = CARTESIAN_POINT('',(115.227884,-25.8505,1.51));
#117 = VECTOR('',#118,1.);
#118 = DIRECTION('',(1.,0.,0.));
#119 = PLANE('',#120);
#120 = AXIS2_PLACEMENT_3D('',#121,#122,#123);
#121 = CARTESIAN_POINT('',(115.227884,-25.8505,1.51));
#122 = DIRECTION('',(0.,1.,0.));
#123 = DIRECTION('',(1.,0.,0.));
#124 = ADVANCED_FACE('',(#125),#152,.T.);
#125 = FACE_BOUND('',#126,.T.);
#126 = EDGE_LOOP('',(#127,#128,#137,#145));
#127 = ORIENTED_EDGE('',*,*,#106,.T.);
#128 = ORIENTED_EDGE('',*,*,#129,.T.);
#129 = EDGE_CURVE('',#99,#130,#132,.T.);
#130 = VERTEX_POINT('',#131);
#131 = CARTESIAN_POINT('',(144.900884,-25.9765,1.545));
#132 = CIRCLE('',#133,0.125999515317);
#133 = AXIS2_PLACEMENT_3D('',#134,#135,#136);
#134 = CARTESIAN_POINT('',(144.77488448468,-25.97649951531,1.545));
#135 = DIRECTION('',(0.,0.,-1.));
#136 = DIRECTION('',(-3.846711810937E-06,0.999999999993,0.));
#137 = ORIENTED_EDGE('',*,*,#138,.F.);
#138 = EDGE_CURVE('',#139,#130,#141,.T.);
#139 = VERTEX_POINT('',#140);
#140 = CARTESIAN_POINT('',(144.900884,-25.9765,1.51));
#141 = LINE('',#142,#143);
#142 = CARTESIAN_POINT('',(144.900884,-25.9765,1.51));
#143 = VECTOR('',#144,1.);
#144 = DIRECTION('',(0.,0.,1.));
#145 = ORIENTED_EDGE('',*,*,#146,.F.);
#146 = EDGE_CURVE('',#107,#139,#147,.T.);
#147 = CIRCLE('',#148,0.125999515317);
#148 = AXIS2_PLACEMENT_3D('',#149,#150,#151);
#149 = CARTESIAN_POINT('',(144.77488448468,-25.97649951531,1.51));
#150 = DIRECTION('',(0.,0.,-1.));
#151 = DIRECTION('',(-3.846711810937E-06,0.999999999993,0.));
#152 = CYLINDRICAL_SURFACE('',#153,0.125999515317);
#153 = AXIS2_PLACEMENT_3D('',#154,#155,#156);
#154 = CARTESIAN_POINT('',(144.77488448468,-25.97649951531,1.51));
#155 = DIRECTION('',(0.,0.,-1.));
#156 = DIRECTION('',(-3.846711810937E-06,0.999999999993,0.));
#157 = ADVANCED_FACE('',(#158),#183,.T.);
#158 = FACE_BOUND('',#159,.T.);
#159 = EDGE_LOOP('',(#160,#161,#169,#177));
#160 = ORIENTED_EDGE('',*,*,#138,.T.);
#161 = ORIENTED_EDGE('',*,*,#162,.T.);
#162 = EDGE_CURVE('',#130,#163,#165,.T.);
#163 = VERTEX_POINT('',#164);
#164 = CARTESIAN_POINT('',(144.900884,-154.0235,1.545));
#165 = LINE('',#166,#167);
#166 = CARTESIAN_POINT('',(144.900884,-25.9765,1.545));
#167 = VECTOR('',#168,1.);
#168 = DIRECTION('',(0.,-1.,0.));
#169 = ORIENTED_EDGE('',*,*,#170,.F.);
#170 = EDGE_CURVE('',#171,#163,#173,.T.);
#171 = VERTEX_POINT('',#172);
#172 = CARTESIAN_POINT('',(144.900884,-154.0235,1.51));
#173 = LINE('',#174,#175);
#174 = CARTESIAN_POINT('',(144.900884,-154.0235,1.51));
#175 = VECTOR('',#176,1.);
#176 = DIRECTION('',(0.,0.,1.));
#177 = ORIENTED_EDGE('',*,*,#178,.F.);
#178 = EDGE_CURVE('',#139,#171,#179,.T.);
#179 = LINE('',#180,#181);
#180 = CARTESIAN_POINT('',(144.900884,-25.9765,1.51));
#181 = VECTOR('',#182,1.);
#182 = DIRECTION('',(0.,-1.,0.));
#183 = PLANE('',#184);
#184 = AXIS2_PLACEMENT_3D('',#185,#186,#187);
#185 = CARTESIAN_POINT('',(144.900884,-25.9765,1.51));
#186 = DIRECTION('',(1.,0.,-0.));
#187 = DIRECTION('',(0.,-1.,0.));
#188 = ADVANCED_FACE('',(#189),#216,.T.);
#189 = FACE_BOUND('',#190,.T.);
#190 = EDGE_LOOP('',(#191,#192,#201,#209));
#191 = ORIENTED_EDGE('',*,*,#170,.T.);
#192 = ORIENTED_EDGE('',*,*,#193,.T.);
#193 = EDGE_CURVE('',#163,#194,#196,.T.);
#194 = VERTEX_POINT('',#195);
#195 = CARTESIAN_POINT('',(144.774884,-154.1495,1.545));
#196 = CIRCLE('',#197,0.125999515317);
#197 = AXIS2_PLACEMENT_3D('',#198,#199,#200);
#198 = CARTESIAN_POINT('',(144.77488448468,-154.0235004846,1.545));
#199 = DIRECTION('',(0.,0.,-1.));
#200 = DIRECTION('',(0.999999999993,3.846712036508E-06,0.));
#201 = ORIENTED_EDGE('',*,*,#202,.F.);
#202 = EDGE_CURVE('',#203,#194,#205,.T.);
#203 = VERTEX_POINT('',#204);
#204 = CARTESIAN_POINT('',(144.774884,-154.1495,1.51));
#205 = LINE('',#206,#207);
#206 = CARTESIAN_POINT('',(144.774884,-154.1495,1.51));
#207 = VECTOR('',#208,1.);
#208 = DIRECTION('',(0.,0.,1.));
#209 = ORIENTED_EDGE('',*,*,#210,.F.);
#210 = EDGE_CURVE('',#171,#203,#211,.T.);
#211 = CIRCLE('',#212,0.125999515317);
#212 = AXIS2_PLACEMENT_3D('',#213,#214,#215);
#213 = CARTESIAN_POINT('',(144.77488448468,-154.0235004846,1.51));
#214 = DIRECTION('',(0.,0.,-1.));
#215 = DIRECTION('',(0.999999999993,3.846712036508E-06,0.));
#216 = CYLINDRICAL_SURFACE('',#217,0.125999515317);
#217 = AXIS2_PLACEMENT_3D('',#218,#219,#220);
#218 = CARTESIAN_POINT('',(144.77488448468,-154.0235004846,1.51));
#219 = DIRECTION('',(0.,0.,-1.));
#220 = DIRECTION('',(0.999999999993,3.846712036508E-06,0.));
#221 = ADVANCED_FACE('',(#222),#247,.T.);
#222 = FACE_BOUND('',#223,.T.);
#223 = EDGE_LOOP('',(#224,#225,#233,#241));
#224 = ORIENTED_EDGE('',*,*,#202,.T.);
#225 = ORIENTED_EDGE('',*,*,#226,.T.);
#226 = EDGE_CURVE('',#194,#227,#229,.T.);
#227 = VERTEX_POINT('',#228);
#228 = CARTESIAN_POINT('',(115.227884,-154.1495,1.545));
#229 = LINE('',#230,#231);
#230 = CARTESIAN_POINT('',(144.774884,-154.1495,1.545));
#231 = VECTOR('',#232,1.);
#232 = DIRECTION('',(-1.,0.,0.));
#233 = ORIENTED_EDGE('',*,*,#234,.F.);
#234 = EDGE_CURVE('',#235,#227,#237,.T.);
#235 = VERTEX_POINT('',#236);
#236 = CARTESIAN_POINT('',(115.227884,-154.1495,1.51));
#237 = LINE('',#238,#239);
#238 = CARTESIAN_POINT('',(115.227884,-154.1495,1.51));
#239 = VECTOR('',#240,1.);
#240 = DIRECTION('',(0.,0.,1.));
#241 = ORIENTED_EDGE('',*,*,#242,.F.);
#242 = EDGE_CURVE('',#203,#235,#243,.T.);
#243 = LINE('',#244,#245);
#244 = CARTESIAN_POINT('',(144.774884,-154.1495,1.51));
#245 = VECTOR('',#246,1.);
#246 = DIRECTION('',(-1.,0.,0.));
#247 = PLANE('',#248);
#248 = AXIS2_PLACEMENT_3D('',#249,#250,#251);
#249 = CARTESIAN_POINT('',(144.774884,-154.1495,1.51));
#250 = DIRECTION('',(0.,-1.,0.));
#251 = DIRECTION('',(-1.,0.,0.));
#252 = ADVANCED_FACE('',(#253),#280,.T.);
#253 = FACE_BOUND('',#254,.T.);
#254 = EDGE_LOOP('',(#255,#256,#265,#273));
#255 = ORIENTED_EDGE('',*,*,#234,.T.);
#256 = ORIENTED_EDGE('',*,*,#257,.T.);
#257 = EDGE_CURVE('',#227,#258,#260,.T.);
#258 = VERTEX_POINT('',#259);
#259 = CARTESIAN_POINT('',(115.101884,-154.0235,1.545));
#260 = CIRCLE('',#261,0.125999515317);
#261 = AXIS2_PLACEMENT_3D('',#262,#263,#264);
#262 = CARTESIAN_POINT('',(115.22788351531,-154.0235004846,1.545));
#263 = DIRECTION('',(0.,0.,-1.));
#264 = DIRECTION('',(3.846712036508E-06,-0.999999999993,0.));
#265 = ORIENTED_EDGE('',*,*,#266,.F.);
#266 = EDGE_CURVE('',#267,#258,#269,.T.);
#267 = VERTEX_POINT('',#268);
#268 = CARTESIAN_POINT('',(115.101884,-154.0235,1.51));
#269 = LINE('',#270,#271);
#270 = CARTESIAN_POINT('',(115.101884,-154.0235,1.51));
#271 = VECTOR('',#272,1.);
#272 = DIRECTION('',(0.,0.,1.));
#273 = ORIENTED_EDGE('',*,*,#274,.F.);
#274 = EDGE_CURVE('',#235,#267,#275,.T.);
#275 = CIRCLE('',#276,0.125999515317);
#276 = AXIS2_PLACEMENT_3D('',#277,#278,#279);
#277 = CARTESIAN_POINT('',(115.22788351531,-154.0235004846,1.51));
#278 = DIRECTION('',(0.,0.,-1.));
#279 = DIRECTION('',(3.846712036508E-06,-0.999999999993,0.));
#280 = CYLINDRICAL_SURFACE('',#281,0.125999515317);
#281 = AXIS2_PLACEMENT_3D('',#282,#283,#284);
#282 = CARTESIAN_POINT('',(115.22788351531,-154.0235004846,1.51));
#283 = DIRECTION('',(0.,0.,-1.));
#284 = DIRECTION('',(3.846712036508E-06,-0.999999999993,0.));
#285 = ADVANCED_FACE('',(#286),#302,.T.);
#286 = FACE_BOUND('',#287,.T.);
#287 = EDGE_LOOP('',(#288,#289,#295,#296));
#288 = ORIENTED_EDGE('',*,*,#266,.T.);
#289 = ORIENTED_EDGE('',*,*,#290,.T.);
#290 = EDGE_CURVE('',#258,#58,#291,.T.);
#291 = LINE('',#292,#293);
#292 = CARTESIAN_POINT('',(115.101884,-154.0235,1.545));
#293 = VECTOR('',#294,1.);
#294 = DIRECTION('',(0.,1.,0.));
#295 = ORIENTED_EDGE('',*,*,#55,.F.);
#296 = ORIENTED_EDGE('',*,*,#297,.F.);
#297 = EDGE_CURVE('',#267,#56,#298,.T.);
#298 = LINE('',#299,#300);
#299 = CARTESIAN_POINT('',(115.101884,-154.0235,1.51));
#300 = VECTOR('',#301,1.);
#301 = DIRECTION('',(0.,1.,0.));
#302 = PLANE('',#303);
#303 = AXIS2_PLACEMENT_3D('',#304,#305,#306);
#304 = CARTESIAN_POINT('',(115.101884,-154.0235,1.51));
#305 = DIRECTION('',(-1.,0.,0.));
#306 = DIRECTION('',(0.,1.,0.));
#307 = ADVANCED_FACE('',(#308),#335,.F.);
#308 = FACE_BOUND('',#309,.T.);
#309 = EDGE_LOOP('',(#310,#320,#327,#328));
#310 = ORIENTED_EDGE('',*,*,#311,.T.);
#311 = EDGE_CURVE('',#312,#314,#316,.T.);
#312 = VERTEX_POINT('',#313);
#313 = CARTESIAN_POINT('',(124.353084,-151.249999,1.51));
#314 = VERTEX_POINT('',#315);
#315 = CARTESIAN_POINT('',(124.353084,-151.249999,1.545));
#316 = LINE('',#317,#318);
#317 = CARTESIAN_POINT('',(124.353084,-151.249999,1.51));
#318 = VECTOR('',#319,1.);
#319 = DIRECTION('',(0.,0.,1.));
#320 = ORIENTED_EDGE('',*,*,#321,.T.);
#321 = EDGE_CURVE('',#314,#314,#322,.T.);
#322 = CIRCLE('',#323,1.854471);
#323 = AXIS2_PLACEMENT_3D('',#324,#325,#326);
#324 = CARTESIAN_POINT('',(122.498613,-151.249999,1.545));
#325 = DIRECTION('',(0.,0.,1.));
#326 = DIRECTION('',(1.,0.,-0.));
#327 = ORIENTED_EDGE('',*,*,#311,.F.);
#328 = ORIENTED_EDGE('',*,*,#329,.F.);
#329 = EDGE_CURVE('',#312,#312,#330,.T.);
#330 = CIRCLE('',#331,1.854471);
#331 = AXIS2_PLACEMENT_3D('',#332,#333,#334);
#332 = CARTESIAN_POINT('',(122.498613,-151.249999,1.51));
#333 = DIRECTION('',(0.,0.,1.));
#334 = DIRECTION('',(1.,0.,-0.));
#335 = CYLINDRICAL_SURFACE('',#336,1.854471);
#336 = AXIS2_PLACEMENT_3D('',#337,#338,#339);
#337 = CARTESIAN_POINT('',(122.498613,-151.249999,1.51));
#338 = DIRECTION('',(-0.,-0.,-1.));
#339 = DIRECTION('',(1.,0.,-0.));
#340 = ADVANCED_FACE('',(#341),#368,.F.);
#341 = FACE_BOUND('',#342,.T.);
#342 = EDGE_LOOP('',(#343,#353,#360,#361));
#343 = ORIENTED_EDGE('',*,*,#344,.T.);
#344 = EDGE_CURVE('',#345,#347,#349,.T.);
#345 = VERTEX_POINT('',#346);
#346 = CARTESIAN_POINT('',(142.054421,-135.,1.51));
#347 = VERTEX_POINT('',#348);
#348 = CARTESIAN_POINT('',(142.054421,-135.,1.545));
#349 = LINE('',#350,#351);
#350 = CARTESIAN_POINT('',(142.054421,-135.,1.51));
#351 = VECTOR('',#352,1.);
#352 = DIRECTION('',(0.,0.,1.));
#353 = ORIENTED_EDGE('',*,*,#354,.T.);
#354 = EDGE_CURVE('',#347,#347,#355,.T.);
#355 = CIRCLE('',#356,3.25442);
#356 = AXIS2_PLACEMENT_3D('',#357,#358,#359);
#357 = CARTESIAN_POINT('',(138.800001,-135.,1.545));
#358 = DIRECTION('',(0.,0.,1.));
#359 = DIRECTION('',(1.,0.,-0.));
#360 = ORIENTED_EDGE('',*,*,#344,.F.);
#361 = ORIENTED_EDGE('',*,*,#362,.F.);
#362 = EDGE_CURVE('',#345,#345,#363,.T.);
#363 = CIRCLE('',#364,3.25442);
#364 = AXIS2_PLACEMENT_3D('',#365,#366,#367);
#365 = CARTESIAN_POINT('',(138.800001,-135.,1.51));
#366 = DIRECTION('',(0.,0.,1.));
#367 = DIRECTION('',(1.,0.,-0.));
#368 = CYLINDRICAL_SURFACE('',#369,3.25442);
#369 = AXIS2_PLACEMENT_3D('',#370,#371,#372);
#370 = CARTESIAN_POINT('',(138.800001,-135.,1.51));
#371 = DIRECTION('',(-0.,-0.,-1.));
#372 = DIRECTION('',(1.,0.,-0.));
#373 = ADVANCED_FACE('',(#374),#401,.F.);
#374 = FACE_BOUND('',#375,.T.);
#375 = EDGE_LOOP('',(#376,#386,#393,#394));
#376 = ORIENTED_EDGE('',*,*,#377,.T.);
#377 = EDGE_CURVE('',#378,#380,#382,.T.);
#378 = VERTEX_POINT('',#379);
#379 = CARTESIAN_POINT('',(126.002253,-129.,1.51));
#380 = VERTEX_POINT('',#381);
#381 = CARTESIAN_POINT('',(126.002253,-129.,1.545));
#382 = LINE('',#383,#384);
#383 = CARTESIAN_POINT('',(126.002253,-129.,1.51));
#384 = VECTOR('',#385,1.);
#385 = DIRECTION('',(0.,0.,1.));
#386 = ORIENTED_EDGE('',*,*,#387,.T.);
#387 = EDGE_CURVE('',#380,#380,#388,.T.);
#388 = CIRCLE('',#389,3.755023);
#389 = AXIS2_PLACEMENT_3D('',#390,#391,#392);
#390 = CARTESIAN_POINT('',(122.24723,-129.,1.545));
#391 = DIRECTION('',(0.,0.,1.));
#392 = DIRECTION('',(1.,0.,-0.));
#393 = ORIENTED_EDGE('',*,*,#377,.F.);
#394 = ORIENTED_EDGE('',*,*,#395,.F.);
#395 = EDGE_CURVE('',#378,#378,#396,.T.);
#396 = CIRCLE('',#397,3.755023);
#397 = AXIS2_PLACEMENT_3D('',#398,#399,#400);
#398 = CARTESIAN_POINT('',(122.24723,-129.,1.51));
#399 = DIRECTION('',(0.,0.,1.));
#400 = DIRECTION('',(1.,0.,-0.));
#401 = CYLINDRICAL_SURFACE('',#402,3.755023);
#402 = AXIS2_PLACEMENT_3D('',#403,#404,#405);
#403 = CARTESIAN_POINT('',(122.24723,-129.,1.51));
#404 = DIRECTION('',(-0.,-0.,-1.));
#405 = DIRECTION('',(1.,0.,-0.));
#406 = ADVANCED_FACE('',(#407),#434,.F.);
#407 = FACE_BOUND('',#408,.T.);
#408 = EDGE_LOOP('',(#409,#419,#426,#427));
#409 = ORIENTED_EDGE('',*,*,#410,.T.);
#410 = EDGE_CURVE('',#411,#413,#415,.T.);
#411 = VERTEX_POINT('',#412);
#412 = CARTESIAN_POINT('',(142.054421,-123.,1.51));
#413 = VERTEX_POINT('',#414);
#414 = CARTESIAN_POINT('',(142.054421,-123.,1.545));
#415 = LINE('',#416,#417);
#416 = CARTESIAN_POINT('',(142.054421,-123.,1.51));
#417 = VECTOR('',#418,1.);
#418 = DIRECTION('',(0.,0.,1.));
#419 = ORIENTED_EDGE('',*,*,#420,.T.);
#420 = EDGE_CURVE('',#413,#413,#421,.T.);
#421 = CIRCLE('',#422,3.25442);
#422 = AXIS2_PLACEMENT_3D('',#423,#424,#425);
#423 = CARTESIAN_POINT('',(138.800001,-123.,1.545));
#424 = DIRECTION('',(0.,0.,1.));
#425 = DIRECTION('',(1.,0.,-0.));
#426 = ORIENTED_EDGE('',*,*,#410,.F.);
#427 = ORIENTED_EDGE('',*,*,#428,.F.);
#428 = EDGE_CURVE('',#411,#411,#429,.T.);
#429 = CIRCLE('',#430,3.25442);
#430 = AXIS2_PLACEMENT_3D('',#431,#432,#433);
#431 = CARTESIAN_POINT('',(138.800001,-123.,1.51));
#432 = DIRECTION('',(0.,0.,1.));
#433 = DIRECTION('',(1.,0.,-0.));
#434 = CYLINDRICAL_SURFACE('',#435,3.25442);
#435 = AXIS2_PLACEMENT_3D('',#436,#437,#438);
#436 = CARTESIAN_POINT('',(138.800001,-123.,1.51));
#437 = DIRECTION('',(-0.,-0.,-1.));
#438 = DIRECTION('',(1.,0.,-0.));
#439 = ADVANCED_FACE('',(#440),#467,.F.);
#440 = FACE_BOUND('',#441,.T.);
#441 = EDGE_LOOP('',(#442,#452,#459,#460));
#442 = ORIENTED_EDGE('',*,*,#443,.T.);
#443 = EDGE_CURVE('',#444,#446,#448,.T.);
#444 = VERTEX_POINT('',#445);
#445 = CARTESIAN_POINT('',(142.054421,-109.,1.51));
#446 = VERTEX_POINT('',#447);
#447 = CARTESIAN_POINT('',(142.054421,-109.,1.545));
#448 = LINE('',#449,#450);
#449 = CARTESIAN_POINT('',(142.054421,-109.,1.51));
#450 = VECTOR('',#451,1.);
#451 = DIRECTION('',(0.,0.,1.));
#452 = ORIENTED_EDGE('',*,*,#453,.T.);
#453 = EDGE_CURVE('',#446,#446,#454,.T.);
#454 = CIRCLE('',#455,3.25442);
#455 = AXIS2_PLACEMENT_3D('',#456,#457,#458);
#456 = CARTESIAN_POINT('',(138.800001,-109.,1.545));
#457 = DIRECTION('',(0.,0.,1.));
#458 = DIRECTION('',(1.,0.,-0.));
#459 = ORIENTED_EDGE('',*,*,#443,.F.);
#460 = ORIENTED_EDGE('',*,*,#461,.F.);
#461 = EDGE_CURVE('',#444,#444,#462,.T.);
#462 = CIRCLE('',#463,3.25442);
#463 = AXIS2_PLACEMENT_3D('',#464,#465,#466);
#464 = CARTESIAN_POINT('',(138.800001,-109.,1.51));
#465 = DIRECTION('',(0.,0.,1.));
#466 = DIRECTION('',(1.,0.,-0.));
#467 = CYLINDRICAL_SURFACE('',#468,3.25442);
#468 = AXIS2_PLACEMENT_3D('',#469,#470,#471);
#469 = CARTESIAN_POINT('',(138.800001,-109.,1.51));
#470 = DIRECTION('',(-0.,-0.,-1.));
#471 = DIRECTION('',(1.,0.,-0.));
#472 = ADVANCED_FACE('',(#473),#500,.F.);
#473 = FACE_BOUND('',#474,.T.);
#474 = EDGE_LOOP('',(#475,#485,#492,#493));
#475 = ORIENTED_EDGE('',*,*,#476,.T.);
#476 = EDGE_CURVE('',#477,#479,#481,.T.);
#477 = VERTEX_POINT('',#478);
#478 = CARTESIAN_POINT('',(126.002253,-103.,1.51));
#479 = VERTEX_POINT('',#480);
#480 = CARTESIAN_POINT('',(126.002253,-103.,1.545));
#481 = LINE('',#482,#483);
#482 = CARTESIAN_POINT('',(126.002253,-103.,1.51));
#483 = VECTOR('',#484,1.);
#484 = DIRECTION('',(0.,0.,1.));
#485 = ORIENTED_EDGE('',*,*,#486,.T.);
#486 = EDGE_CURVE('',#479,#479,#487,.T.);
#487 = CIRCLE('',#488,3.755023);
#488 = AXIS2_PLACEMENT_3D('',#489,#490,#491);
#489 = CARTESIAN_POINT('',(122.24723,-103.,1.545));
#490 = DIRECTION('',(0.,0.,1.));
#491 = DIRECTION('',(1.,0.,-0.));
#492 = ORIENTED_EDGE('',*,*,#476,.F.);
#493 = ORIENTED_EDGE('',*,*,#494,.F.);
#494 = EDGE_CURVE('',#477,#477,#495,.T.);
#495 = CIRCLE('',#496,3.755023);
#496 = AXIS2_PLACEMENT_3D('',#497,#498,#499);
#497 = CARTESIAN_POINT('',(122.24723,-103.,1.51));
#498 = DIRECTION('',(0.,0.,1.));
#499 = DIRECTION('',(1.,0.,-0.));
#500 = CYLINDRICAL_SURFACE('',#501,3.755023);
#501 = AXIS2_PLACEMENT_3D('',#502,#503,#504);
#502 = CARTESIAN_POINT('',(122.24723,-103.,1.51));
#503 = DIRECTION('',(-0.,-0.,-1.));
#504 = DIRECTION('',(1.,0.,-0.));
#505 = ADVANCED_FACE('',(#506),#533,.F.);
#506 = FACE_BOUND('',#507,.T.);
#507 = EDGE_LOOP('',(#508,#518,#525,#526));
#508 = ORIENTED_EDGE('',*,*,#509,.T.);
#509 = EDGE_CURVE('',#510,#512,#514,.T.);
#510 = VERTEX_POINT('',#511);
#511 = CARTESIAN_POINT('',(142.054421,-97.,1.51));
#512 = VERTEX_POINT('',#513);
#513 = CARTESIAN_POINT('',(142.054421,-97.,1.545));
#514 = LINE('',#515,#516);
#515 = CARTESIAN_POINT('',(142.054421,-97.,1.51));
#516 = VECTOR('',#517,1.);
#517 = DIRECTION('',(0.,0.,1.));
#518 = ORIENTED_EDGE('',*,*,#519,.T.);
#519 = EDGE_CURVE('',#512,#512,#520,.T.);
#520 = CIRCLE('',#521,3.25442);
#521 = AXIS2_PLACEMENT_3D('',#522,#523,#524);
#522 = CARTESIAN_POINT('',(138.800001,-97.,1.545));
#523 = DIRECTION('',(0.,0.,1.));
#524 = DIRECTION('',(1.,0.,-0.));
#525 = ORIENTED_EDGE('',*,*,#509,.F.);
#526 = ORIENTED_EDGE('',*,*,#527,.F.);
#527 = EDGE_CURVE('',#510,#510,#528,.T.);
#528 = CIRCLE('',#529,3.25442);
#529 = AXIS2_PLACEMENT_3D('',#530,#531,#532);
#530 = CARTESIAN_POINT('',(138.800001,-97.,1.51));
#531 = DIRECTION('',(0.,0.,1.));
#532 = DIRECTION('',(1.,0.,-0.));
#533 = CYLINDRICAL_SURFACE('',#534,3.25442);
#534 = AXIS2_PLACEMENT_3D('',#535,#536,#537);
#535 = CARTESIAN_POINT('',(138.800001,-97.,1.51));
#536 = DIRECTION('',(-0.,-0.,-1.));
#537 = DIRECTION('',(1.,0.,-0.));
#538 = ADVANCED_FACE('',(#539),#566,.F.);
#539 = FACE_BOUND('',#540,.T.);
#540 = EDGE_LOOP('',(#541,#551,#558,#559));
#541 = ORIENTED_EDGE('',*,*,#542,.T.);
#542 = EDGE_CURVE('',#543,#545,#547,.T.);
#543 = VERTEX_POINT('',#544);
#544 = CARTESIAN_POINT('',(142.054421,-83.,1.51));
#545 = VERTEX_POINT('',#546);
#546 = CARTESIAN_POINT('',(142.054421,-83.,1.545));
#547 = LINE('',#548,#549);
#548 = CARTESIAN_POINT('',(142.054421,-83.,1.51));
#549 = VECTOR('',#550,1.);
#550 = DIRECTION('',(0.,0.,1.));
#551 = ORIENTED_EDGE('',*,*,#552,.T.);
#552 = EDGE_CURVE('',#545,#545,#553,.T.);
#553 = CIRCLE('',#554,3.25442);
#554 = AXIS2_PLACEMENT_3D('',#555,#556,#557);
#555 = CARTESIAN_POINT('',(138.800001,-83.,1.545));
#556 = DIRECTION('',(0.,0.,1.));
#557 = DIRECTION('',(1.,0.,-0.));
#558 = ORIENTED_EDGE('',*,*,#542,.F.);
#559 = ORIENTED_EDGE('',*,*,#560,.F.);
#560 = EDGE_CURVE('',#543,#543,#561,.T.);
#561 = CIRCLE('',#562,3.25442);
#562 = AXIS2_PLACEMENT_3D('',#563,#564,#565);
#563 = CARTESIAN_POINT('',(138.800001,-83.,1.51));
#564 = DIRECTION('',(0.,0.,1.));
#565 = DIRECTION('',(1.,0.,-0.));
#566 = CYLINDRICAL_SURFACE('',#567,3.25442);
#567 = AXIS2_PLACEMENT_3D('',#568,#569,#570);
#568 = CARTESIAN_POINT('',(138.800001,-83.,1.51));
#569 = DIRECTION('',(-0.,-0.,-1.));
#570 = DIRECTION('',(1.,0.,-0.));
#571 = ADVANCED_FACE('',(#572),#599,.F.);
#572 = FACE_BOUND('',#573,.T.);
#573 = EDGE_LOOP('',(#574,#584,#591,#592));
#574 = ORIENTED_EDGE('',*,*,#575,.T.);
#575 = EDGE_CURVE('',#576,#578,#580,.T.);
#576 = VERTEX_POINT('',#577);
#577 = CARTESIAN_POINT('',(126.002253,-77.,1.51));
#578 = VERTEX_POINT('',#579);
#579 = CARTESIAN_POINT('',(126.002253,-77.,1.545));
#580 = LINE('',#581,#582);
#581 = CARTESIAN_POINT('',(126.002253,-77.,1.51));
#582 = VECTOR('',#583,1.);
#583 = DIRECTION('',(0.,0.,1.));
#584 = ORIENTED_EDGE('',*,*,#585,.T.);
#585 = EDGE_CURVE('',#578,#578,#586,.T.);
#586 = CIRCLE('',#587,3.755023);
#587 = AXIS2_PLACEMENT_3D('',#588,#589,#590);
#588 = CARTESIAN_POINT('',(122.24723,-77.,1.545));
#589 = DIRECTION('',(0.,0.,1.));
#590 = DIRECTION('',(1.,0.,-0.));
#591 = ORIENTED_EDGE('',*,*,#575,.F.);
#592 = ORIENTED_EDGE('',*,*,#593,.F.);
#593 = EDGE_CURVE('',#576,#576,#594,.T.);
#594 = CIRCLE('',#595,3.755023);
#595 = AXIS2_PLACEMENT_3D('',#596,#597,#598);
#596 = CARTESIAN_POINT('',(122.24723,-77.,1.51));
#597 = DIRECTION('',(0.,0.,1.));
#598 = DIRECTION('',(1.,0.,-0.));
#599 = CYLINDRICAL_SURFACE('',#600,3.755023);
#600 = AXIS2_PLACEMENT_3D('',#601,#602,#603);
#601 = CARTESIAN_POINT('',(122.24723,-77.,1.51));
#602 = DIRECTION('',(-0.,-0.,-1.));
#603 = DIRECTION('',(1.,0.,-0.));
#604 = ADVANCED_FACE('',(#605),#632,.F.);
#605 = FACE_BOUND('',#606,.T.);
#606 = EDGE_LOOP('',(#607,#617,#624,#625));
#607 = ORIENTED_EDGE('',*,*,#608,.T.);
#608 = EDGE_CURVE('',#609,#611,#613,.T.);
#609 = VERTEX_POINT('',#610);
#610 = CARTESIAN_POINT('',(142.054421,-71.,1.51));
#611 = VERTEX_POINT('',#612);
#612 = CARTESIAN_POINT('',(142.054421,-71.,1.545));
#613 = LINE('',#614,#615);
#614 = CARTESIAN_POINT('',(142.054421,-71.,1.51));
#615 = VECTOR('',#616,1.);
#616 = DIRECTION('',(0.,0.,1.));
#617 = ORIENTED_EDGE('',*,*,#618,.T.);
#618 = EDGE_CURVE('',#611,#611,#619,.T.);
#619 = CIRCLE('',#620,3.25442);
#620 = AXIS2_PLACEMENT_3D('',#621,#622,#623);
#621 = CARTESIAN_POINT('',(138.800001,-71.,1.545));
#622 = DIRECTION('',(0.,0.,1.));
#623 = DIRECTION('',(1.,0.,-0.));
#624 = ORIENTED_EDGE('',*,*,#608,.F.);
#625 = ORIENTED_EDGE('',*,*,#626,.F.);
#626 = EDGE_CURVE('',#609,#609,#627,.T.);
#627 = CIRCLE('',#628,3.25442);
#628 = AXIS2_PLACEMENT_3D('',#629,#630,#631);
#629 = CARTESIAN_POINT('',(138.800001,-71.,1.51));
#630 = DIRECTION('',(0.,0.,1.));
#631 = DIRECTION('',(1.,0.,-0.));
#632 = CYLINDRICAL_SURFACE('',#633,3.25442);
#633 = AXIS2_PLACEMENT_3D('',#634,#635,#636);
#634 = CARTESIAN_POINT('',(138.800001,-71.,1.51));
#635 = DIRECTION('',(-0.,-0.,-1.));
#636 = DIRECTION('',(1.,0.,-0.));
#637 = ADVANCED_FACE('',(#638),#665,.F.);
#638 = FACE_BOUND('',#639,.T.);
#639 = EDGE_LOOP('',(#640,#650,#657,#658));
#640 = ORIENTED_EDGE('',*,*,#641,.T.);
#641 = EDGE_CURVE('',#642,#644,#646,.T.);
#642 = VERTEX_POINT('',#643);
#643 = CARTESIAN_POINT('',(142.054421,-57.,1.51));
#644 = VERTEX_POINT('',#645);
#645 = CARTESIAN_POINT('',(142.054421,-57.,1.545));
#646 = LINE('',#647,#648);
#647 = CARTESIAN_POINT('',(142.054421,-57.,1.51));
#648 = VECTOR('',#649,1.);
#649 = DIRECTION('',(0.,0.,1.));
#650 = ORIENTED_EDGE('',*,*,#651,.T.);
#651 = EDGE_CURVE('',#644,#644,#652,.T.);
#652 = CIRCLE('',#653,3.25442);
#653 = AXIS2_PLACEMENT_3D('',#654,#655,#656);
#654 = CARTESIAN_POINT('',(138.800001,-57.,1.545));
#655 = DIRECTION('',(0.,0.,1.));
#656 = DIRECTION('',(1.,0.,-0.));
#657 = ORIENTED_EDGE('',*,*,#641,.F.);
#658 = ORIENTED_EDGE('',*,*,#659,.F.);
#659 = EDGE_CURVE('',#642,#642,#660,.T.);
#660 = CIRCLE('',#661,3.25442);
#661 = AXIS2_PLACEMENT_3D('',#662,#663,#664);
#662 = CARTESIAN_POINT('',(138.800001,-57.,1.51));
#663 = DIRECTION('',(0.,0.,1.));
#664 = DIRECTION('',(1.,0.,-0.));
#665 = CYLINDRICAL_SURFACE('',#666,3.25442);
#666 = AXIS2_PLACEMENT_3D('',#667,#668,#669);
#667 = CARTESIAN_POINT('',(138.800001,-57.,1.51));
#668 = DIRECTION('',(-0.,-0.,-1.));
#669 = DIRECTION('',(1.,0.,-0.));
#670 = ADVANCED_FACE('',(#671),#698,.F.);
#671 = FACE_BOUND('',#672,.T.);
#672 = EDGE_LOOP('',(#673,#683,#690,#691));
#673 = ORIENTED_EDGE('',*,*,#674,.T.);
#674 = EDGE_CURVE('',#675,#677,#679,.T.);
#675 = VERTEX_POINT('',#676);
#676 = CARTESIAN_POINT('',(126.003637,-51.,1.51));
#677 = VERTEX_POINT('',#678);
#678 = CARTESIAN_POINT('',(126.003637,-51.,1.545));
#679 = LINE('',#680,#681);
#680 = CARTESIAN_POINT('',(126.003637,-51.,1.51));
#681 = VECTOR('',#682,1.);
#682 = DIRECTION('',(0.,0.,1.));
#683 = ORIENTED_EDGE('',*,*,#684,.T.);
#684 = EDGE_CURVE('',#677,#677,#685,.T.);
#685 = CIRCLE('',#686,3.755023);
#686 = AXIS2_PLACEMENT_3D('',#687,#688,#689);
#687 = CARTESIAN_POINT('',(122.248614,-51.,1.545));
#688 = DIRECTION('',(0.,0.,1.));
#689 = DIRECTION('',(1.,0.,-0.));
#690 = ORIENTED_EDGE('',*,*,#674,.F.);
#691 = ORIENTED_EDGE('',*,*,#692,.F.);
#692 = EDGE_CURVE('',#675,#675,#693,.T.);
#693 = CIRCLE('',#694,3.755023);
#694 = AXIS2_PLACEMENT_3D('',#695,#696,#697);
#695 = CARTESIAN_POINT('',(122.248614,-51.,1.51));
#696 = DIRECTION('',(0.,0.,1.));
#697 = DIRECTION('',(1.,0.,-0.));
#698 = CYLINDRICAL_SURFACE('',#699,3.755023);
#699 = AXIS2_PLACEMENT_3D('',#700,#701,#702);
#700 = CARTESIAN_POINT('',(122.248614,-51.,1.51));
#701 = DIRECTION('',(-0.,-0.,-1.));
#702 = DIRECTION('',(1.,0.,-0.));
#703 = ADVANCED_FACE('',(#704),#731,.F.);
#704 = FACE_BOUND('',#705,.T.);
#705 = EDGE_LOOP('',(#706,#716,#723,#724));
#706 = ORIENTED_EDGE('',*,*,#707,.T.);
#707 = EDGE_CURVE('',#708,#710,#712,.T.);
#708 = VERTEX_POINT('',#709);
#709 = CARTESIAN_POINT('',(142.053037,-45.,1.51));
#710 = VERTEX_POINT('',#711);
#711 = CARTESIAN_POINT('',(142.053037,-45.,1.545));
#712 = LINE('',#713,#714);
#713 = CARTESIAN_POINT('',(142.053037,-45.,1.51));
#714 = VECTOR('',#715,1.);
#715 = DIRECTION('',(0.,0.,1.));
#716 = ORIENTED_EDGE('',*,*,#717,.T.);
#717 = EDGE_CURVE('',#710,#710,#718,.T.);
#718 = CIRCLE('',#719,3.25442);
#719 = AXIS2_PLACEMENT_3D('',#720,#721,#722);
#720 = CARTESIAN_POINT('',(138.798617,-45.,1.545));
#721 = DIRECTION('',(0.,0.,1.));
#722 = DIRECTION('',(1.,0.,-0.));
#723 = ORIENTED_EDGE('',*,*,#707,.F.);
#724 = ORIENTED_EDGE('',*,*,#725,.F.);
#725 = EDGE_CURVE('',#708,#708,#726,.T.);
#726 = CIRCLE('',#727,3.25442);
#727 = AXIS2_PLACEMENT_3D('',#728,#729,#730);
#728 = CARTESIAN_POINT('',(138.798617,-45.,1.51));
#729 = DIRECTION('',(0.,0.,1.));
#730 = DIRECTION('',(1.,0.,-0.));
#731 = CYLINDRICAL_SURFACE('',#732,3.25442);
#732 = AXIS2_PLACEMENT_3D('',#733,#734,#735);
#733 = CARTESIAN_POINT('',(138.798617,-45.,1.51));
#734 = DIRECTION('',(-0.,-0.,-1.));
#735 = DIRECTION('',(1.,0.,-0.));
#736 = ADVANCED_FACE('',(#737),#764,.F.);
#737 = FACE_BOUND('',#738,.T.);
#738 = EDGE_LOOP('',(#739,#749,#756,#757));
#739 = ORIENTED_EDGE('',*,*,#740,.T.);
#740 = EDGE_CURVE('',#741,#743,#745,.T.);
#741 = VERTEX_POINT('',#742);
#742 = CARTESIAN_POINT('',(124.354468,-28.749999,1.51));
#743 = VERTEX_POINT('',#744);
#744 = CARTESIAN_POINT('',(124.354468,-28.749999,1.545));
#745 = LINE('',#746,#747);
#746 = CARTESIAN_POINT('',(124.354468,-28.749999,1.51));
#747 = VECTOR('',#748,1.);
#748 = DIRECTION('',(0.,0.,1.));
#749 = ORIENTED_EDGE('',*,*,#750,.T.);
#750 = EDGE_CURVE('',#743,#743,#751,.T.);
#751 = CIRCLE('',#752,1.854471);
#752 = AXIS2_PLACEMENT_3D('',#753,#754,#755);
#753 = CARTESIAN_POINT('',(122.499997,-28.749999,1.545));
#754 = DIRECTION('',(0.,0.,1.));
#755 = DIRECTION('',(1.,0.,-0.));
#756 = ORIENTED_EDGE('',*,*,#740,.F.);
#757 = ORIENTED_EDGE('',*,*,#758,.F.);
#758 = EDGE_CURVE('',#741,#741,#759,.T.);
#759 = CIRCLE('',#760,1.854471);
#760 = AXIS2_PLACEMENT_3D('',#761,#762,#763);
#761 = CARTESIAN_POINT('',(122.499997,-28.749999,1.51));
#762 = DIRECTION('',(0.,0.,1.));
#763 = DIRECTION('',(1.,0.,-0.));
#764 = CYLINDRICAL_SURFACE('',#765,1.854471);
#765 = AXIS2_PLACEMENT_3D('',#766,#767,#768);
#766 = CARTESIAN_POINT('',(122.499997,-28.749999,1.51));
#767 = DIRECTION('',(-0.,-0.,-1.));
#768 = DIRECTION('',(1.,0.,-0.));
#769 = ADVANCED_FACE('',(#770,#780,#783,#786,#789,#792,#795,#798,#801,
    #804,#807,#810,#813,#816,#819),#822,.F.);
#770 = FACE_BOUND('',#771,.T.);
#771 = EDGE_LOOP('',(#772,#773,#774,#775,#776,#777,#778,#779));
#772 = ORIENTED_EDGE('',*,*,#82,.T.);
#773 = ORIENTED_EDGE('',*,*,#114,.T.);
#774 = ORIENTED_EDGE('',*,*,#146,.T.);
#775 = ORIENTED_EDGE('',*,*,#178,.T.);
#776 = ORIENTED_EDGE('',*,*,#210,.T.);
#777 = ORIENTED_EDGE('',*,*,#242,.T.);
#778 = ORIENTED_EDGE('',*,*,#274,.T.);
#779 = ORIENTED_EDGE('',*,*,#297,.T.);
#780 = FACE_BOUND('',#781,.T.);
#781 = EDGE_LOOP('',(#782));
#782 = ORIENTED_EDGE('',*,*,#329,.T.);
#783 = FACE_BOUND('',#784,.T.);
#784 = EDGE_LOOP('',(#785));
#785 = ORIENTED_EDGE('',*,*,#362,.T.);
#786 = FACE_BOUND('',#787,.T.);
#787 = EDGE_LOOP('',(#788));
#788 = ORIENTED_EDGE('',*,*,#395,.T.);
#789 = FACE_BOUND('',#790,.T.);
#790 = EDGE_LOOP('',(#791));
#791 = ORIENTED_EDGE('',*,*,#428,.T.);
#792 = FACE_BOUND('',#793,.T.);
#793 = EDGE_LOOP('',(#794));
#794 = ORIENTED_EDGE('',*,*,#461,.T.);
#795 = FACE_BOUND('',#796,.T.);
#796 = EDGE_LOOP('',(#797));
#797 = ORIENTED_EDGE('',*,*,#494,.T.);
#798 = FACE_BOUND('',#799,.T.);
#799 = EDGE_LOOP('',(#800));
#800 = ORIENTED_EDGE('',*,*,#527,.T.);
#801 = FACE_BOUND('',#802,.T.);
#802 = EDGE_LOOP('',(#803));
#803 = ORIENTED_EDGE('',*,*,#560,.T.);
#804 = FACE_BOUND('',#805,.T.);
#805 = EDGE_LOOP('',(#806));
#806 = ORIENTED_EDGE('',*,*,#593,.T.);
#807 = FACE_BOUND('',#808,.T.);
#808 = EDGE_LOOP('',(#809));
#809 = ORIENTED_EDGE('',*,*,#626,.T.);
#810 = FACE_BOUND('',#811,.T.);
#811 = EDGE_LOOP('',(#812));
#812 = ORIENTED_EDGE('',*,*,#659,.T.);
#813 = FACE_BOUND('',#814,.T.);
#814 = EDGE_LOOP('',(#815));
#815 = ORIENTED_EDGE('',*,*,#692,.T.);
#816 = FACE_BOUND('',#817,.T.);
#817 = EDGE_LOOP('',(#818));
#818 = ORIENTED_EDGE('',*,*,#725,.T.);
#819 = FACE_BOUND('',#820,.T.);
#820 = EDGE_LOOP('',(#821));
#821 = ORIENTED_EDGE('',*,*,#758,.T.);
#822 = PLANE('',#823);
#823 = AXIS2_PLACEMENT_3D('',#824,#825,#826);
#824 = CARTESIAN_POINT('',(0.,0.,1.51));
#825 = DIRECTION('',(0.,0.,1.));
#826 = DIRECTION('',(1.,0.,-0.));
#827 = ADVANCED_FACE('',(#828,#838,#841,#844,#847,#850,#853,#856,#859,
    #862,#865,#868,#871,#874,#877),#880,.T.);
#828 = FACE_BOUND('',#829,.F.);
#829 = EDGE_LOOP('',(#830,#831,#832,#833,#834,#835,#836,#837));
#830 = ORIENTED_EDGE('',*,*,#65,.T.);
#831 = ORIENTED_EDGE('',*,*,#98,.T.);
#832 = ORIENTED_EDGE('',*,*,#129,.T.);
#833 = ORIENTED_EDGE('',*,*,#162,.T.);
#834 = ORIENTED_EDGE('',*,*,#193,.T.);
#835 = ORIENTED_EDGE('',*,*,#226,.T.);
#836 = ORIENTED_EDGE('',*,*,#257,.T.);
#837 = ORIENTED_EDGE('',*,*,#290,.T.);
#838 = FACE_BOUND('',#839,.F.);
#839 = EDGE_LOOP('',(#840));
#840 = ORIENTED_EDGE('',*,*,#321,.T.);
#841 = FACE_BOUND('',#842,.F.);
#842 = EDGE_LOOP('',(#843));
#843 = ORIENTED_EDGE('',*,*,#354,.T.);
#844 = FACE_BOUND('',#845,.F.);
#845 = EDGE_LOOP('',(#846));
#846 = ORIENTED_EDGE('',*,*,#387,.T.);
#847 = FACE_BOUND('',#848,.F.);
#848 = EDGE_LOOP('',(#849));
#849 = ORIENTED_EDGE('',*,*,#420,.T.);
#850 = FACE_BOUND('',#851,.F.);
#851 = EDGE_LOOP('',(#852));
#852 = ORIENTED_EDGE('',*,*,#453,.T.);
#853 = FACE_BOUND('',#854,.F.);
#854 = EDGE_LOOP('',(#855));
#855 = ORIENTED_EDGE('',*,*,#486,.T.);
#856 = FACE_BOUND('',#857,.F.);
#857 = EDGE_LOOP('',(#858));
#858 = ORIENTED_EDGE('',*,*,#519,.T.);
#859 = FACE_BOUND('',#860,.F.);
#860 = EDGE_LOOP('',(#861));
#861 = ORIENTED_EDGE('',*,*,#552,.T.);
#862 = FACE_BOUND('',#863,.F.);
#863 = EDGE_LOOP('',(#864));
#864 = ORIENTED_EDGE('',*,*,#585,.T.);
#865 = FACE_BOUND('',#866,.F.);
#866 = EDGE_LOOP('',(#867));
#867 = ORIENTED_EDGE('',*,*,#618,.T.);
#868 = FACE_BOUND('',#869,.F.);
#869 = EDGE_LOOP('',(#870));
#870 = ORIENTED_EDGE('',*,*,#651,.T.);
#871 = FACE_BOUND('',#872,.F.);
#872 = EDGE_LOOP('',(#873));
#873 = ORIENTED_EDGE('',*,*,#684,.T.);
#874 = FACE_BOUND('',#875,.F.);
#875 = EDGE_LOOP('',(#876));
#876 = ORIENTED_EDGE('',*,*,#717,.T.);
#877 = FACE_BOUND('',#878,.F.);
#878 = EDGE_LOOP('',(#879));
#879 = ORIENTED_EDGE('',*,*,#750,.T.);
#880 = PLANE('',#881);
#881 = AXIS2_PLACEMENT_3D('',#882,#883,#884);
#882 = CARTESIAN_POINT('',(0.,0.,1.545));
#883 = DIRECTION('',(0.,0.,1.));
#884 = DIRECTION('',(1.,0.,-0.));
#885 = ( GEOMETRIC_REPRESENTATION_CONTEXT(3) 
GLOBAL_UNCERTAINTY_ASSIGNED_CONTEXT((#889)) GLOBAL_UNIT_ASSIGNED_CONTEXT
((#886,#887,#888)) REPRESENTATION_CONTEXT('Context #1',
  '3D Context with UNIT and UNCERTAINTY') );
#886 = ( LENGTH_UNIT() NAMED_UNIT(*) SI_UNIT(.MILLI.,.METRE.) );
#887 = ( NAMED_UNIT(*) PLANE_ANGLE_UNIT() SI_UNIT($,.RADIAN.) );
#888 = ( NAMED_UNIT(*) SI_UNIT($,.STERADIAN.) SOLID_ANGLE_UNIT() );
#889 = UNCERTAINTY_MEASURE_WITH_UNIT(LENGTH_MEASURE(1.E-07),#886,
  'distance_accuracy_value','confusion accuracy');
#890 = CONTEXT_DEPENDENT_SHAPE_REPRESENTATION(#891,#893);
#891 = ( REPRESENTATION_RELATIONSHIP('','',#48,#10) 
REPRESENTATION_RELATIONSHIP_WITH_TRANSFORMATION(#892) 
SHAPE_REPRESENTATION_RELATIONSHIP() );
#892 = ITEM_DEFINED_TRANSFORMATION('','',#11,#15);
#893 = PRODUCT_DEFINITION_SHAPE('Placement','Placement of an item',#894
  );
#894 = NEXT_ASSEMBLY_USAGE_OCCURRENCE('1','=>[0:1:1:2]','',#5,#43,$);
#895 = PRODUCT_RELATED_PRODUCT_CATEGORY('part',$,(#45));
#896 = SHAPE_DEFINITION_REPRESENTATION(#897,#903);
#897 = PRODUCT_DEFINITION_SHAPE('','',#898);
#898 = PRODUCT_DEFINITION('design','',#899,#902);
#899 = PRODUCT_DEFINITION_FORMATION('','',#900);
#900 = PRODUCT('AttenuverterFaceplate-unsaved-export-2P21R3_silkscreen',
  'AttenuverterFaceplate-unsaved-export-2P21R3_silkscreen','',(#901));
#901 = PRODUCT_CONTEXT('',#2,'mechanical');
#902 = PRODUCT_DEFINITION_CONTEXT('part definition',#2,'design');
#903 = SHAPE_REPRESENTATION('',(#11,#904,#1870,#2312,#2354,#2532,#2750,
    #3244,#3470,#3801,#4260,#4366,#4592,#4634,#4676,#4878,#5073,#5115,
    #5189,#5231,#5481,#5984,#6230,#6297,#6348,#6415,#6466,#6533,#6584,
    #6651,#6702,#6760,#6803,#6870,#6921,#6988,#7039,#7106,#7157,#7224,
    #7267,#7326,#7385,#7468,#7714,#7781,#7832,#7899,#7950,#8017,#8068,
    #8135,#8186,#8244,#8287,#8354,#8405,#8472,#8523,#8590,#8641,#8708,
    #8751,#8810,#8869,#8952,#9198,#9265,#9316,#9383,#9434,#9501,#9552,
    #9619,#9670,#9728,#9771,#9838,#9889,#9956,#10007,#10074,#10125,
    #10192,#10235,#10294,#10353,#10436,#10698,#10749,#10800,#10843,
    #10886,#10937,#10988,#11039,#11098,#11140,#11183,#11234,#11285,
    #11336,#11387,#11430,#11473,#11524,#11575,#11634,#11701,#11784,
    #12022,#12177,#12332,#12635,#12806,#13010,#13076,#13379,#13502,
    #13657,#13960),#14083);
#904 = SHELL_BASED_SURFACE_MODEL('',(#905));
#905 = OPEN_SHELL('',(#906));
#906 = ADVANCED_FACE('',(#907,#1660,#1766),#1865,.T.);
#907 = FACE_BOUND('',#908,.F.);
#908 = EDGE_LOOP('',(#909,#919,#927,#935,#943,#951,#959,#967,#975,#983,
    #991,#999,#1007,#1015,#1023,#1031,#1039,#1047,#1055,#1063,#1071,
    #1079,#1087,#1096,#1104,#1112,#1120,#1129,#1137,#1145,#1153,#1161,
    #1169,#1177,#1185,#1193,#1202,#1210,#1219,#1227,#1235,#1243,#1251,
    #1259,#1267,#1275,#1283,#1291,#1299,#1307,#1316,#1324,#1332,#1340,
    #1348,#1356,#1364,#1372,#1380,#1388,#1396,#1404,#1412,#1420,#1428,
    #1436,#1444,#1453,#1461,#1469,#1477,#1485,#1493,#1501,#1509,#1517,
    #1525,#1533,#1541,#1549,#1557,#1565,#1573,#1581,#1589,#1597,#1605,
    #1614,#1622,#1630,#1638,#1646,#1654));
#909 = ORIENTED_EDGE('',*,*,#910,.T.);
#910 = EDGE_CURVE('',#911,#913,#915,.T.);
#911 = VERTEX_POINT('',#912);
#912 = CARTESIAN_POINT('',(127.830756,-150.032626,1.585));
#913 = VERTEX_POINT('',#914);
#914 = CARTESIAN_POINT('',(127.974199,-149.960727,1.585));
#915 = LINE('',#916,#917);
#916 = CARTESIAN_POINT('',(127.830756,-150.032626,1.585));
#917 = VECTOR('',#918,1.);
#918 = DIRECTION('',(0.893984257671,0.44809836759,0.));
#919 = ORIENTED_EDGE('',*,*,#920,.T.);
#920 = EDGE_CURVE('',#913,#921,#923,.T.);
#921 = VERTEX_POINT('',#922);
#922 = CARTESIAN_POINT('',(128.06729,-149.946987,1.585));
#923 = LINE('',#924,#925);
#924 = CARTESIAN_POINT('',(127.974199,-149.960727,1.585));
#925 = VECTOR('',#926,1.);
#926 = DIRECTION('',(0.989282286959,0.146015604331,0.));
#927 = ORIENTED_EDGE('',*,*,#928,.T.);
#928 = EDGE_CURVE('',#921,#929,#931,.T.);
#929 = VERTEX_POINT('',#930);
#930 = CARTESIAN_POINT('',(128.141043,-149.954309,1.585));
#931 = LINE('',#932,#933);
#932 = CARTESIAN_POINT('',(128.06729,-149.946987,1.585));
#933 = VECTOR('',#934,1.);
#934 = DIRECTION('',(0.995108138148,-9.87916666103E-02,0.));
#935 = ORIENTED_EDGE('',*,*,#936,.T.);
#936 = EDGE_CURVE('',#929,#937,#939,.T.);
#937 = VERTEX_POINT('',#938);
#938 = CARTESIAN_POINT('',(128.201927,-149.985828,1.585));
#939 = LINE('',#940,#941);
#940 = CARTESIAN_POINT('',(128.141043,-149.954309,1.585));
#941 = VECTOR('',#942,1.);
#942 = DIRECTION('',(0.88805523955,-0.459736763277,0.));
#943 = ORIENTED_EDGE('',*,*,#944,.T.);
#944 = EDGE_CURVE('',#937,#945,#947,.T.);
#945 = VERTEX_POINT('',#946);
#946 = CARTESIAN_POINT('',(128.267518,-150.051849,1.585));
#947 = LINE('',#948,#949);
#948 = CARTESIAN_POINT('',(128.201927,-149.985828,1.585));
#949 = VECTOR('',#950,1.);
#950 = DIRECTION('',(0.704792774928,-0.709413239522,0.));
#951 = ORIENTED_EDGE('',*,*,#952,.T.);
#952 = EDGE_CURVE('',#945,#953,#955,.T.);
#953 = VERTEX_POINT('',#954);
#954 = CARTESIAN_POINT('',(128.325515,-150.128072,1.585));
#955 = LINE('',#956,#957);
#956 = CARTESIAN_POINT('',(128.267518,-150.051849,1.585));
#957 = VECTOR('',#958,1.);
#958 = DIRECTION('',(0.60553002627,-0.795822459651,0.));
#959 = ORIENTED_EDGE('',*,*,#960,.T.);
#960 = EDGE_CURVE('',#953,#961,#963,.T.);
#961 = VERTEX_POINT('',#962);
#962 = CARTESIAN_POINT('',(128.352393,-150.197494,1.585));
#963 = LINE('',#964,#965);
#964 = CARTESIAN_POINT('',(128.325515,-150.128072,1.585));
#965 = VECTOR('',#966,1.);
#966 = DIRECTION('',(0.361052137276,-0.932545631146,0.));
#967 = ORIENTED_EDGE('',*,*,#968,.T.);
#968 = EDGE_CURVE('',#961,#969,#971,.T.);
#969 = VERTEX_POINT('',#970);
#970 = CARTESIAN_POINT('',(128.358605,-150.280123,1.585));
#971 = LINE('',#972,#973);
#972 = CARTESIAN_POINT('',(128.352393,-150.197494,1.585));
#973 = VECTOR('',#974,1.);
#974 = DIRECTION('',(7.496785784417E-02,-0.997185950708,0.));
#975 = ORIENTED_EDGE('',*,*,#976,.T.);
#976 = EDGE_CURVE('',#969,#977,#979,.T.);
#977 = VERTEX_POINT('',#978);
#978 = CARTESIAN_POINT('',(128.351367,-150.367007,1.585));
#979 = LINE('',#980,#981);
#980 = CARTESIAN_POINT('',(128.358605,-150.280123,1.585));
#981 = VECTOR('',#982,1.);
#982 = DIRECTION('',(-8.30189013725E-02,-0.996547972761,0.));
#983 = ORIENTED_EDGE('',*,*,#984,.T.);
#984 = EDGE_CURVE('',#977,#985,#987,.T.);
#985 = VERTEX_POINT('',#986);
#986 = CARTESIAN_POINT('',(128.322958,-150.43475,1.585));
#987 = LINE('',#988,#989);
#988 = CARTESIAN_POINT('',(128.351367,-150.367007,1.585));
#989 = VECTOR('',#990,1.);
#990 = DIRECTION('',(-0.386734145365,-0.922191249584,0.));
#991 = ORIENTED_EDGE('',*,*,#992,.T.);
#992 = EDGE_CURVE('',#985,#993,#995,.T.);
#993 = VERTEX_POINT('',#994);
#994 = CARTESIAN_POINT('',(128.267396,-150.504764,1.585));
#995 = LINE('',#996,#997);
#996 = CARTESIAN_POINT('',(128.322958,-150.43475,1.585));
#997 = VECTOR('',#998,1.);
#998 = DIRECTION('',(-0.621625825728,-0.783314325663,0.));
#999 = ORIENTED_EDGE('',*,*,#1000,.T.);
#1000 = EDGE_CURVE('',#993,#1001,#1003,.T.);
#1001 = VERTEX_POINT('',#1002);
#1002 = CARTESIAN_POINT('',(128.200003,-150.569591,1.585));
#1003 = LINE('',#1004,#1005);
#1004 = CARTESIAN_POINT('',(128.267396,-150.504764,1.585));
#1005 = VECTOR('',#1006,1.);
#1006 = DIRECTION('',(-0.720693931058,-0.693253386386,0.));
#1007 = ORIENTED_EDGE('',*,*,#1008,.T.);
#1008 = EDGE_CURVE('',#1001,#1009,#1011,.T.);
#1009 = VERTEX_POINT('',#1010);
#1010 = CARTESIAN_POINT('',(128.137722,-150.599322,1.585));
#1011 = LINE('',#1012,#1013);
#1012 = CARTESIAN_POINT('',(128.200003,-150.569591,1.585));
#1013 = VECTOR('',#1014,1.);
#1014 = DIRECTION('',(-0.902447367426,-0.430800126538,0.));
#1015 = ORIENTED_EDGE('',*,*,#1016,.T.);
#1016 = EDGE_CURVE('',#1009,#1017,#1019,.T.);
#1017 = VERTEX_POINT('',#1018);
#1018 = CARTESIAN_POINT('',(128.066372,-150.605719,1.585));
#1019 = LINE('',#1020,#1021);
#1020 = CARTESIAN_POINT('',(128.137722,-150.599322,1.585));
#1021 = VECTOR('',#1022,1.);
#1022 = DIRECTION('',(-0.996004914274,-8.929843639248E-02,0.));
#1023 = ORIENTED_EDGE('',*,*,#1024,.T.);
#1024 = EDGE_CURVE('',#1017,#1025,#1027,.T.);
#1025 = VERTEX_POINT('',#1026);
#1026 = CARTESIAN_POINT('',(127.962791,-150.588752,1.585));
#1027 = LINE('',#1028,#1029);
#1028 = CARTESIAN_POINT('',(128.066372,-150.605719,1.585));
#1029 = VECTOR('',#1030,1.);
#1030 = DIRECTION('',(-0.986848177908,0.161649849244,0.));
#1031 = ORIENTED_EDGE('',*,*,#1032,.T.);
#1032 = EDGE_CURVE('',#1025,#1033,#1035,.T.);
#1033 = VERTEX_POINT('',#1034);
#1034 = CARTESIAN_POINT('',(127.874448,-150.548638,1.585));
#1035 = LINE('',#1036,#1037);
#1036 = CARTESIAN_POINT('',(127.962791,-150.588752,1.585));
#1037 = VECTOR('',#1038,1.);
#1038 = DIRECTION('',(-0.910529126643,0.413444929266,0.));
#1039 = ORIENTED_EDGE('',*,*,#1040,.T.);
#1040 = EDGE_CURVE('',#1033,#1041,#1043,.T.);
#1041 = VERTEX_POINT('',#1042);
#1042 = CARTESIAN_POINT('',(127.841257,-150.528921,1.585));
#1043 = LINE('',#1044,#1045);
#1044 = CARTESIAN_POINT('',(127.874448,-150.548638,1.585));
#1045 = VECTOR('',#1046,1.);
#1046 = DIRECTION('',(-0.859742789029,0.51072726255,0.));
#1047 = ORIENTED_EDGE('',*,*,#1048,.T.);
#1048 = EDGE_CURVE('',#1041,#1049,#1051,.T.);
#1049 = VERTEX_POINT('',#1050);
#1050 = CARTESIAN_POINT('',(127.803484,-150.514603,1.585));
#1051 = LINE('',#1052,#1053);
#1052 = CARTESIAN_POINT('',(127.841257,-150.528921,1.585));
#1053 = VECTOR('',#1054,1.);
#1054 = DIRECTION('',(-0.935077043583,0.354444526779,0.));
#1055 = ORIENTED_EDGE('',*,*,#1056,.T.);
#1056 = EDGE_CURVE('',#1049,#1057,#1059,.T.);
#1057 = VERTEX_POINT('',#1058);
#1058 = CARTESIAN_POINT('',(127.752516,-150.50461,1.585));
#1059 = LINE('',#1060,#1061);
#1060 = CARTESIAN_POINT('',(127.803484,-150.514603,1.585));
#1061 = VECTOR('',#1062,1.);
#1062 = DIRECTION('',(-0.981316387062,0.192401009572,0.));
#1063 = ORIENTED_EDGE('',*,*,#1064,.T.);
#1064 = EDGE_CURVE('',#1057,#1065,#1067,.T.);
#1065 = VERTEX_POINT('',#1066);
#1066 = CARTESIAN_POINT('',(127.578565,-150.494679,1.585));
#1067 = LINE('',#1068,#1069);
#1068 = CARTESIAN_POINT('',(127.752516,-150.50461,1.585));
#1069 = VECTOR('',#1070,1.);
#1070 = DIRECTION('',(-0.998374293844,5.699797708657E-02,0.));
#1071 = ORIENTED_EDGE('',*,*,#1072,.T.);
#1072 = EDGE_CURVE('',#1065,#1073,#1075,.T.);
#1073 = VERTEX_POINT('',#1074);
#1074 = CARTESIAN_POINT('',(127.026143,-150.49458,1.585));
#1075 = LINE('',#1076,#1077);
#1076 = CARTESIAN_POINT('',(127.578565,-150.494679,1.585));
#1077 = VECTOR('',#1078,1.);
#1078 = DIRECTION('',(-0.999999983942,1.792108177945E-04,0.));
#1079 = ORIENTED_EDGE('',*,*,#1080,.T.);
#1080 = EDGE_CURVE('',#1073,#1081,#1083,.T.);
#1081 = VERTEX_POINT('',#1082);
#1082 = CARTESIAN_POINT('',(126.87897,-150.504207,1.585));
#1083 = LINE('',#1084,#1085);
#1084 = CARTESIAN_POINT('',(127.026143,-150.49458,1.585));
#1085 = VECTOR('',#1086,1.);
#1086 = DIRECTION('',(-0.997867423191,-6.527331564248E-02,0.));
#1087 = ORIENTED_EDGE('',*,*,#1088,.T.);
#1088 = EDGE_CURVE('',#1081,#1089,#1091,.T.);
#1089 = VERTEX_POINT('',#1090);
#1090 = CARTESIAN_POINT('',(126.788234,-150.556127,1.585));
#1091 = CIRCLE('',#1092,0.127279807129);
#1092 = AXIS2_PLACEMENT_3D('',#1093,#1094,#1095);
#1093 = CARTESIAN_POINT('',(126.8912390013,-150.6308940984,1.585));
#1094 = DIRECTION('',(0.,0.,1.));
#1095 = DIRECTION('',(-9.639393384446E-02,0.995343262155,0.));
#1096 = ORIENTED_EDGE('',*,*,#1097,.T.);
#1097 = EDGE_CURVE('',#1089,#1098,#1100,.T.);
#1098 = VERTEX_POINT('',#1099);
#1099 = CARTESIAN_POINT('',(126.743511,-150.643176,1.585));
#1100 = LINE('',#1101,#1102);
#1101 = CARTESIAN_POINT('',(126.788234,-150.556127,1.585));
#1102 = VECTOR('',#1103,1.);
#1103 = DIRECTION('',(-0.456983876309,-0.889474978172,0.));
#1104 = ORIENTED_EDGE('',*,*,#1105,.T.);
#1105 = EDGE_CURVE('',#1098,#1106,#1108,.T.);
#1106 = VERTEX_POINT('',#1107);
#1107 = CARTESIAN_POINT('',(126.72986,-150.747723,1.585));
#1108 = LINE('',#1109,#1110);
#1109 = CARTESIAN_POINT('',(126.743511,-150.643176,1.585));
#1110 = VECTOR('',#1111,1.);
#1111 = DIRECTION('',(-0.129473800237,-0.991582843262,0.));
#1112 = ORIENTED_EDGE('',*,*,#1113,.T.);
#1113 = EDGE_CURVE('',#1106,#1114,#1116,.T.);
#1114 = VERTEX_POINT('',#1115);
#1115 = CARTESIAN_POINT('',(126.746638,-150.849484,1.585));
#1116 = LINE('',#1117,#1118);
#1117 = CARTESIAN_POINT('',(126.72986,-150.747723,1.585));
#1118 = VECTOR('',#1119,1.);
#1119 = DIRECTION('',(0.162680179993,-0.98667885304,0.));
#1120 = ORIENTED_EDGE('',*,*,#1121,.T.);
#1121 = EDGE_CURVE('',#1114,#1122,#1124,.T.);
#1122 = VERTEX_POINT('',#1123);
#1123 = CARTESIAN_POINT('',(126.853889,-150.967729,1.585));
#1124 = CIRCLE('',#1125,0.179933842817);
#1125 = AXIS2_PLACEMENT_3D('',#1126,#1127,#1128);
#1126 = CARTESIAN_POINT('',(126.91970961108,-150.8002660639,1.585));
#1127 = DIRECTION('',(0.,0.,1.));
#1128 = DIRECTION('',(-0.961862473302,-0.273533512488,0.));
#1129 = ORIENTED_EDGE('',*,*,#1130,.T.);
#1130 = EDGE_CURVE('',#1122,#1131,#1133,.T.);
#1131 = VERTEX_POINT('',#1132);
#1132 = CARTESIAN_POINT('',(126.895533,-150.977985,1.585));
#1133 = LINE('',#1134,#1135);
#1134 = CARTESIAN_POINT('',(126.853889,-150.967729,1.585));
#1135 = VECTOR('',#1136,1.);
#1136 = DIRECTION('',(0.970986898885,-0.239132687421,0.));
#1137 = ORIENTED_EDGE('',*,*,#1138,.T.);
#1138 = EDGE_CURVE('',#1131,#1139,#1141,.T.);
#1139 = VERTEX_POINT('',#1140);
#1140 = CARTESIAN_POINT('',(127.045867,-150.988673,1.585));
#1141 = LINE('',#1142,#1143);
#1142 = CARTESIAN_POINT('',(126.895533,-150.977985,1.585));
#1143 = VECTOR('',#1144,1.);
#1144 = DIRECTION('',(0.997482288792,-7.091603165371E-02,0.));
#1145 = ORIENTED_EDGE('',*,*,#1146,.T.);
#1146 = EDGE_CURVE('',#1139,#1147,#1149,.T.);
#1147 = VERTEX_POINT('',#1148);
#1148 = CARTESIAN_POINT('',(127.679669,-150.993873,1.585));
#1149 = LINE('',#1150,#1151);
#1150 = CARTESIAN_POINT('',(127.045867,-150.988673,1.585));
#1151 = VECTOR('',#1152,1.);
#1152 = DIRECTION('',(0.999966345158,-8.204178899441E-03,0.));
#1153 = ORIENTED_EDGE('',*,*,#1154,.T.);
#1154 = EDGE_CURVE('',#1147,#1155,#1157,.T.);
#1155 = VERTEX_POINT('',#1156);
#1156 = CARTESIAN_POINT('',(127.860162,-151.006733,1.585));
#1157 = LINE('',#1158,#1159);
#1158 = CARTESIAN_POINT('',(127.679669,-150.993873,1.585));
#1159 = VECTOR('',#1160,1.);
#1160 = DIRECTION('',(0.997471391814,-7.106913896227E-02,0.));
#1161 = ORIENTED_EDGE('',*,*,#1162,.T.);
#1162 = EDGE_CURVE('',#1155,#1163,#1165,.T.);
#1163 = VERTEX_POINT('',#1164);
#1164 = CARTESIAN_POINT('',(127.922131,-151.018918,1.585));
#1165 = LINE('',#1166,#1167);
#1166 = CARTESIAN_POINT('',(127.860162,-151.006733,1.585));
#1167 = VECTOR('',#1168,1.);
#1168 = DIRECTION('',(0.981211314935,-0.192936143435,0.));
#1169 = ORIENTED_EDGE('',*,*,#1170,.T.);
#1170 = EDGE_CURVE('',#1163,#1171,#1173,.T.);
#1171 = VERTEX_POINT('',#1172);
#1172 = CARTESIAN_POINT('',(128.010984,-151.049546,1.585));
#1173 = LINE('',#1174,#1175);
#1174 = CARTESIAN_POINT('',(127.922131,-151.018918,1.585));
#1175 = VECTOR('',#1176,1.);
#1176 = DIRECTION('',(0.945408933012,-0.325886405639,0.));
#1177 = ORIENTED_EDGE('',*,*,#1178,.T.);
#1178 = EDGE_CURVE('',#1171,#1179,#1181,.T.);
#1179 = VERTEX_POINT('',#1180);
#1180 = CARTESIAN_POINT('',(128.162626,-151.140688,1.585));
#1181 = LINE('',#1182,#1183);
#1182 = CARTESIAN_POINT('',(128.010984,-151.049546,1.585));
#1183 = VECTOR('',#1184,1.);
#1184 = DIRECTION('',(0.857101683059,-0.515147265252,0.));
#1185 = ORIENTED_EDGE('',*,*,#1186,.T.);
#1186 = EDGE_CURVE('',#1179,#1187,#1189,.T.);
#1187 = VERTEX_POINT('',#1188);
#1188 = CARTESIAN_POINT('',(128.277415,-151.26947,1.585));
#1189 = LINE('',#1190,#1191);
#1190 = CARTESIAN_POINT('',(128.162626,-151.140688,1.585));
#1191 = VECTOR('',#1192,1.);
#1192 = DIRECTION('',(0.665386816774,-0.746498750209,0.));
#1193 = ORIENTED_EDGE('',*,*,#1194,.T.);
#1194 = EDGE_CURVE('',#1187,#1195,#1197,.T.);
#1195 = VERTEX_POINT('',#1196);
#1196 = CARTESIAN_POINT('',(128.383985,-151.654585,1.585));
#1197 = CIRCLE('',#1198,0.692893947514);
#1198 = AXIS2_PLACEMENT_3D('',#1199,#1200,#1201);
#1199 = CARTESIAN_POINT('',(127.6912669556,-151.6389730345,1.585));
#1200 = DIRECTION('',(0.,0.,-1.));
#1201 = DIRECTION('',(0.845941931666,0.533275021213,0.));
#1202 = ORIENTED_EDGE('',*,*,#1203,.T.);
#1203 = EDGE_CURVE('',#1195,#1204,#1206,.T.);
#1204 = VERTEX_POINT('',#1205);
#1205 = CARTESIAN_POINT('',(128.364264,-151.857041,1.585));
#1206 = LINE('',#1207,#1208);
#1207 = CARTESIAN_POINT('',(128.383985,-151.654585,1.585));
#1208 = VECTOR('',#1209,1.);
#1209 = DIRECTION('',(-9.694995186351E-02,-0.995289257871,0.));
#1210 = ORIENTED_EDGE('',*,*,#1211,.T.);
#1211 = EDGE_CURVE('',#1204,#1212,#1214,.T.);
#1212 = VERTEX_POINT('',#1213);
#1213 = CARTESIAN_POINT('',(128.068901,-152.26334,1.585));
#1214 = CIRCLE('',#1215,0.592413808639);
#1215 = AXIS2_PLACEMENT_3D('',#1216,#1217,#1218);
#1216 = CARTESIAN_POINT('',(127.78259907993,-151.7447020422,1.585));
#1217 = DIRECTION('',(0.,0.,-1.));
#1218 = DIRECTION('',(0.981855776458,-0.189629201962,0.));
#1219 = ORIENTED_EDGE('',*,*,#1220,.T.);
#1220 = EDGE_CURVE('',#1212,#1221,#1223,.T.);
#1221 = VERTEX_POINT('',#1222);
#1222 = CARTESIAN_POINT('',(127.981363,-152.308421,1.585));
#1223 = LINE('',#1224,#1225);
#1224 = CARTESIAN_POINT('',(128.068901,-152.26334,1.585));
#1225 = VECTOR('',#1226,1.);
#1226 = DIRECTION('',(-0.889033811829,-0.457841546198,0.));
#1227 = ORIENTED_EDGE('',*,*,#1228,.T.);
#1228 = EDGE_CURVE('',#1221,#1229,#1231,.T.);
#1229 = VERTEX_POINT('',#1230);
#1230 = CARTESIAN_POINT('',(127.934854,-152.32264,1.585));
#1231 = LINE('',#1232,#1233);
#1232 = CARTESIAN_POINT('',(127.981363,-152.308421,1.585));
#1233 = VECTOR('',#1234,1.);
#1234 = DIRECTION('',(-0.956306068241,-0.292367412421,0.));
#1235 = ORIENTED_EDGE('',*,*,#1236,.T.);
#1236 = EDGE_CURVE('',#1229,#1237,#1239,.T.);
#1237 = VERTEX_POINT('',#1238);
#1238 = CARTESIAN_POINT('',(127.797607,-152.339429,1.585));
#1239 = LINE('',#1240,#1241);
#1240 = CARTESIAN_POINT('',(127.934854,-152.32264,1.585));
#1241 = VECTOR('',#1242,1.);
#1242 = DIRECTION('',(-0.992601000282,-0.121421802981,0.));
#1243 = ORIENTED_EDGE('',*,*,#1244,.T.);
#1244 = EDGE_CURVE('',#1237,#1245,#1247,.T.);
#1245 = VERTEX_POINT('',#1246);
#1246 = CARTESIAN_POINT('',(126.966277,-152.364646,1.585));
#1247 = LINE('',#1248,#1249);
#1248 = CARTESIAN_POINT('',(127.797607,-152.339429,1.585));
#1249 = VECTOR('',#1250,1.);
#1250 = DIRECTION('',(-0.999540262042,-3.031937592523E-02,0.));
#1251 = ORIENTED_EDGE('',*,*,#1252,.T.);
#1252 = EDGE_CURVE('',#1245,#1253,#1255,.T.);
#1253 = VERTEX_POINT('',#1254);
#1254 = CARTESIAN_POINT('',(126.83976,-152.382908,1.585));
#1255 = LINE('',#1256,#1257);
#1256 = CARTESIAN_POINT('',(126.966277,-152.364646,1.585));
#1257 = VECTOR('',#1258,1.);
#1258 = DIRECTION('',(-0.989742385036,-0.142863610705,0.));
#1259 = ORIENTED_EDGE('',*,*,#1260,.T.);
#1260 = EDGE_CURVE('',#1253,#1261,#1263,.T.);
#1261 = VERTEX_POINT('',#1262);
#1262 = CARTESIAN_POINT('',(126.801966,-152.396812,1.585));
#1263 = LINE('',#1264,#1265);
#1264 = CARTESIAN_POINT('',(126.83976,-152.382908,1.585));
#1265 = VECTOR('',#1266,1.);
#1266 = DIRECTION('',(-0.938504967694,-0.345265731884,0.));
#1267 = ORIENTED_EDGE('',*,*,#1268,.T.);
#1268 = EDGE_CURVE('',#1261,#1269,#1271,.T.);
#1269 = VERTEX_POINT('',#1270);
#1270 = CARTESIAN_POINT('',(126.772199,-152.414076,1.585));
#1271 = LINE('',#1272,#1273);
#1272 = CARTESIAN_POINT('',(126.801966,-152.396812,1.585));
#1273 = VECTOR('',#1274,1.);
#1274 = DIRECTION('',(-0.865042035622,-0.501699388685,0.));
#1275 = ORIENTED_EDGE('',*,*,#1276,.T.);
#1276 = EDGE_CURVE('',#1269,#1277,#1279,.T.);
#1277 = VERTEX_POINT('',#1278);
#1278 = CARTESIAN_POINT('',(126.651925,-152.46467,1.585));
#1279 = LINE('',#1280,#1281);
#1280 = CARTESIAN_POINT('',(126.772199,-152.414076,1.585));
#1281 = VECTOR('',#1282,1.);
#1282 = DIRECTION('',(-0.921766023648,-0.387746563683,0.));
#1283 = ORIENTED_EDGE('',*,*,#1284,.T.);
#1284 = EDGE_CURVE('',#1277,#1285,#1287,.T.);
#1285 = VERTEX_POINT('',#1286);
#1286 = CARTESIAN_POINT('',(126.529069,-152.461886,1.585));
#1287 = LINE('',#1288,#1289);
#1288 = CARTESIAN_POINT('',(126.651925,-152.46467,1.585));
#1289 = VECTOR('',#1290,1.);
#1290 = DIRECTION('',(-0.999743345725,2.265485995407E-02,0.));
#1291 = ORIENTED_EDGE('',*,*,#1292,.T.);
#1292 = EDGE_CURVE('',#1285,#1293,#1295,.T.);
#1293 = VERTEX_POINT('',#1294);
#1294 = CARTESIAN_POINT('',(126.415704,-152.407347,1.585));
#1295 = LINE('',#1296,#1297);
#1296 = CARTESIAN_POINT('',(126.529069,-152.461886,1.585));
#1297 = VECTOR('',#1298,1.);
#1298 = DIRECTION('',(-0.901138793717,0.43353070763,0.));
#1299 = ORIENTED_EDGE('',*,*,#1300,.T.);
#1300 = EDGE_CURVE('',#1293,#1301,#1303,.T.);
#1301 = VERTEX_POINT('',#1302);
#1302 = CARTESIAN_POINT('',(126.383319,-152.379331,1.585));
#1303 = LINE('',#1304,#1305);
#1304 = CARTESIAN_POINT('',(126.415704,-152.407347,1.585));
#1305 = VECTOR('',#1306,1.);
#1306 = DIRECTION('',(-0.756278225759,0.654250139658,0.));
#1307 = ORIENTED_EDGE('',*,*,#1308,.T.);
#1308 = EDGE_CURVE('',#1301,#1309,#1311,.T.);
#1309 = VERTEX_POINT('',#1310);
#1310 = CARTESIAN_POINT('',(126.292284,-152.146698,1.585));
#1311 = CIRCLE('',#1312,0.245789241902);
#1312 = AXIS2_PLACEMENT_3D('',#1313,#1314,#1315);
#1313 = CARTESIAN_POINT('',(126.53493124806,-152.1858727934,1.585));
#1314 = DIRECTION('',(0.,0.,-1.));
#1315 = DIRECTION('',(-0.616838421759,-0.787089805195,-0.));
#1316 = ORIENTED_EDGE('',*,*,#1317,.T.);
#1317 = EDGE_CURVE('',#1309,#1318,#1320,.T.);
#1318 = VERTEX_POINT('',#1319);
#1319 = CARTESIAN_POINT('',(126.296922,-152.054013,1.585));
#1320 = LINE('',#1321,#1322);
#1321 = CARTESIAN_POINT('',(126.292284,-152.146698,1.585));
#1322 = VECTOR('',#1323,1.);
#1323 = DIRECTION('',(4.997792519233E-02,0.99875032265,0.));
#1324 = ORIENTED_EDGE('',*,*,#1325,.T.);
#1325 = EDGE_CURVE('',#1318,#1326,#1328,.T.);
#1326 = VERTEX_POINT('',#1327);
#1327 = CARTESIAN_POINT('',(126.31807,-151.990182,1.585));
#1328 = LINE('',#1329,#1330);
#1329 = CARTESIAN_POINT('',(126.296922,-152.054013,1.585));
#1330 = VECTOR('',#1331,1.);
#1331 = DIRECTION('',(0.314500671091,0.949257250635,0.));
#1332 = ORIENTED_EDGE('',*,*,#1333,.T.);
#1333 = EDGE_CURVE('',#1326,#1334,#1336,.T.);
#1334 = VERTEX_POINT('',#1335);
#1335 = CARTESIAN_POINT('',(126.388179,-151.90591,1.585));
#1336 = LINE('',#1337,#1338);
#1337 = CARTESIAN_POINT('',(126.31807,-151.990182,1.585));
#1338 = VECTOR('',#1339,1.);
#1339 = DIRECTION('',(0.639550710152,0.768748911637,0.));
#1340 = ORIENTED_EDGE('',*,*,#1341,.T.);
#1341 = EDGE_CURVE('',#1334,#1342,#1344,.T.);
#1342 = VERTEX_POINT('',#1343);
#1343 = CARTESIAN_POINT('',(126.492486,-151.831588,1.585));
#1344 = LINE('',#1345,#1346);
#1345 = CARTESIAN_POINT('',(126.388179,-151.90591,1.585));
#1346 = VECTOR('',#1347,1.);
#1347 = DIRECTION('',(0.814408718367,0.5802916848,0.));
#1348 = ORIENTED_EDGE('',*,*,#1349,.T.);
#1349 = EDGE_CURVE('',#1342,#1350,#1352,.T.);
#1350 = VERTEX_POINT('',#1351);
#1351 = CARTESIAN_POINT('',(126.604012,-151.806254,1.585));
#1352 = LINE('',#1353,#1354);
#1353 = CARTESIAN_POINT('',(126.492486,-151.831588,1.585));
#1354 = VECTOR('',#1355,1.);
#1355 = DIRECTION('',(0.975157071398,0.221514527974,0.));
#1356 = ORIENTED_EDGE('',*,*,#1357,.T.);
#1357 = EDGE_CURVE('',#1350,#1358,#1360,.T.);
#1358 = VERTEX_POINT('',#1359);
#1359 = CARTESIAN_POINT('',(126.710727,-151.83099,1.585));
#1360 = LINE('',#1361,#1362);
#1361 = CARTESIAN_POINT('',(126.604012,-151.806254,1.585));
#1362 = VECTOR('',#1363,1.);
#1363 = DIRECTION('',(0.974171798306,-0.225808120723,0.));
#1364 = ORIENTED_EDGE('',*,*,#1365,.T.);
#1365 = EDGE_CURVE('',#1358,#1366,#1368,.T.);
#1366 = VERTEX_POINT('',#1367);
#1367 = CARTESIAN_POINT('',(126.788572,-151.885456,1.585));
#1368 = LINE('',#1369,#1370);
#1369 = CARTESIAN_POINT('',(126.710727,-151.83099,1.585));
#1370 = VECTOR('',#1371,1.);
#1371 = DIRECTION('',(0.819357994861,-0.573282196006,0.));
#1372 = ORIENTED_EDGE('',*,*,#1373,.T.);
#1373 = EDGE_CURVE('',#1366,#1374,#1376,.T.);
#1374 = VERTEX_POINT('',#1375);
#1375 = CARTESIAN_POINT('',(126.817726,-151.899149,1.585));
#1376 = LINE('',#1377,#1378);
#1377 = CARTESIAN_POINT('',(126.788572,-151.885456,1.585));
#1378 = VECTOR('',#1379,1.);
#1379 = DIRECTION('',(0.905135778209,-0.42512259762,0.));
#1380 = ORIENTED_EDGE('',*,*,#1381,.T.);
#1381 = EDGE_CURVE('',#1374,#1382,#1384,.T.);
#1382 = VERTEX_POINT('',#1383);
#1383 = CARTESIAN_POINT('',(126.859521,-151.909044,1.585));
#1384 = LINE('',#1385,#1386);
#1385 = CARTESIAN_POINT('',(126.817726,-151.899149,1.585));
#1386 = VECTOR('',#1387,1.);
#1387 = DIRECTION('',(0.973100207733,-0.230382259972,0.));
#1388 = ORIENTED_EDGE('',*,*,#1389,.T.);
#1389 = EDGE_CURVE('',#1382,#1390,#1392,.T.);
#1390 = VERTEX_POINT('',#1391);
#1391 = CARTESIAN_POINT('',(127.01027,-151.919695,1.585));
#1392 = LINE('',#1393,#1394);
#1393 = CARTESIAN_POINT('',(126.859521,-151.909044,1.585));
#1394 = VECTOR('',#1395,1.);
#1395 = DIRECTION('',(0.997513321646,-7.047817490564E-02,0.));
#1396 = ORIENTED_EDGE('',*,*,#1397,.T.);
#1397 = EDGE_CURVE('',#1390,#1398,#1400,.T.);
#1398 = VERTEX_POINT('',#1399);
#1399 = CARTESIAN_POINT('',(127.675332,-151.920615,1.585));
#1400 = LINE('',#1401,#1402);
#1401 = CARTESIAN_POINT('',(127.01027,-151.919695,1.585));
#1402 = VECTOR('',#1403,1.);
#1403 = DIRECTION('',(0.999999043201,-1.38332835097E-03,0.));
#1404 = ORIENTED_EDGE('',*,*,#1405,.T.);
#1405 = EDGE_CURVE('',#1398,#1406,#1408,.T.);
#1406 = VERTEX_POINT('',#1407);
#1407 = CARTESIAN_POINT('',(127.841833,-151.911945,1.585));
#1408 = LINE('',#1409,#1410);
#1409 = CARTESIAN_POINT('',(127.675332,-151.920615,1.585));
#1410 = VECTOR('',#1411,1.);
#1411 = DIRECTION('',(0.998647016748,5.200130711045E-02,0.));
#1412 = ORIENTED_EDGE('',*,*,#1413,.T.);
#1413 = EDGE_CURVE('',#1406,#1414,#1416,.T.);
#1414 = VERTEX_POINT('',#1415);
#1415 = CARTESIAN_POINT('',(127.886939,-151.90345,1.585));
#1416 = LINE('',#1417,#1418);
#1417 = CARTESIAN_POINT('',(127.841833,-151.911945,1.585));
#1418 = VECTOR('',#1419,1.);
#1419 = DIRECTION('',(0.982723387617,0.185080370191,0.));
#1420 = ORIENTED_EDGE('',*,*,#1421,.T.);
#1421 = EDGE_CURVE('',#1414,#1422,#1424,.T.);
#1422 = VERTEX_POINT('',#1423);
#1423 = CARTESIAN_POINT('',(127.915888,-151.891531,1.585));
#1424 = LINE('',#1425,#1426);
#1425 = CARTESIAN_POINT('',(127.886939,-151.90345,1.585));
#1426 = VECTOR('',#1427,1.);
#1427 = DIRECTION('',(0.924691328364,0.380717673936,0.));
#1428 = ORIENTED_EDGE('',*,*,#1429,.T.);
#1429 = EDGE_CURVE('',#1422,#1430,#1432,.T.);
#1430 = VERTEX_POINT('',#1431);
#1431 = CARTESIAN_POINT('',(127.942745,-151.868601,1.585));
#1432 = LINE('',#1433,#1434);
#1433 = CARTESIAN_POINT('',(127.915888,-151.891531,1.585));
#1434 = VECTOR('',#1435,1.);
#1435 = DIRECTION('',(0.760518457836,0.649316313741,0.));
#1436 = ORIENTED_EDGE('',*,*,#1437,.T.);
#1437 = EDGE_CURVE('',#1430,#1438,#1440,.T.);
#1438 = VERTEX_POINT('',#1439);
#1439 = CARTESIAN_POINT('',(128.000377,-151.768525,1.585));
#1440 = LINE('',#1441,#1442);
#1441 = CARTESIAN_POINT('',(127.942745,-151.868601,1.585));
#1442 = VECTOR('',#1443,1.);
#1443 = DIRECTION('',(0.499045635889,0.866575705464,0.));
#1444 = ORIENTED_EDGE('',*,*,#1445,.T.);
#1445 = EDGE_CURVE('',#1438,#1446,#1448,.T.);
#1446 = VERTEX_POINT('',#1447);
#1447 = CARTESIAN_POINT('',(127.944883,-151.475229,1.585));
#1448 = CIRCLE('',#1449,0.316865027363);
#1449 = AXIS2_PLACEMENT_3D('',#1450,#1451,#1452);
#1450 = CARTESIAN_POINT('',(127.69798909832,-151.6738413029,1.585));
#1451 = DIRECTION('',(0.,-0.,1.));
#1452 = DIRECTION('',(0.954311380431,-0.298813970857,-0.));
#1453 = ORIENTED_EDGE('',*,*,#1454,.T.);
#1454 = EDGE_CURVE('',#1446,#1455,#1457,.T.);
#1455 = VERTEX_POINT('',#1456);
#1456 = CARTESIAN_POINT('',(127.923802,-151.461765,1.585));
#1457 = LINE('',#1458,#1459);
#1458 = CARTESIAN_POINT('',(127.944883,-151.475229,1.585));
#1459 = VECTOR('',#1460,1.);
#1460 = DIRECTION('',(-0.842776359837,0.538263882588,0.));
#1461 = ORIENTED_EDGE('',*,*,#1462,.T.);
#1462 = EDGE_CURVE('',#1455,#1463,#1465,.T.);
#1463 = VERTEX_POINT('',#1464);
#1464 = CARTESIAN_POINT('',(127.888625,-151.451184,1.585));
#1465 = LINE('',#1466,#1467);
#1466 = CARTESIAN_POINT('',(127.923802,-151.461765,1.585));
#1467 = VECTOR('',#1468,1.);
#1468 = DIRECTION('',(-0.957616990509,0.288044613713,0.));
#1469 = ORIENTED_EDGE('',*,*,#1470,.T.);
#1470 = EDGE_CURVE('',#1463,#1471,#1473,.T.);
#1471 = VERTEX_POINT('',#1472);
#1472 = CARTESIAN_POINT('',(127.749067,-151.436482,1.585));
#1473 = LINE('',#1474,#1475);
#1474 = CARTESIAN_POINT('',(127.888625,-151.451184,1.585));
#1475 = VECTOR('',#1476,1.);
#1476 = DIRECTION('',(-0.994496781116,0.104767133923,0.));
#1477 = ORIENTED_EDGE('',*,*,#1478,.T.);
#1478 = EDGE_CURVE('',#1471,#1479,#1481,.T.);
#1479 = VERTEX_POINT('',#1480);
#1480 = CARTESIAN_POINT('',(126.99261,-151.407624,1.585));
#1481 = LINE('',#1482,#1483);
#1482 = CARTESIAN_POINT('',(127.749067,-151.436482,1.585));
#1483 = VECTOR('',#1484,1.);
#1484 = DIRECTION('',(-0.999273124129,3.812116725226E-02,0.));
#1485 = ORIENTED_EDGE('',*,*,#1486,.T.);
#1486 = EDGE_CURVE('',#1479,#1487,#1489,.T.);
#1487 = VERTEX_POINT('',#1488);
#1488 = CARTESIAN_POINT('',(126.867237,-151.396381,1.585));
#1489 = LINE('',#1490,#1491);
#1490 = CARTESIAN_POINT('',(126.99261,-151.407624,1.585));
#1491 = VECTOR('',#1492,1.);
#1492 = DIRECTION('',(-0.996003161553,8.931798350002E-02,0.));
#1493 = ORIENTED_EDGE('',*,*,#1494,.T.);
#1494 = EDGE_CURVE('',#1487,#1495,#1497,.T.);
#1495 = VERTEX_POINT('',#1496);
#1496 = CARTESIAN_POINT('',(126.770732,-151.380188,1.585));
#1497 = LINE('',#1498,#1499);
#1498 = CARTESIAN_POINT('',(126.867237,-151.396381,1.585));
#1499 = VECTOR('',#1500,1.);
#1500 = DIRECTION('',(-0.986212973511,0.165481028756,0.));
#1501 = ORIENTED_EDGE('',*,*,#1502,.T.);
#1502 = EDGE_CURVE('',#1495,#1503,#1505,.T.);
#1503 = VERTEX_POINT('',#1504);
#1504 = CARTESIAN_POINT('',(126.69593,-151.357233,1.585));
#1505 = LINE('',#1506,#1507);
#1506 = CARTESIAN_POINT('',(126.770732,-151.380188,1.585));
#1507 = VECTOR('',#1508,1.);
#1508 = DIRECTION('',(-0.955997875069,0.293373589238,0.));
#1509 = ORIENTED_EDGE('',*,*,#1510,.T.);
#1510 = EDGE_CURVE('',#1503,#1511,#1513,.T.);
#1511 = VERTEX_POINT('',#1512);
#1512 = CARTESIAN_POINT('',(126.635886,-151.325836,1.585));
#1513 = LINE('',#1514,#1515);
#1514 = CARTESIAN_POINT('',(126.69593,-151.357233,1.585));
#1515 = VECTOR('',#1516,1.);
#1516 = DIRECTION('',(-0.886162641614,0.463374333135,0.));
#1517 = ORIENTED_EDGE('',*,*,#1518,.T.);
#1518 = EDGE_CURVE('',#1511,#1519,#1521,.T.);
#1519 = VERTEX_POINT('',#1520);
#1520 = CARTESIAN_POINT('',(126.58364,-151.284528,1.585));
#1521 = LINE('',#1522,#1523);
#1522 = CARTESIAN_POINT('',(126.635886,-151.325836,1.585));
#1523 = VECTOR('',#1524,1.);
#1524 = DIRECTION('',(-0.78443597659,0.620209802109,0.));
#1525 = ORIENTED_EDGE('',*,*,#1526,.T.);
#1526 = EDGE_CURVE('',#1519,#1527,#1529,.T.);
#1527 = VERTEX_POINT('',#1528);
#1528 = CARTESIAN_POINT('',(126.523854,-151.222776,1.585));
#1529 = LINE('',#1530,#1531);
#1530 = CARTESIAN_POINT('',(126.58364,-151.284528,1.585));
#1531 = VECTOR('',#1532,1.);
#1532 = DIRECTION('',(-0.695577616637,0.718450958127,0.));
#1533 = ORIENTED_EDGE('',*,*,#1534,.T.);
#1534 = EDGE_CURVE('',#1527,#1535,#1537,.T.);
#1535 = VERTEX_POINT('',#1536);
#1536 = CARTESIAN_POINT('',(126.439702,-151.115292,1.585));
#1537 = LINE('',#1538,#1539);
#1538 = CARTESIAN_POINT('',(126.523854,-151.222776,1.585));
#1539 = VECTOR('',#1540,1.);
#1540 = DIRECTION('',(-0.616463109123,0.787383791484,0.));
#1541 = ORIENTED_EDGE('',*,*,#1542,.T.);
#1542 = EDGE_CURVE('',#1535,#1543,#1545,.T.);
#1543 = VERTEX_POINT('',#1544);
#1544 = CARTESIAN_POINT('',(126.388147,-151.008451,1.585));
#1545 = LINE('',#1546,#1547);
#1546 = CARTESIAN_POINT('',(126.439702,-151.115292,1.585));
#1547 = VECTOR('',#1548,1.);
#1548 = DIRECTION('',(-0.434588993754,0.900628894999,0.));
#1549 = ORIENTED_EDGE('',*,*,#1550,.T.);
#1550 = EDGE_CURVE('',#1543,#1551,#1553,.T.);
#1551 = VERTEX_POINT('',#1552);
#1552 = CARTESIAN_POINT('',(126.362637,-150.883743,1.585));
#1553 = LINE('',#1554,#1555);
#1554 = CARTESIAN_POINT('',(126.388147,-151.008451,1.585));
#1555 = VECTOR('',#1556,1.);
#1556 = DIRECTION('',(-0.200407889733,0.979712548523,0.));
#1557 = ORIENTED_EDGE('',*,*,#1558,.T.);
#1558 = EDGE_CURVE('',#1551,#1559,#1561,.T.);
#1559 = VERTEX_POINT('',#1560);
#1560 = CARTESIAN_POINT('',(126.35625,-150.741889,1.585));
#1561 = LINE('',#1562,#1563);
#1562 = CARTESIAN_POINT('',(126.362637,-150.883743,1.585));
#1563 = VECTOR('',#1564,1.);
#1564 = DIRECTION('',(-4.49795970088E-02,0.998987905759,0.));
#1565 = ORIENTED_EDGE('',*,*,#1566,.T.);
#1566 = EDGE_CURVE('',#1559,#1567,#1569,.T.);
#1567 = VERTEX_POINT('',#1568);
#1568 = CARTESIAN_POINT('',(126.358974,-150.620443,1.585));
#1569 = LINE('',#1570,#1571);
#1570 = CARTESIAN_POINT('',(126.35625,-150.741889,1.585));
#1571 = VECTOR('',#1572,1.);
#1572 = DIRECTION('',(2.242408186813E-02,0.999748548662,0.));
#1573 = ORIENTED_EDGE('',*,*,#1574,.T.);
#1574 = EDGE_CURVE('',#1567,#1575,#1577,.T.);
#1575 = VERTEX_POINT('',#1576);
#1576 = CARTESIAN_POINT('',(126.37092,-150.532554,1.585));
#1577 = LINE('',#1578,#1579);
#1578 = CARTESIAN_POINT('',(126.358974,-150.620443,1.585));
#1579 = VECTOR('',#1580,1.);
#1580 = DIRECTION('',(0.134683029801,0.99088873315,0.));
#1581 = ORIENTED_EDGE('',*,*,#1582,.T.);
#1582 = EDGE_CURVE('',#1575,#1583,#1585,.T.);
#1583 = VERTEX_POINT('',#1584);
#1584 = CARTESIAN_POINT('',(126.39645,-150.456608,1.585));
#1585 = LINE('',#1586,#1587);
#1586 = CARTESIAN_POINT('',(126.37092,-150.532554,1.585));
#1587 = VECTOR('',#1588,1.);
#1588 = DIRECTION('',(0.318638059568,0.947876461885,0.));
#1589 = ORIENTED_EDGE('',*,*,#1590,.T.);
#1590 = EDGE_CURVE('',#1583,#1591,#1593,.T.);
#1591 = VERTEX_POINT('',#1592);
#1592 = CARTESIAN_POINT('',(126.42637,-150.395549,1.585));
#1593 = LINE('',#1594,#1595);
#1594 = CARTESIAN_POINT('',(126.39645,-150.456608,1.585));
#1595 = VECTOR('',#1596,1.);
#1596 = DIRECTION('',(0.440028174458,0.897983967387,0.));
#1597 = ORIENTED_EDGE('',*,*,#1598,.T.);
#1598 = EDGE_CURVE('',#1591,#1599,#1601,.T.);
#1599 = VERTEX_POINT('',#1600);
#1600 = CARTESIAN_POINT('',(126.486894,-150.294838,1.585));
#1601 = LINE('',#1602,#1603);
#1602 = CARTESIAN_POINT('',(126.42637,-150.395549,1.585));
#1603 = VECTOR('',#1604,1.);
#1604 = DIRECTION('',(0.515105145947,0.857126996786,0.));
#1605 = ORIENTED_EDGE('',*,*,#1606,.T.);
#1606 = EDGE_CURVE('',#1599,#1607,#1609,.T.);
#1607 = VERTEX_POINT('',#1608);
#1608 = CARTESIAN_POINT('',(126.735746,-150.112775,1.585));
#1609 = CIRCLE('',#1610,0.448909318007);
#1610 = AXIS2_PLACEMENT_3D('',#1611,#1612,#1613);
#1611 = CARTESIAN_POINT('',(126.86026091022,-150.5440702734,1.585));
#1612 = DIRECTION('',(0.,0.,-1.));
#1613 = DIRECTION('',(-0.831720116395,0.555195144057,0.));
#1614 = ORIENTED_EDGE('',*,*,#1615,.T.);
#1615 = EDGE_CURVE('',#1607,#1616,#1618,.T.);
#1616 = VERTEX_POINT('',#1617);
#1617 = CARTESIAN_POINT('',(126.86283,-150.084286,1.585));
#1618 = LINE('',#1619,#1620);
#1619 = CARTESIAN_POINT('',(126.735746,-150.112775,1.585));
#1620 = VECTOR('',#1621,1.);
#1621 = DIRECTION('',(0.975781948164,0.218745490552,0.));
#1622 = ORIENTED_EDGE('',*,*,#1623,.T.);
#1623 = EDGE_CURVE('',#1616,#1624,#1626,.T.);
#1624 = VERTEX_POINT('',#1625);
#1625 = CARTESIAN_POINT('',(127.023134,-150.067655,1.585));
#1626 = LINE('',#1627,#1628);
#1627 = CARTESIAN_POINT('',(126.86283,-150.084286,1.585));
#1628 = VECTOR('',#1629,1.);
#1629 = DIRECTION('',(0.994661375952,0.103192767139,0.));
#1630 = ORIENTED_EDGE('',*,*,#1631,.T.);
#1631 = EDGE_CURVE('',#1624,#1632,#1634,.T.);
#1632 = VERTEX_POINT('',#1633);
#1633 = CARTESIAN_POINT('',(127.348508,-150.05948,1.585));
#1634 = LINE('',#1635,#1636);
#1635 = CARTESIAN_POINT('',(127.023134,-150.067655,1.585));
#1636 = VECTOR('',#1637,1.);
#1637 = DIRECTION('',(0.999684518223,2.511700669527E-02,0.));
#1638 = ORIENTED_EDGE('',*,*,#1639,.T.);
#1639 = EDGE_CURVE('',#1632,#1640,#1642,.T.);
#1640 = VERTEX_POINT('',#1641);
#1641 = CARTESIAN_POINT('',(127.725878,-150.052185,1.585));
#1642 = LINE('',#1643,#1644);
#1643 = CARTESIAN_POINT('',(127.348508,-150.05948,1.585));
#1644 = VECTOR('',#1645,1.);
#1645 = DIRECTION('',(0.99981320547,1.932754944459E-02,0.));
#1646 = ORIENTED_EDGE('',*,*,#1647,.T.);
#1647 = EDGE_CURVE('',#1640,#1648,#1650,.T.);
#1648 = VERTEX_POINT('',#1649);
#1649 = CARTESIAN_POINT('',(127.78762,-150.044392,1.585));
#1650 = LINE('',#1651,#1652);
#1651 = CARTESIAN_POINT('',(127.725878,-150.052185,1.585));
#1652 = VECTOR('',#1653,1.);
#1653 = DIRECTION('',(0.992128339369,0.125225229969,0.));
#1654 = ORIENTED_EDGE('',*,*,#1655,.T.);
#1655 = EDGE_CURVE('',#1648,#911,#1656,.T.);
#1656 = LINE('',#1657,#1658);
#1657 = CARTESIAN_POINT('',(127.78762,-150.044392,1.585));
#1658 = VECTOR('',#1659,1.);
#1659 = DIRECTION('',(0.964754530387,0.263151469875,0.));
#1660 = FACE_BOUND('',#1661,.F.);
#1661 = EDGE_LOOP('',(#1662,#1672,#1680,#1688,#1696,#1704,#1712,#1720,
    #1728,#1736,#1744,#1752,#1760));
#1662 = ORIENTED_EDGE('',*,*,#1663,.T.);
#1663 = EDGE_CURVE('',#1664,#1666,#1668,.T.);
#1664 = VERTEX_POINT('',#1665);
#1665 = CARTESIAN_POINT('',(126.679553,-152.056547,1.585));
#1666 = VERTEX_POINT('',#1667);
#1667 = CARTESIAN_POINT('',(126.622666,-152.021586,1.585));
#1668 = LINE('',#1669,#1670);
#1669 = CARTESIAN_POINT('',(126.679553,-152.056547,1.585));
#1670 = VECTOR('',#1671,1.);
#1671 = DIRECTION('',(-0.851968239083,0.523593467867,0.));
#1672 = ORIENTED_EDGE('',*,*,#1673,.T.);
#1673 = EDGE_CURVE('',#1666,#1674,#1676,.T.);
#1674 = VERTEX_POINT('',#1675);
#1675 = CARTESIAN_POINT('',(126.591799,-152.017117,1.585));
#1676 = LINE('',#1677,#1678);
#1677 = CARTESIAN_POINT('',(126.622666,-152.021586,1.585));
#1678 = VECTOR('',#1679,1.);
#1679 = DIRECTION('',(-0.989680970392,0.143288439326,0.));
#1680 = ORIENTED_EDGE('',*,*,#1681,.T.);
#1681 = EDGE_CURVE('',#1674,#1682,#1684,.T.);
#1682 = VERTEX_POINT('',#1683);
#1683 = CARTESIAN_POINT('',(126.529368,-152.037763,1.585));
#1684 = LINE('',#1685,#1686);
#1685 = CARTESIAN_POINT('',(126.591799,-152.017117,1.585));
#1686 = VECTOR('',#1687,1.);
#1687 = DIRECTION('',(-0.949430370123,-0.313977662084,0.));
#1688 = ORIENTED_EDGE('',*,*,#1689,.T.);
#1689 = EDGE_CURVE('',#1682,#1690,#1692,.T.);
#1690 = VERTEX_POINT('',#1691);
#1691 = CARTESIAN_POINT('',(126.481545,-152.088231,1.585));
#1692 = LINE('',#1693,#1694);
#1693 = CARTESIAN_POINT('',(126.529368,-152.037763,1.585));
#1694 = VECTOR('',#1695,1.);
#1695 = DIRECTION('',(-0.687829617322,-0.725872177132,0.));
#1696 = ORIENTED_EDGE('',*,*,#1697,.T.);
#1697 = EDGE_CURVE('',#1690,#1698,#1700,.T.);
#1698 = VERTEX_POINT('',#1699);
#1699 = CARTESIAN_POINT('',(126.462367,-152.151131,1.585));
#1700 = LINE('',#1701,#1702);
#1701 = CARTESIAN_POINT('',(126.481545,-152.088231,1.585));
#1702 = VECTOR('',#1703,1.);
#1703 = DIRECTION('',(-0.291642050226,-0.956527529421,0.));
#1704 = ORIENTED_EDGE('',*,*,#1705,.T.);
#1705 = EDGE_CURVE('',#1698,#1706,#1708,.T.);
#1706 = VERTEX_POINT('',#1707);
#1707 = CARTESIAN_POINT('',(126.465374,-152.173522,1.585));
#1708 = LINE('',#1709,#1710);
#1709 = CARTESIAN_POINT('',(126.462367,-152.151131,1.585));
#1710 = VECTOR('',#1711,1.);
#1711 = DIRECTION('',(0.133100151703,-0.991102592882,0.));
#1712 = ORIENTED_EDGE('',*,*,#1713,.T.);
#1713 = EDGE_CURVE('',#1706,#1714,#1716,.T.);
#1714 = VERTEX_POINT('',#1715);
#1715 = CARTESIAN_POINT('',(126.505687,-152.237046,1.585));
#1716 = LINE('',#1717,#1718);
#1717 = CARTESIAN_POINT('',(126.465374,-152.173522,1.585));
#1718 = VECTOR('',#1719,1.);
#1719 = DIRECTION('',(0.535821524212,-0.84433127041,0.));
#1720 = ORIENTED_EDGE('',*,*,#1721,.T.);
#1721 = EDGE_CURVE('',#1714,#1722,#1724,.T.);
#1722 = VERTEX_POINT('',#1723);
#1723 = CARTESIAN_POINT('',(126.570581,-152.265434,1.585));
#1724 = LINE('',#1725,#1726);
#1725 = CARTESIAN_POINT('',(126.505687,-152.237046,1.585));
#1726 = VECTOR('',#1727,1.);
#1727 = DIRECTION('',(0.916173535138,-0.400781802871,0.));
#1728 = ORIENTED_EDGE('',*,*,#1729,.T.);
#1729 = EDGE_CURVE('',#1722,#1730,#1732,.T.);
#1730 = VERTEX_POINT('',#1731);
#1731 = CARTESIAN_POINT('',(126.645939,-152.255522,1.585));
#1732 = LINE('',#1733,#1734);
#1733 = CARTESIAN_POINT('',(126.570581,-152.265434,1.585));
#1734 = VECTOR('',#1735,1.);
#1735 = DIRECTION('',(0.991460295153,0.130408907422,0.));
#1736 = ORIENTED_EDGE('',*,*,#1737,.T.);
#1737 = EDGE_CURVE('',#1730,#1738,#1740,.T.);
#1738 = VERTEX_POINT('',#1739);
#1739 = CARTESIAN_POINT('',(126.693383,-152.226369,1.585));
#1740 = LINE('',#1741,#1742);
#1741 = CARTESIAN_POINT('',(126.645939,-152.255522,1.585));
#1742 = VECTOR('',#1743,1.);
#1743 = DIRECTION('',(0.852005268915,0.523533209778,0.));
#1744 = ORIENTED_EDGE('',*,*,#1745,.T.);
#1745 = EDGE_CURVE('',#1738,#1746,#1748,.T.);
#1746 = VERTEX_POINT('',#1747);
#1747 = CARTESIAN_POINT('',(126.722123,-152.174424,1.585));
#1748 = LINE('',#1749,#1750);
#1749 = CARTESIAN_POINT('',(126.693383,-152.226369,1.585));
#1750 = VECTOR('',#1751,1.);
#1751 = DIRECTION('',(0.484119012537,0.875002160969,0.));
#1752 = ORIENTED_EDGE('',*,*,#1753,.T.);
#1753 = EDGE_CURVE('',#1746,#1754,#1756,.T.);
#1754 = VERTEX_POINT('',#1755);
#1755 = CARTESIAN_POINT('',(126.71519,-152.112809,1.585));
#1756 = LINE('',#1757,#1758);
#1757 = CARTESIAN_POINT('',(126.722123,-152.174424,1.585));
#1758 = VECTOR('',#1759,1.);
#1759 = DIRECTION('',(-0.111815676531,0.993728964297,0.));
#1760 = ORIENTED_EDGE('',*,*,#1761,.T.);
#1761 = EDGE_CURVE('',#1754,#1664,#1762,.T.);
#1762 = LINE('',#1763,#1764);
#1763 = CARTESIAN_POINT('',(126.71519,-152.112809,1.585));
#1764 = VECTOR('',#1765,1.);
#1765 = DIRECTION('',(-0.535099233781,0.844789210399,0.));
#1766 = FACE_BOUND('',#1767,.F.);
#1767 = EDGE_LOOP('',(#1768,#1778,#1786,#1794,#1803,#1811,#1819,#1827,
    #1835,#1843,#1851,#1859));
#1768 = ORIENTED_EDGE('',*,*,#1769,.T.);
#1769 = EDGE_CURVE('',#1770,#1772,#1774,.T.);
#1770 = VERTEX_POINT('',#1771);
#1771 = CARTESIAN_POINT('',(128.158531,-150.207834,1.585));
#1772 = VERTEX_POINT('',#1773);
#1773 = CARTESIAN_POINT('',(128.138458,-150.170199,1.585));
#1774 = LINE('',#1775,#1776);
#1775 = CARTESIAN_POINT('',(128.158531,-150.207834,1.585));
#1776 = VECTOR('',#1777,1.);
#1777 = DIRECTION('',(-0.470606488027,0.882343206143,0.));
#1778 = ORIENTED_EDGE('',*,*,#1779,.T.);
#1779 = EDGE_CURVE('',#1772,#1780,#1782,.T.);
#1780 = VERTEX_POINT('',#1781);
#1781 = CARTESIAN_POINT('',(128.097871,-150.157902,1.585));
#1782 = LINE('',#1783,#1784);
#1783 = CARTESIAN_POINT('',(128.138458,-150.170199,1.585));
#1784 = VECTOR('',#1785,1.);
#1785 = DIRECTION('',(-0.957038087256,0.28996223813,0.));
#1786 = ORIENTED_EDGE('',*,*,#1787,.T.);
#1787 = EDGE_CURVE('',#1780,#1788,#1790,.T.);
#1788 = VERTEX_POINT('',#1789);
#1789 = CARTESIAN_POINT('',(128.054301,-150.159803,1.585));
#1790 = LINE('',#1791,#1792);
#1791 = CARTESIAN_POINT('',(128.097871,-150.157902,1.585));
#1792 = VECTOR('',#1793,1.);
#1793 = DIRECTION('',(-0.99904952741,-4.358946870806E-02,0.));
#1794 = ORIENTED_EDGE('',*,*,#1795,.T.);
#1795 = EDGE_CURVE('',#1788,#1796,#1798,.T.);
#1796 = VERTEX_POINT('',#1797);
#1797 = CARTESIAN_POINT('',(127.9421,-150.240507,1.585));
#1798 = CIRCLE('',#1799,0.102929613617);
#1799 = AXIS2_PLACEMENT_3D('',#1800,#1801,#1802);
#1800 = CARTESIAN_POINT('',(128.04274313234,-150.2620816441,1.585));
#1801 = DIRECTION('',(0.,0.,1.));
#1802 = DIRECTION('',(0.112289041508,0.993675586475,-0.));
#1803 = ORIENTED_EDGE('',*,*,#1804,.T.);
#1804 = EDGE_CURVE('',#1796,#1805,#1807,.T.);
#1805 = VERTEX_POINT('',#1806);
#1806 = CARTESIAN_POINT('',(127.935259,-150.320699,1.585));
#1807 = LINE('',#1808,#1809);
#1808 = CARTESIAN_POINT('',(127.9421,-150.240507,1.585));
#1809 = VECTOR('',#1810,1.);
#1810 = DIRECTION('',(-8.499903544441E-02,-0.996381033528,0.));
#1811 = ORIENTED_EDGE('',*,*,#1812,.T.);
#1812 = EDGE_CURVE('',#1805,#1813,#1815,.T.);
#1813 = VERTEX_POINT('',#1814);
#1814 = CARTESIAN_POINT('',(127.969569,-150.373534,1.585));
#1815 = LINE('',#1816,#1817);
#1816 = CARTESIAN_POINT('',(127.935259,-150.320699,1.585));
#1817 = VECTOR('',#1818,1.);
#1818 = DIRECTION('',(0.54462284361,-0.838681082545,0.));
#1819 = ORIENTED_EDGE('',*,*,#1820,.T.);
#1820 = EDGE_CURVE('',#1813,#1821,#1823,.T.);
#1821 = VERTEX_POINT('',#1822);
#1822 = CARTESIAN_POINT('',(128.043454,-150.397504,1.585));
#1823 = LINE('',#1824,#1825);
#1824 = CARTESIAN_POINT('',(127.969569,-150.373534,1.585));
#1825 = VECTOR('',#1826,1.);
#1826 = DIRECTION('',(0.951195246248,-0.308589700921,0.));
#1827 = ORIENTED_EDGE('',*,*,#1828,.T.);
#1828 = EDGE_CURVE('',#1821,#1829,#1831,.T.);
#1829 = VERTEX_POINT('',#1830);
#1830 = CARTESIAN_POINT('',(128.124171,-150.39022,1.585));
#1831 = LINE('',#1832,#1833);
#1832 = CARTESIAN_POINT('',(128.043454,-150.397504,1.585));
#1833 = VECTOR('',#1834,1.);
#1834 = DIRECTION('',(0.995952962735,8.987600357501E-02,0.));
#1835 = ORIENTED_EDGE('',*,*,#1836,.T.);
#1836 = EDGE_CURVE('',#1829,#1837,#1839,.T.);
#1837 = VERTEX_POINT('',#1838);
#1838 = CARTESIAN_POINT('',(128.152507,-150.359295,1.585));
#1839 = LINE('',#1840,#1841);
#1840 = CARTESIAN_POINT('',(128.124171,-150.39022,1.585));
#1841 = VECTOR('',#1842,1.);
#1842 = DIRECTION('',(0.675570229315,0.737295643052,0.));
#1843 = ORIENTED_EDGE('',*,*,#1844,.T.);
#1844 = EDGE_CURVE('',#1837,#1845,#1847,.T.);
#1845 = VERTEX_POINT('',#1846);
#1846 = CARTESIAN_POINT('',(128.160078,-150.333917,1.585));
#1847 = LINE('',#1848,#1849);
#1848 = CARTESIAN_POINT('',(128.152507,-150.359295,1.585));
#1849 = VECTOR('',#1850,1.);
#1850 = DIRECTION('',(0.285878729804,0.958265804381,0.));
#1851 = ORIENTED_EDGE('',*,*,#1852,.T.);
#1852 = EDGE_CURVE('',#1845,#1853,#1855,.T.);
#1853 = VERTEX_POINT('',#1854);
#1854 = CARTESIAN_POINT('',(128.165481,-150.255893,1.585));
#1855 = LINE('',#1856,#1857);
#1856 = CARTESIAN_POINT('',(128.160078,-150.333917,1.585));
#1857 = VECTOR('',#1858,1.);
#1858 = DIRECTION('',(6.908248704773E-02,0.997610951215,0.));
#1859 = ORIENTED_EDGE('',*,*,#1860,.T.);
#1860 = EDGE_CURVE('',#1853,#1770,#1861,.T.);
#1861 = LINE('',#1862,#1863);
#1862 = CARTESIAN_POINT('',(128.165481,-150.255893,1.585));
#1863 = VECTOR('',#1864,1.);
#1864 = DIRECTION('',(-0.143125055689,0.989704611707,0.));
#1865 = PLANE('',#1866);
#1866 = AXIS2_PLACEMENT_3D('',#1867,#1868,#1869);
#1867 = CARTESIAN_POINT('',(0.,0.,1.585));
#1868 = DIRECTION('',(0.,0.,1.));
#1869 = DIRECTION('',(1.,0.,-0.));
#1870 = SHELL_BASED_SURFACE_MODEL('',(#1871));
#1871 = OPEN_SHELL('',(#1872));
#1872 = ADVANCED_FACE('',(#1873),#2307,.T.);
#1873 = FACE_BOUND('',#1874,.F.);
#1874 = EDGE_LOOP('',(#1875,#1885,#1893,#1901,#1909,#1917,#1925,#1933,
    #1941,#1949,#1957,#1965,#1973,#1981,#1989,#1997,#2006,#2014,#2022,
    #2031,#2039,#2047,#2056,#2064,#2073,#2081,#2089,#2097,#2105,#2113,
    #2121,#2129,#2137,#2145,#2153,#2161,#2169,#2177,#2185,#2193,#2201,
    #2210,#2218,#2226,#2235,#2243,#2251,#2260,#2268,#2276,#2284,#2293,
    #2301));
#1875 = ORIENTED_EDGE('',*,*,#1876,.T.);
#1876 = EDGE_CURVE('',#1877,#1879,#1881,.T.);
#1877 = VERTEX_POINT('',#1878);
#1878 = CARTESIAN_POINT('',(116.453675,-150.635733,1.585));
#1879 = VERTEX_POINT('',#1880);
#1880 = CARTESIAN_POINT('',(116.529503,-150.62612,1.585));
#1881 = LINE('',#1882,#1883);
#1882 = CARTESIAN_POINT('',(116.453675,-150.635733,1.585));
#1883 = VECTOR('',#1884,1.);
#1884 = DIRECTION('',(0.992059789668,0.125767140873,0.));
#1885 = ORIENTED_EDGE('',*,*,#1886,.T.);
#1886 = EDGE_CURVE('',#1879,#1887,#1889,.T.);
#1887 = VERTEX_POINT('',#1888);
#1888 = CARTESIAN_POINT('',(116.596352,-150.62612,1.585));
#1889 = LINE('',#1890,#1891);
#1890 = CARTESIAN_POINT('',(116.529503,-150.62612,1.585));
#1891 = VECTOR('',#1892,1.);
#1892 = DIRECTION('',(1.,0.,0.));
#1893 = ORIENTED_EDGE('',*,*,#1894,.T.);
#1894 = EDGE_CURVE('',#1887,#1895,#1897,.T.);
#1895 = VERTEX_POINT('',#1896);
#1896 = CARTESIAN_POINT('',(116.596352,-150.82127,1.585));
#1897 = LINE('',#1898,#1899);
#1898 = CARTESIAN_POINT('',(116.596352,-150.62612,1.585));
#1899 = VECTOR('',#1900,1.);
#1900 = DIRECTION('',(0.,-1.,0.));
#1901 = ORIENTED_EDGE('',*,*,#1902,.T.);
#1902 = EDGE_CURVE('',#1895,#1903,#1905,.T.);
#1903 = VERTEX_POINT('',#1904);
#1904 = CARTESIAN_POINT('',(116.530333,-150.82127,1.585));
#1905 = LINE('',#1906,#1907);
#1906 = CARTESIAN_POINT('',(116.596352,-150.82127,1.585));
#1907 = VECTOR('',#1908,1.);
#1908 = DIRECTION('',(-1.,0.,0.));
#1909 = ORIENTED_EDGE('',*,*,#1910,.T.);
#1910 = EDGE_CURVE('',#1903,#1911,#1913,.T.);
#1911 = VERTEX_POINT('',#1912);
#1912 = CARTESIAN_POINT('',(116.495207,-150.828068,1.585));
#1913 = LINE('',#1914,#1915);
#1914 = CARTESIAN_POINT('',(116.530333,-150.82127,1.585));
#1915 = VECTOR('',#1916,1.);
#1916 = DIRECTION('',(-0.981782878183,-0.190006263335,0.));
#1917 = ORIENTED_EDGE('',*,*,#1918,.T.);
#1918 = EDGE_CURVE('',#1911,#1919,#1921,.T.);
#1919 = VERTEX_POINT('',#1920);
#1920 = CARTESIAN_POINT('',(116.465352,-150.84857,1.585));
#1921 = LINE('',#1922,#1923);
#1922 = CARTESIAN_POINT('',(116.495207,-150.828068,1.585));
#1923 = VECTOR('',#1924,1.);
#1924 = DIRECTION('',(-0.824342312569,-0.566091646032,0.));
#1925 = ORIENTED_EDGE('',*,*,#1926,.T.);
#1926 = EDGE_CURVE('',#1919,#1927,#1929,.T.);
#1927 = VERTEX_POINT('',#1928);
#1928 = CARTESIAN_POINT('',(116.445015,-150.878509,1.585));
#1929 = LINE('',#1930,#1931);
#1930 = CARTESIAN_POINT('',(116.465352,-150.84857,1.585));
#1931 = VECTOR('',#1932,1.);
#1932 = DIRECTION('',(-0.561903368921,-0.827202879586,0.));
#1933 = ORIENTED_EDGE('',*,*,#1934,.T.);
#1934 = EDGE_CURVE('',#1927,#1935,#1937,.T.);
#1935 = VERTEX_POINT('',#1936);
#1936 = CARTESIAN_POINT('',(116.43826,-150.913758,1.585));
#1937 = LINE('',#1938,#1939);
#1938 = CARTESIAN_POINT('',(116.445015,-150.878509,1.585));
#1939 = VECTOR('',#1940,1.);
#1940 = DIRECTION('',(-0.188211800851,-0.982128463094,0.));
#1941 = ORIENTED_EDGE('',*,*,#1942,.T.);
#1942 = EDGE_CURVE('',#1935,#1943,#1945,.T.);
#1943 = VERTEX_POINT('',#1944);
#1944 = CARTESIAN_POINT('',(116.43826,-152.052376,1.585));
#1945 = LINE('',#1946,#1947);
#1946 = CARTESIAN_POINT('',(116.43826,-150.913758,1.585));
#1947 = VECTOR('',#1948,1.);
#1948 = DIRECTION('',(0.,-1.,0.));
#1949 = ORIENTED_EDGE('',*,*,#1950,.T.);
#1950 = EDGE_CURVE('',#1943,#1951,#1953,.T.);
#1951 = VERTEX_POINT('',#1952);
#1952 = CARTESIAN_POINT('',(116.445011,-152.087643,1.585));
#1953 = LINE('',#1954,#1955);
#1954 = CARTESIAN_POINT('',(116.43826,-152.052376,1.585));
#1955 = VECTOR('',#1956,1.);
#1956 = DIRECTION('',(0.18801168266,-0.982166791937,0.));
#1957 = ORIENTED_EDGE('',*,*,#1958,.T.);
#1958 = EDGE_CURVE('',#1951,#1959,#1961,.T.);
#1959 = VERTEX_POINT('',#1960);
#1960 = CARTESIAN_POINT('',(116.465352,-152.117668,1.585));
#1961 = LINE('',#1962,#1963);
#1962 = CARTESIAN_POINT('',(116.445011,-152.087643,1.585));
#1963 = VECTOR('',#1964,1.);
#1964 = DIRECTION('',(0.560876190543,-0.827899691316,0.));
#1965 = ORIENTED_EDGE('',*,*,#1966,.T.);
#1966 = EDGE_CURVE('',#1959,#1967,#1969,.T.);
#1967 = VERTEX_POINT('',#1968);
#1968 = CARTESIAN_POINT('',(116.495207,-152.13817,1.585));
#1969 = LINE('',#1970,#1971);
#1970 = CARTESIAN_POINT('',(116.465352,-152.117668,1.585));
#1971 = VECTOR('',#1972,1.);
#1972 = DIRECTION('',(0.824342312569,-0.566091646032,0.));
#1973 = ORIENTED_EDGE('',*,*,#1974,.T.);
#1974 = EDGE_CURVE('',#1967,#1975,#1977,.T.);
#1975 = VERTEX_POINT('',#1976);
#1976 = CARTESIAN_POINT('',(116.530333,-152.144968,1.585));
#1977 = LINE('',#1978,#1979);
#1978 = CARTESIAN_POINT('',(116.495207,-152.13817,1.585));
#1979 = VECTOR('',#1980,1.);
#1980 = DIRECTION('',(0.981782878183,-0.190006263335,0.));
#1981 = ORIENTED_EDGE('',*,*,#1982,.T.);
#1982 = EDGE_CURVE('',#1975,#1983,#1985,.T.);
#1983 = VERTEX_POINT('',#1984);
#1984 = CARTESIAN_POINT('',(116.910564,-152.144968,1.585));
#1985 = LINE('',#1986,#1987);
#1986 = CARTESIAN_POINT('',(116.530333,-152.144968,1.585));
#1987 = VECTOR('',#1988,1.);
#1988 = DIRECTION('',(1.,0.,0.));
#1989 = ORIENTED_EDGE('',*,*,#1990,.T.);
#1990 = EDGE_CURVE('',#1983,#1991,#1993,.T.);
#1991 = VERTEX_POINT('',#1992);
#1992 = CARTESIAN_POINT('',(116.945332,-152.138146,1.585));
#1993 = LINE('',#1994,#1995);
#1994 = CARTESIAN_POINT('',(116.910564,-152.144968,1.585));
#1995 = VECTOR('',#1996,1.);
#1996 = DIRECTION('',(0.981288453594,0.192543425863,0.));
#1997 = ORIENTED_EDGE('',*,*,#1998,.T.);
#1998 = EDGE_CURVE('',#1991,#1999,#2001,.T.);
#1999 = VERTEX_POINT('',#2000);
#2000 = CARTESIAN_POINT('',(117.00025,-152.052168,1.585));
#2001 = CIRCLE('',#2002,9.33368204655E-02);
#2002 = AXIS2_PLACEMENT_3D('',#2003,#2004,#2005);
#2003 = CARTESIAN_POINT('',(116.90691764243,-152.0530807357,1.585));
#2004 = DIRECTION('',(0.,0.,1.));
#2005 = DIRECTION('',(0.411567025431,-0.91137949482,0.));
#2006 = ORIENTED_EDGE('',*,*,#2007,.T.);
#2007 = EDGE_CURVE('',#1999,#2008,#2010,.T.);
#2008 = VERTEX_POINT('',#2009);
#2009 = CARTESIAN_POINT('',(117.00025,-150.911267,1.585));
#2010 = LINE('',#2011,#2012);
#2011 = CARTESIAN_POINT('',(117.00025,-152.052168,1.585));
#2012 = VECTOR('',#2013,1.);
#2013 = DIRECTION('',(0.,1.,0.));
#2014 = ORIENTED_EDGE('',*,*,#2015,.T.);
#2015 = EDGE_CURVE('',#2008,#2016,#2018,.T.);
#2016 = VERTEX_POINT('',#2017);
#2017 = CARTESIAN_POINT('',(117.010181,-150.835836,1.585));
#2018 = LINE('',#2019,#2020);
#2019 = CARTESIAN_POINT('',(117.00025,-150.911267,1.585));
#2020 = VECTOR('',#2021,1.);
#2021 = DIRECTION('',(0.130530332425,0.991444316297,0.));
#2022 = ORIENTED_EDGE('',*,*,#2023,.T.);
#2023 = EDGE_CURVE('',#2016,#2024,#2026,.T.);
#2024 = VERTEX_POINT('',#2025);
#2025 = CARTESIAN_POINT('',(117.210983,-150.635739,1.585));
#2026 = CIRCLE('',#2027,0.291063904043);
#2027 = AXIS2_PLACEMENT_3D('',#2028,#2029,#2030);
#2028 = CARTESIAN_POINT('',(117.29002674146,-150.9158644775,1.585));
#2029 = DIRECTION('',(0.,0.,-1.));
#2030 = DIRECTION('',(-0.961458077012,0.274951570553,0.));
#2031 = ORIENTED_EDGE('',*,*,#2032,.T.);
#2032 = EDGE_CURVE('',#2024,#2033,#2035,.T.);
#2033 = VERTEX_POINT('',#2034);
#2034 = CARTESIAN_POINT('',(117.286539,-150.62612,1.585));
#2035 = LINE('',#2036,#2037);
#2036 = CARTESIAN_POINT('',(117.210983,-150.635739,1.585));
#2037 = VECTOR('',#2038,1.);
#2038 = DIRECTION('',(0.991993336764,0.126290220583,0.));
#2039 = ORIENTED_EDGE('',*,*,#2040,.T.);
#2040 = EDGE_CURVE('',#2033,#2041,#2043,.T.);
#2041 = VERTEX_POINT('',#2042);
#2042 = CARTESIAN_POINT('',(117.670611,-150.62612,1.585));
#2043 = LINE('',#2044,#2045);
#2044 = CARTESIAN_POINT('',(117.286539,-150.62612,1.585));
#2045 = VECTOR('',#2046,1.);
#2046 = DIRECTION('',(1.,0.,0.));
#2047 = ORIENTED_EDGE('',*,*,#2048,.T.);
#2048 = EDGE_CURVE('',#2041,#2049,#2051,.T.);
#2049 = VERTEX_POINT('',#2050);
#2050 = CARTESIAN_POINT('',(117.956901,-150.911786,1.585));
#2051 = CIRCLE('',#2052,0.283603940429);
#2052 = AXIS2_PLACEMENT_3D('',#2053,#2054,#2055);
#2053 = CARTESIAN_POINT('',(117.6733046495,-150.909711148,1.585));
#2054 = DIRECTION('',(0.,0.,-1.));
#2055 = DIRECTION('',(-9.497926921187E-03,0.999954893675,0.));
#2056 = ORIENTED_EDGE('',*,*,#2057,.T.);
#2057 = EDGE_CURVE('',#2049,#2058,#2060,.T.);
#2058 = VERTEX_POINT('',#2059);
#2059 = CARTESIAN_POINT('',(117.956901,-152.054348,1.585));
#2060 = LINE('',#2061,#2062);
#2061 = CARTESIAN_POINT('',(117.956901,-150.911786,1.585));
#2062 = VECTOR('',#2063,1.);
#2063 = DIRECTION('',(0.,-1.,0.));
#2064 = ORIENTED_EDGE('',*,*,#2065,.T.);
#2065 = EDGE_CURVE('',#2058,#2066,#2068,.T.);
#2066 = VERTEX_POINT('',#2067);
#2067 = CARTESIAN_POINT('',(117.814379,-152.302022,1.585));
#2068 = CIRCLE('',#2069,0.282995751909);
#2069 = AXIS2_PLACEMENT_3D('',#2070,#2071,#2072);
#2070 = CARTESIAN_POINT('',(117.67391231554,-152.0563480165,1.585));
#2071 = DIRECTION('',(0.,0.,-1.));
#2072 = DIRECTION('',(0.999975026307,7.067302295724E-03,0.));
#2073 = ORIENTED_EDGE('',*,*,#2074,.T.);
#2074 = EDGE_CURVE('',#2066,#2075,#2077,.T.);
#2075 = VERTEX_POINT('',#2076);
#2076 = CARTESIAN_POINT('',(117.745435,-152.33051,1.585));
#2077 = LINE('',#2078,#2079);
#2078 = CARTESIAN_POINT('',(117.814379,-152.302022,1.585));
#2079 = VECTOR('',#2080,1.);
#2080 = DIRECTION('',(-0.924208771,-0.381887611224,0.));
#2081 = ORIENTED_EDGE('',*,*,#2082,.T.);
#2082 = EDGE_CURVE('',#2075,#2083,#2085,.T.);
#2083 = VERTEX_POINT('',#2084);
#2084 = CARTESIAN_POINT('',(117.669366,-152.340118,1.585));
#2085 = LINE('',#2086,#2087);
#2086 = CARTESIAN_POINT('',(117.745435,-152.33051,1.585));
#2087 = VECTOR('',#2088,1.);
#2088 = DIRECTION('',(-0.992117538292,-0.125310774532,0.));
#2089 = ORIENTED_EDGE('',*,*,#2090,.T.);
#2090 = EDGE_CURVE('',#2083,#2091,#2093,.T.);
#2091 = VERTEX_POINT('',#2092);
#2092 = CARTESIAN_POINT('',(117.602205,-152.340118,1.585));
#2093 = LINE('',#2094,#2095);
#2094 = CARTESIAN_POINT('',(117.669366,-152.340118,1.585));
#2095 = VECTOR('',#2096,1.);
#2096 = DIRECTION('',(-1.,0.,0.));
#2097 = ORIENTED_EDGE('',*,*,#2098,.T.);
#2098 = EDGE_CURVE('',#2091,#2099,#2101,.T.);
#2099 = VERTEX_POINT('',#2100);
#2100 = CARTESIAN_POINT('',(117.602205,-152.144968,1.585));
#2101 = LINE('',#2102,#2103);
#2102 = CARTESIAN_POINT('',(117.602205,-152.340118,1.585));
#2103 = VECTOR('',#2104,1.);
#2104 = DIRECTION('',(0.,1.,0.));
#2105 = ORIENTED_EDGE('',*,*,#2106,.T.);
#2106 = EDGE_CURVE('',#2099,#2107,#2109,.T.);
#2107 = VERTEX_POINT('',#2108);
#2108 = CARTESIAN_POINT('',(117.668847,-152.144968,1.585));
#2109 = LINE('',#2110,#2111);
#2110 = CARTESIAN_POINT('',(117.602205,-152.144968,1.585));
#2111 = VECTOR('',#2112,1.);
#2112 = DIRECTION('',(1.,0.,0.));
#2113 = ORIENTED_EDGE('',*,*,#2114,.T.);
#2114 = EDGE_CURVE('',#2107,#2115,#2117,.T.);
#2115 = VERTEX_POINT('',#2116);
#2116 = CARTESIAN_POINT('',(117.704116,-152.138175,1.585));
#2117 = LINE('',#2118,#2119);
#2118 = CARTESIAN_POINT('',(117.668847,-152.144968,1.585));
#2119 = VECTOR('',#2120,1.);
#2120 = DIRECTION('',(0.981952192468,0.189129298915,0.));
#2121 = ORIENTED_EDGE('',*,*,#2122,.T.);
#2122 = EDGE_CURVE('',#2115,#2123,#2125,.T.);
#2123 = VERTEX_POINT('',#2124);
#2124 = CARTESIAN_POINT('',(117.734243,-152.117668,1.585));
#2125 = LINE('',#2126,#2127);
#2126 = CARTESIAN_POINT('',(117.704116,-152.138175,1.585));
#2127 = VECTOR('',#2128,1.);
#2128 = DIRECTION('',(0.826663066386,0.562697231798,0.));
#2129 = ORIENTED_EDGE('',*,*,#2130,.T.);
#2130 = EDGE_CURVE('',#2123,#2131,#2133,.T.);
#2131 = VERTEX_POINT('',#2132);
#2132 = CARTESIAN_POINT('',(117.754746,-152.087627,1.585));
#2133 = LINE('',#2134,#2135);
#2134 = CARTESIAN_POINT('',(117.734243,-152.117668,1.585));
#2135 = VECTOR('',#2136,1.);
#2136 = DIRECTION('',(0.563721532666,0.82596491064,0.));
#2137 = ORIENTED_EDGE('',*,*,#2138,.T.);
#2138 = EDGE_CURVE('',#2131,#2139,#2141,.T.);
#2139 = VERTEX_POINT('',#2140);
#2140 = CARTESIAN_POINT('',(117.761543,-152.052376,1.585));
#2141 = LINE('',#2142,#2143);
#2142 = CARTESIAN_POINT('',(117.754746,-152.087627,1.585));
#2143 = VECTOR('',#2144,1.);
#2144 = DIRECTION('',(0.189329844974,0.981913544973,0.));
#2145 = ORIENTED_EDGE('',*,*,#2146,.T.);
#2146 = EDGE_CURVE('',#2139,#2147,#2149,.T.);
#2147 = VERTEX_POINT('',#2148);
#2148 = CARTESIAN_POINT('',(117.761543,-150.913758,1.585));
#2149 = LINE('',#2150,#2151);
#2150 = CARTESIAN_POINT('',(117.761543,-152.052376,1.585));
#2151 = VECTOR('',#2152,1.);
#2152 = DIRECTION('',(0.,1.,0.));
#2153 = ORIENTED_EDGE('',*,*,#2154,.T.);
#2154 = EDGE_CURVE('',#2147,#2155,#2157,.T.);
#2155 = VERTEX_POINT('',#2156);
#2156 = CARTESIAN_POINT('',(117.754743,-150.878525,1.585));
#2157 = LINE('',#2158,#2159);
#2158 = CARTESIAN_POINT('',(117.761543,-150.913758,1.585));
#2159 = VECTOR('',#2160,1.);
#2160 = DIRECTION('',(-0.189503705032,0.981880005795,0.));
#2161 = ORIENTED_EDGE('',*,*,#2162,.T.);
#2162 = EDGE_CURVE('',#2155,#2163,#2165,.T.);
#2163 = VERTEX_POINT('',#2164);
#2164 = CARTESIAN_POINT('',(117.734243,-150.84857,1.585));
#2165 = LINE('',#2166,#2167);
#2166 = CARTESIAN_POINT('',(117.754743,-150.878525,1.585));
#2167 = VECTOR('',#2168,1.);
#2168 = DIRECTION('',(-0.564767861138,0.825249818555,0.));
#2169 = ORIENTED_EDGE('',*,*,#2170,.T.);
#2170 = EDGE_CURVE('',#2163,#2171,#2173,.T.);
#2171 = VERTEX_POINT('',#2172);
#2172 = CARTESIAN_POINT('',(117.704116,-150.828063,1.585));
#2173 = LINE('',#2174,#2175);
#2174 = CARTESIAN_POINT('',(117.734243,-150.84857,1.585));
#2175 = VECTOR('',#2176,1.);
#2176 = DIRECTION('',(-0.826663066386,0.562697231798,0.));
#2177 = ORIENTED_EDGE('',*,*,#2178,.T.);
#2178 = EDGE_CURVE('',#2171,#2179,#2181,.T.);
#2179 = VERTEX_POINT('',#2180);
#2180 = CARTESIAN_POINT('',(117.668847,-150.82127,1.585));
#2181 = LINE('',#2182,#2183);
#2182 = CARTESIAN_POINT('',(117.704116,-150.828063,1.585));
#2183 = VECTOR('',#2184,1.);
#2184 = DIRECTION('',(-0.981952192468,0.189129298915,0.));
#2185 = ORIENTED_EDGE('',*,*,#2186,.T.);
#2186 = EDGE_CURVE('',#2179,#2187,#2189,.T.);
#2187 = VERTEX_POINT('',#2188);
#2188 = CARTESIAN_POINT('',(117.285917,-150.82127,1.585));
#2189 = LINE('',#2190,#2191);
#2190 = CARTESIAN_POINT('',(117.668847,-150.82127,1.585));
#2191 = VECTOR('',#2192,1.);
#2192 = DIRECTION('',(-1.,0.,0.));
#2193 = ORIENTED_EDGE('',*,*,#2194,.T.);
#2194 = EDGE_CURVE('',#2187,#2195,#2197,.T.);
#2195 = VERTEX_POINT('',#2196);
#2196 = CARTESIAN_POINT('',(117.250863,-150.828103,1.585));
#2197 = LINE('',#2198,#2199);
#2198 = CARTESIAN_POINT('',(117.285917,-150.82127,1.585));
#2199 = VECTOR('',#2200,1.);
#2200 = DIRECTION('',(-0.981526389714,-0.191326804956,0.));
#2201 = ORIENTED_EDGE('',*,*,#2202,.T.);
#2202 = EDGE_CURVE('',#2195,#2203,#2205,.T.);
#2203 = VERTEX_POINT('',#2204);
#2204 = CARTESIAN_POINT('',(117.195608,-150.913966,1.585));
#2205 = CIRCLE('',#2206,9.354574083523E-02);
#2206 = AXIS2_PLACEMENT_3D('',#2207,#2208,#2209);
#2207 = CARTESIAN_POINT('',(117.28915233771,-150.9134536429,1.585));
#2208 = DIRECTION('',(0.,0.,1.));
#2209 = DIRECTION('',(-0.409311395405,0.912394750967,0.));
#2210 = ORIENTED_EDGE('',*,*,#2211,.T.);
#2211 = EDGE_CURVE('',#2203,#2212,#2214,.T.);
#2212 = VERTEX_POINT('',#2213);
#2213 = CARTESIAN_POINT('',(117.195608,-152.054867,1.585));
#2214 = LINE('',#2215,#2216);
#2215 = CARTESIAN_POINT('',(117.195608,-150.913966,1.585));
#2216 = VECTOR('',#2217,1.);
#2217 = DIRECTION('',(0.,-1.,0.));
#2218 = ORIENTED_EDGE('',*,*,#2219,.T.);
#2219 = EDGE_CURVE('',#2212,#2220,#2222,.T.);
#2220 = VERTEX_POINT('',#2221);
#2221 = CARTESIAN_POINT('',(117.185753,-152.130332,1.585));
#2222 = LINE('',#2223,#2224);
#2223 = CARTESIAN_POINT('',(117.195608,-152.054867,1.585));
#2224 = VECTOR('',#2225,1.);
#2225 = DIRECTION('',(-0.129490849792,-0.991580616904,0.));
#2226 = ORIENTED_EDGE('',*,*,#2227,.T.);
#2227 = EDGE_CURVE('',#2220,#2228,#2230,.T.);
#2228 = VERTEX_POINT('',#2229);
#2229 = CARTESIAN_POINT('',(116.985819,-152.330503,1.585));
#2230 = CIRCLE('',#2231,0.29030301792);
#2231 = AXIS2_PLACEMENT_3D('',#2232,#2233,#2234);
#2232 = CARTESIAN_POINT('',(116.90642398029,-152.0512678427,1.585));
#2233 = DIRECTION('',(0.,0.,-1.));
#2234 = DIRECTION('',(0.96219812561,-0.272350449005,0.));
#2235 = ORIENTED_EDGE('',*,*,#2236,.T.);
#2236 = EDGE_CURVE('',#2228,#2237,#2239,.T.);
#2237 = VERTEX_POINT('',#2238);
#2238 = CARTESIAN_POINT('',(116.910564,-152.340118,1.585));
#2239 = LINE('',#2240,#2241);
#2240 = CARTESIAN_POINT('',(116.985819,-152.330503,1.585));
#2241 = VECTOR('',#2242,1.);
#2242 = DIRECTION('',(-0.991936563844,-0.126735367236,0.));
#2243 = ORIENTED_EDGE('',*,*,#2244,.T.);
#2244 = EDGE_CURVE('',#2237,#2245,#2247,.T.);
#2245 = VERTEX_POINT('',#2246);
#2246 = CARTESIAN_POINT('',(116.528049,-152.340118,1.585));
#2247 = LINE('',#2248,#2249);
#2248 = CARTESIAN_POINT('',(116.910564,-152.340118,1.585));
#2249 = VECTOR('',#2250,1.);
#2250 = DIRECTION('',(-1.,0.,0.));
#2251 = ORIENTED_EDGE('',*,*,#2252,.T.);
#2252 = EDGE_CURVE('',#2245,#2253,#2255,.T.);
#2253 = VERTEX_POINT('',#2254);
#2254 = CARTESIAN_POINT('',(116.280998,-152.198531,1.585));
#2255 = CIRCLE('',#2256,0.282902391033);
#2256 = AXIS2_PLACEMENT_3D('',#2257,#2258,#2259);
#2257 = CARTESIAN_POINT('',(116.52608096108,-152.0572224544,1.585));
#2258 = DIRECTION('',(0.,0.,-1.));
#2259 = DIRECTION('',(6.956600492049E-03,-0.999975802562,0.));
#2260 = ORIENTED_EDGE('',*,*,#2261,.T.);
#2261 = EDGE_CURVE('',#2253,#2262,#2264,.T.);
#2262 = VERTEX_POINT('',#2263);
#2263 = CARTESIAN_POINT('',(116.252515,-152.13007,1.585));
#2264 = LINE('',#2265,#2266);
#2265 = CARTESIAN_POINT('',(116.280998,-152.198531,1.585));
#2266 = VECTOR('',#2267,1.);
#2267 = DIRECTION('',(-0.38412791199,0.923279885642,0.));
#2268 = ORIENTED_EDGE('',*,*,#2269,.T.);
#2269 = EDGE_CURVE('',#2262,#2270,#2272,.T.);
#2270 = VERTEX_POINT('',#2271);
#2271 = CARTESIAN_POINT('',(116.242902,-152.054348,1.585));
#2272 = LINE('',#2273,#2274);
#2273 = CARTESIAN_POINT('',(116.252515,-152.13007,1.585));
#2274 = VECTOR('',#2275,1.);
#2275 = DIRECTION('',(-0.12594040643,0.99203780877,0.));
#2276 = ORIENTED_EDGE('',*,*,#2277,.T.);
#2277 = EDGE_CURVE('',#2270,#2278,#2280,.T.);
#2278 = VERTEX_POINT('',#2279);
#2279 = CARTESIAN_POINT('',(116.242902,-150.911786,1.585));
#2280 = LINE('',#2281,#2282);
#2281 = CARTESIAN_POINT('',(116.242902,-152.054348,1.585));
#2282 = VECTOR('',#2283,1.);
#2283 = DIRECTION('',(0.,1.,0.));
#2284 = ORIENTED_EDGE('',*,*,#2285,.T.);
#2285 = EDGE_CURVE('',#2278,#2286,#2288,.T.);
#2286 = VERTEX_POINT('',#2287);
#2287 = CARTESIAN_POINT('',(116.326275,-150.709091,1.585));
#2288 = CIRCLE('',#2289,0.282154210261);
#2289 = AXIS2_PLACEMENT_3D('',#2290,#2291,#2292);
#2290 = CARTESIAN_POINT('',(116.52504564177,-150.9093439159,1.585));
#2291 = DIRECTION('',(0.,0.,-1.));
#2292 = DIRECTION('',(-0.999962543578,-8.65513958383E-03,-0.));
#2293 = ORIENTED_EDGE('',*,*,#2294,.T.);
#2294 = EDGE_CURVE('',#2286,#2295,#2297,.T.);
#2295 = VERTEX_POINT('',#2296);
#2296 = CARTESIAN_POINT('',(116.385112,-150.664215,1.585));
#2297 = LINE('',#2298,#2299);
#2298 = CARTESIAN_POINT('',(116.326275,-150.709091,1.585));
#2299 = VECTOR('',#2300,1.);
#2300 = DIRECTION('',(0.795120154358,0.606451927307,0.));
#2301 = ORIENTED_EDGE('',*,*,#2302,.T.);
#2302 = EDGE_CURVE('',#2295,#1877,#2303,.T.);
#2303 = LINE('',#2304,#2305);
#2304 = CARTESIAN_POINT('',(116.385112,-150.664215,1.585));
#2305 = VECTOR('',#2306,1.);
#2306 = DIRECTION('',(0.923487246205,0.383629125715,0.));
#2307 = PLANE('',#2308);
#2308 = AXIS2_PLACEMENT_3D('',#2309,#2310,#2311);
#2309 = CARTESIAN_POINT('',(0.,0.,1.585));
#2310 = DIRECTION('',(0.,0.,1.));
#2311 = DIRECTION('',(1.,0.,-0.));
#2312 = SHELL_BASED_SURFACE_MODEL('',(#2313));
#2313 = OPEN_SHELL('',(#2314));
#2314 = ADVANCED_FACE('',(#2315),#2349,.T.);
#2315 = FACE_BOUND('',#2316,.F.);
#2316 = EDGE_LOOP('',(#2317,#2327,#2335,#2343));
#2317 = ORIENTED_EDGE('',*,*,#2318,.T.);
#2318 = EDGE_CURVE('',#2319,#2321,#2323,.T.);
#2319 = VERTEX_POINT('',#2320);
#2320 = CARTESIAN_POINT('',(128.527795,-152.269536,1.585));
#2321 = VERTEX_POINT('',#2322);
#2322 = CARTESIAN_POINT('',(128.527795,-151.867353,1.585));
#2323 = LINE('',#2324,#2325);
#2324 = CARTESIAN_POINT('',(128.527795,-152.269536,1.585));
#2325 = VECTOR('',#2326,1.);
#2326 = DIRECTION('',(0.,1.,0.));
#2327 = ORIENTED_EDGE('',*,*,#2328,.T.);
#2328 = EDGE_CURVE('',#2321,#2329,#2331,.T.);
#2329 = VERTEX_POINT('',#2330);
#2330 = CARTESIAN_POINT('',(144.122458,-151.867353,1.585));
#2331 = LINE('',#2332,#2333);
#2332 = CARTESIAN_POINT('',(128.527795,-151.867353,1.585));
#2333 = VECTOR('',#2334,1.);
#2334 = DIRECTION('',(1.,0.,0.));
#2335 = ORIENTED_EDGE('',*,*,#2336,.T.);
#2336 = EDGE_CURVE('',#2329,#2337,#2339,.T.);
#2337 = VERTEX_POINT('',#2338);
#2338 = CARTESIAN_POINT('',(144.122458,-152.269536,1.585));
#2339 = LINE('',#2340,#2341);
#2340 = CARTESIAN_POINT('',(144.122458,-151.867353,1.585));
#2341 = VECTOR('',#2342,1.);
#2342 = DIRECTION('',(0.,-1.,0.));
#2343 = ORIENTED_EDGE('',*,*,#2344,.T.);
#2344 = EDGE_CURVE('',#2337,#2319,#2345,.T.);
#2345 = LINE('',#2346,#2347);
#2346 = CARTESIAN_POINT('',(144.122458,-152.269536,1.585));
#2347 = VECTOR('',#2348,1.);
#2348 = DIRECTION('',(-1.,0.,0.));
#2349 = PLANE('',#2350);
#2350 = AXIS2_PLACEMENT_3D('',#2351,#2352,#2353);
#2351 = CARTESIAN_POINT('',(0.,0.,1.585));
#2352 = DIRECTION('',(0.,0.,1.));
#2353 = DIRECTION('',(1.,0.,-0.));
#2354 = SHELL_BASED_SURFACE_MODEL('',(#2355));
#2355 = OPEN_SHELL('',(#2356));
#2356 = ADVANCED_FACE('',(#2357),#2527,.T.);
#2357 = FACE_BOUND('',#2358,.F.);
#2358 = EDGE_LOOP('',(#2359,#2369,#2377,#2385,#2393,#2401,#2409,#2417,
    #2425,#2433,#2441,#2449,#2457,#2465,#2473,#2481,#2489,#2497,#2505,
    #2513,#2521));
#2359 = ORIENTED_EDGE('',*,*,#2360,.T.);
#2360 = EDGE_CURVE('',#2361,#2363,#2365,.T.);
#2361 = VERTEX_POINT('',#2362);
#2362 = CARTESIAN_POINT('',(132.590299,-150.259481,1.585));
#2363 = VERTEX_POINT('',#2364);
#2364 = CARTESIAN_POINT('',(132.652847,-150.214024,1.585));
#2365 = LINE('',#2366,#2367);
#2366 = CARTESIAN_POINT('',(132.590299,-150.259481,1.585));
#2367 = VECTOR('',#2368,1.);
#2368 = DIRECTION('',(0.80893569586,0.587897133828,0.));
#2369 = ORIENTED_EDGE('',*,*,#2370,.T.);
#2370 = EDGE_CURVE('',#2363,#2371,#2373,.T.);
#2371 = VERTEX_POINT('',#2372);
#2372 = CARTESIAN_POINT('',(132.716465,-150.184844,1.585));
#2373 = LINE('',#2374,#2375);
#2374 = CARTESIAN_POINT('',(132.652847,-150.214024,1.585));
#2375 = VECTOR('',#2376,1.);
#2376 = DIRECTION('',(0.908947083223,0.41691150128,0.));
#2377 = ORIENTED_EDGE('',*,*,#2378,.T.);
#2378 = EDGE_CURVE('',#2371,#2379,#2381,.T.);
#2379 = VERTEX_POINT('',#2380);
#2380 = CARTESIAN_POINT('',(132.767224,-150.197973,1.585));
#2381 = LINE('',#2382,#2383);
#2382 = CARTESIAN_POINT('',(132.716465,-150.184844,1.585));
#2383 = VECTOR('',#2384,1.);
#2384 = DIRECTION('',(0.968139178751,-0.25041272046,0.));
#2385 = ORIENTED_EDGE('',*,*,#2386,.T.);
#2386 = EDGE_CURVE('',#2379,#2387,#2389,.T.);
#2387 = VERTEX_POINT('',#2388);
#2388 = CARTESIAN_POINT('',(132.862083,-150.290624,1.585));
#2389 = LINE('',#2390,#2391);
#2390 = CARTESIAN_POINT('',(132.767224,-150.197973,1.585));
#2391 = VECTOR('',#2392,1.);
#2392 = DIRECTION('',(0.715383630957,-0.69873189462,0.));
#2393 = ORIENTED_EDGE('',*,*,#2394,.T.);
#2394 = EDGE_CURVE('',#2387,#2395,#2397,.T.);
#2395 = VERTEX_POINT('',#2396);
#2396 = CARTESIAN_POINT('',(133.203026,-150.670877,1.585));
#2397 = LINE('',#2398,#2399);
#2398 = CARTESIAN_POINT('',(132.862083,-150.290624,1.585));
#2399 = VECTOR('',#2400,1.);
#2400 = DIRECTION('',(0.667573799592,-0.744543633441,0.));
#2401 = ORIENTED_EDGE('',*,*,#2402,.T.);
#2402 = EDGE_CURVE('',#2395,#2403,#2405,.T.);
#2403 = VERTEX_POINT('',#2404);
#2404 = CARTESIAN_POINT('',(133.578335,-151.10285,1.585));
#2405 = LINE('',#2406,#2407);
#2406 = CARTESIAN_POINT('',(133.203026,-150.670877,1.585));
#2407 = VECTOR('',#2408,1.);
#2408 = DIRECTION('',(0.655860530584,-0.754882086436,0.));
#2409 = ORIENTED_EDGE('',*,*,#2410,.T.);
#2410 = EDGE_CURVE('',#2403,#2411,#2413,.T.);
#2411 = VERTEX_POINT('',#2412);
#2412 = CARTESIAN_POINT('',(133.579799,-150.202242,1.585));
#2413 = LINE('',#2414,#2415);
#2414 = CARTESIAN_POINT('',(133.578335,-151.10285,1.585));
#2415 = VECTOR('',#2416,1.);
#2416 = DIRECTION('',(1.625566357075E-03,0.999998678766,0.));
#2417 = ORIENTED_EDGE('',*,*,#2418,.T.);
#2418 = EDGE_CURVE('',#2411,#2419,#2421,.T.);
#2419 = VERTEX_POINT('',#2420);
#2420 = CARTESIAN_POINT('',(133.866127,-150.202242,1.585));
#2421 = LINE('',#2422,#2423);
#2422 = CARTESIAN_POINT('',(133.579799,-150.202242,1.585));
#2423 = VECTOR('',#2424,1.);
#2424 = DIRECTION('',(1.,0.,0.));
#2425 = ORIENTED_EDGE('',*,*,#2426,.T.);
#2426 = EDGE_CURVE('',#2419,#2427,#2429,.T.);
#2427 = VERTEX_POINT('',#2428);
#2428 = CARTESIAN_POINT('',(133.863733,-151.378534,1.585));
#2429 = LINE('',#2430,#2431);
#2430 = CARTESIAN_POINT('',(133.866127,-150.202242,1.585));
#2431 = VECTOR('',#2432,1.);
#2432 = DIRECTION('',(-2.035204729745E-03,-0.999997928969,0.));
#2433 = ORIENTED_EDGE('',*,*,#2434,.T.);
#2434 = EDGE_CURVE('',#2427,#2435,#2437,.T.);
#2435 = VERTEX_POINT('',#2436);
#2436 = CARTESIAN_POINT('',(133.852916,-151.525293,1.585));
#2437 = LINE('',#2438,#2439);
#2438 = CARTESIAN_POINT('',(133.863733,-151.378534,1.585));
#2439 = VECTOR('',#2440,1.);
#2440 = DIRECTION('',(-7.350647795778E-02,-0.997294739632,0.));
#2441 = ORIENTED_EDGE('',*,*,#2442,.T.);
#2442 = EDGE_CURVE('',#2435,#2443,#2445,.T.);
#2443 = VERTEX_POINT('',#2444);
#2444 = CARTESIAN_POINT('',(133.843364,-151.564324,1.585));
#2445 = LINE('',#2446,#2447);
#2446 = CARTESIAN_POINT('',(133.852916,-151.525293,1.585));
#2447 = VECTOR('',#2448,1.);
#2448 = DIRECTION('',(-0.237713483062,-0.971335317988,0.));
#2449 = ORIENTED_EDGE('',*,*,#2450,.T.);
#2450 = EDGE_CURVE('',#2443,#2451,#2453,.T.);
#2451 = VERTEX_POINT('',#2452);
#2452 = CARTESIAN_POINT('',(133.818913,-151.60258,1.585));
#2453 = LINE('',#2454,#2455);
#2454 = CARTESIAN_POINT('',(133.843364,-151.564324,1.585));
#2455 = VECTOR('',#2456,1.);
#2456 = DIRECTION('',(-0.538540464537,-0.84259964874,0.));
#2457 = ORIENTED_EDGE('',*,*,#2458,.T.);
#2458 = EDGE_CURVE('',#2451,#2459,#2461,.T.);
#2459 = VERTEX_POINT('',#2460);
#2460 = CARTESIAN_POINT('',(133.761071,-151.640282,1.585));
#2461 = LINE('',#2462,#2463);
#2462 = CARTESIAN_POINT('',(133.818913,-151.60258,1.585));
#2463 = VECTOR('',#2464,1.);
#2464 = DIRECTION('',(-0.837750025293,-0.546053930597,0.));
#2465 = ORIENTED_EDGE('',*,*,#2466,.T.);
#2466 = EDGE_CURVE('',#2459,#2467,#2469,.T.);
#2467 = VERTEX_POINT('',#2468);
#2468 = CARTESIAN_POINT('',(133.717521,-151.649421,1.585));
#2469 = LINE('',#2470,#2471);
#2470 = CARTESIAN_POINT('',(133.761071,-151.640282,1.585));
#2471 = VECTOR('',#2472,1.);
#2472 = DIRECTION('',(-0.978682866101,-0.205377329811,0.));
#2473 = ORIENTED_EDGE('',*,*,#2474,.T.);
#2474 = EDGE_CURVE('',#2467,#2475,#2477,.T.);
#2475 = VERTEX_POINT('',#2476);
#2476 = CARTESIAN_POINT('',(133.681581,-151.628162,1.585));
#2477 = LINE('',#2478,#2479);
#2478 = CARTESIAN_POINT('',(133.717521,-151.649421,1.585));
#2479 = VECTOR('',#2480,1.);
#2480 = DIRECTION('',(-0.86069854879,0.50911492623,0.));
#2481 = ORIENTED_EDGE('',*,*,#2482,.T.);
#2482 = EDGE_CURVE('',#2475,#2483,#2485,.T.);
#2483 = VERTEX_POINT('',#2484);
#2484 = CARTESIAN_POINT('',(133.615481,-151.567978,1.585));
#2485 = LINE('',#2486,#2487);
#2486 = CARTESIAN_POINT('',(133.681581,-151.628162,1.585));
#2487 = VECTOR('',#2488,1.);
#2488 = DIRECTION('',(-0.739421533316,0.673242746763,0.));
#2489 = ORIENTED_EDGE('',*,*,#2490,.T.);
#2490 = EDGE_CURVE('',#2483,#2491,#2493,.T.);
#2491 = VERTEX_POINT('',#2492);
#2492 = CARTESIAN_POINT('',(133.402708,-151.341639,1.585));
#2493 = LINE('',#2494,#2495);
#2494 = CARTESIAN_POINT('',(133.615481,-151.567978,1.585));
#2495 = VECTOR('',#2496,1.);
#2496 = DIRECTION('',(-0.684934515541,0.728604631759,0.));
#2497 = ORIENTED_EDGE('',*,*,#2498,.T.);
#2498 = EDGE_CURVE('',#2491,#2499,#2501,.T.);
#2499 = VERTEX_POINT('',#2500);
#2500 = CARTESIAN_POINT('',(132.88021,-150.741242,1.585));
#2501 = LINE('',#2502,#2503);
#2502 = CARTESIAN_POINT('',(133.402708,-151.341639,1.585));
#2503 = VECTOR('',#2504,1.);
#2504 = DIRECTION('',(-0.656474607801,0.754348122098,0.));
#2505 = ORIENTED_EDGE('',*,*,#2506,.T.);
#2506 = EDGE_CURVE('',#2499,#2507,#2509,.T.);
#2507 = VERTEX_POINT('',#2508);
#2508 = CARTESIAN_POINT('',(132.876025,-151.620435,1.585));
#2509 = LINE('',#2510,#2511);
#2510 = CARTESIAN_POINT('',(132.88021,-150.741242,1.585));
#2511 = VECTOR('',#2512,1.);
#2512 = DIRECTION('',(-4.759993071883E-03,-0.999988671169,0.));
#2513 = ORIENTED_EDGE('',*,*,#2514,.T.);
#2514 = EDGE_CURVE('',#2507,#2515,#2517,.T.);
#2515 = VERTEX_POINT('',#2516);
#2516 = CARTESIAN_POINT('',(132.589707,-151.620425,1.585));
#2517 = LINE('',#2518,#2519);
#2518 = CARTESIAN_POINT('',(132.876025,-151.620435,1.585));
#2519 = VECTOR('',#2520,1.);
#2520 = DIRECTION('',(-0.99999999939,3.492620082794E-05,0.));
#2521 = ORIENTED_EDGE('',*,*,#2522,.T.);
#2522 = EDGE_CURVE('',#2515,#2361,#2523,.T.);
#2523 = LINE('',#2524,#2525);
#2524 = CARTESIAN_POINT('',(132.589707,-151.620425,1.585));
#2525 = VECTOR('',#2526,1.);
#2526 = DIRECTION('',(4.349921407308E-04,0.999999905391,0.));
#2527 = PLANE('',#2528);
#2528 = AXIS2_PLACEMENT_3D('',#2529,#2530,#2531);
#2529 = CARTESIAN_POINT('',(0.,0.,1.585));
#2530 = DIRECTION('',(0.,0.,1.));
#2531 = DIRECTION('',(1.,0.,-0.));
#2532 = SHELL_BASED_SURFACE_MODEL('',(#2533));
#2533 = OPEN_SHELL('',(#2534));
#2534 = ADVANCED_FACE('',(#2535),#2745,.T.);
#2535 = FACE_BOUND('',#2536,.F.);
#2536 = EDGE_LOOP('',(#2537,#2547,#2555,#2563,#2571,#2579,#2587,#2595,
    #2603,#2611,#2619,#2627,#2635,#2643,#2651,#2659,#2667,#2675,#2683,
    #2691,#2699,#2707,#2715,#2723,#2731,#2739));
#2537 = ORIENTED_EDGE('',*,*,#2538,.T.);
#2538 = EDGE_CURVE('',#2539,#2541,#2543,.T.);
#2539 = VERTEX_POINT('',#2540);
#2540 = CARTESIAN_POINT('',(139.760512,-150.243156,1.585));
#2541 = VERTEX_POINT('',#2542);
#2542 = CARTESIAN_POINT('',(139.812682,-150.195153,1.585));
#2543 = LINE('',#2544,#2545);
#2544 = CARTESIAN_POINT('',(139.760512,-150.243156,1.585));
#2545 = VECTOR('',#2546,1.);
#2546 = DIRECTION('',(0.735884623187,0.677106949719,0.));
#2547 = ORIENTED_EDGE('',*,*,#2548,.T.);
#2548 = EDGE_CURVE('',#2541,#2549,#2551,.T.);
#2549 = VERTEX_POINT('',#2550);
#2550 = CARTESIAN_POINT('',(139.858618,-150.171825,1.585));
#2551 = LINE('',#2552,#2553);
#2552 = CARTESIAN_POINT('',(139.812682,-150.195153,1.585));
#2553 = VECTOR('',#2554,1.);
#2554 = DIRECTION('',(0.891614691849,0.452794921879,0.));
#2555 = ORIENTED_EDGE('',*,*,#2556,.T.);
#2556 = EDGE_CURVE('',#2549,#2557,#2559,.T.);
#2557 = VERTEX_POINT('',#2558);
#2558 = CARTESIAN_POINT('',(139.862062,-150.172768,1.585));
#2559 = LINE('',#2560,#2561);
#2560 = CARTESIAN_POINT('',(139.858618,-150.171825,1.585));
#2561 = VECTOR('',#2562,1.);
#2562 = DIRECTION('',(0.964498359956,-0.264088836648,0.));
#2563 = ORIENTED_EDGE('',*,*,#2564,.T.);
#2564 = EDGE_CURVE('',#2557,#2565,#2567,.T.);
#2565 = VERTEX_POINT('',#2566);
#2566 = CARTESIAN_POINT('',(139.888902,-150.192503,1.585));
#2567 = LINE('',#2568,#2569);
#2568 = CARTESIAN_POINT('',(139.862062,-150.172768,1.585));
#2569 = VECTOR('',#2570,1.);
#2570 = DIRECTION('',(0.805655226127,-0.592384720105,0.));
#2571 = ORIENTED_EDGE('',*,*,#2572,.T.);
#2572 = EDGE_CURVE('',#2565,#2573,#2575,.T.);
#2573 = VERTEX_POINT('',#2574);
#2574 = CARTESIAN_POINT('',(140.124479,-150.439246,1.585));
#2575 = LINE('',#2576,#2577);
#2576 = CARTESIAN_POINT('',(139.888902,-150.192503,1.585));
#2577 = VECTOR('',#2578,1.);
#2578 = DIRECTION('',(0.690551805099,-0.723282935285,0.));
#2579 = ORIENTED_EDGE('',*,*,#2580,.T.);
#2580 = EDGE_CURVE('',#2573,#2581,#2583,.T.);
#2581 = VERTEX_POINT('',#2582);
#2582 = CARTESIAN_POINT('',(140.711815,-151.109651,1.585));
#2583 = LINE('',#2584,#2585);
#2584 = CARTESIAN_POINT('',(140.124479,-150.439246,1.585));
#2585 = VECTOR('',#2586,1.);
#2586 = DIRECTION('',(0.658969392005,-0.752169755042,0.));
#2587 = ORIENTED_EDGE('',*,*,#2588,.T.);
#2588 = EDGE_CURVE('',#2581,#2589,#2591,.T.);
#2589 = VERTEX_POINT('',#2590);
#2590 = CARTESIAN_POINT('',(140.713535,-150.202241,1.585));
#2591 = LINE('',#2592,#2593);
#2592 = CARTESIAN_POINT('',(140.711815,-151.109651,1.585));
#2593 = VECTOR('',#2594,1.);
#2594 = DIRECTION('',(1.895501383153E-03,0.999998203536,0.));
#2595 = ORIENTED_EDGE('',*,*,#2596,.T.);
#2596 = EDGE_CURVE('',#2589,#2597,#2599,.T.);
#2597 = VERTEX_POINT('',#2598);
#2598 = CARTESIAN_POINT('',(140.999863,-150.202242,1.585));
#2599 = LINE('',#2600,#2601);
#2600 = CARTESIAN_POINT('',(140.713535,-150.202241,1.585));
#2601 = VECTOR('',#2602,1.);
#2602 = DIRECTION('',(0.999999999994,-3.492498204475E-06,0.));
#2603 = ORIENTED_EDGE('',*,*,#2604,.T.);
#2604 = EDGE_CURVE('',#2597,#2605,#2607,.T.);
#2605 = VERTEX_POINT('',#2606);
#2606 = CARTESIAN_POINT('',(140.999104,-151.246188,1.585));
#2607 = LINE('',#2608,#2609);
#2608 = CARTESIAN_POINT('',(140.999863,-150.202242,1.585));
#2609 = VECTOR('',#2610,1.);
#2610 = DIRECTION('',(-7.270489080974E-04,-0.9999997357,0.));
#2611 = ORIENTED_EDGE('',*,*,#2612,.T.);
#2612 = EDGE_CURVE('',#2605,#2613,#2615,.T.);
#2613 = VERTEX_POINT('',#2614);
#2614 = CARTESIAN_POINT('',(140.990333,-151.460783,1.585));
#2615 = LINE('',#2616,#2617);
#2616 = CARTESIAN_POINT('',(140.999104,-151.246188,1.585));
#2617 = VECTOR('',#2618,1.);
#2618 = DIRECTION('',(-4.083824402684E-02,-0.999165770943,0.));
#2619 = ORIENTED_EDGE('',*,*,#2620,.T.);
#2620 = EDGE_CURVE('',#2613,#2621,#2623,.T.);
#2621 = VERTEX_POINT('',#2622);
#2622 = CARTESIAN_POINT('',(140.982431,-151.522673,1.585));
#2623 = LINE('',#2624,#2625);
#2624 = CARTESIAN_POINT('',(140.990333,-151.460783,1.585));
#2625 = VECTOR('',#2626,1.);
#2626 = DIRECTION('',(-0.126650006122,-0.991947466325,0.));
#2627 = ORIENTED_EDGE('',*,*,#2628,.T.);
#2628 = EDGE_CURVE('',#2621,#2629,#2631,.T.);
#2629 = VERTEX_POINT('',#2630);
#2630 = CARTESIAN_POINT('',(140.961296,-151.584587,1.585));
#2631 = LINE('',#2632,#2633);
#2632 = CARTESIAN_POINT('',(140.982431,-151.522673,1.585));
#2633 = VECTOR('',#2634,1.);
#2634 = DIRECTION('',(-0.323056708099,-0.946379608483,0.));
#2635 = ORIENTED_EDGE('',*,*,#2636,.T.);
#2636 = EDGE_CURVE('',#2629,#2637,#2639,.T.);
#2637 = VERTEX_POINT('',#2638);
#2638 = CARTESIAN_POINT('',(140.929172,-151.626724,1.585));
#2639 = LINE('',#2640,#2641);
#2640 = CARTESIAN_POINT('',(140.961296,-151.584587,1.585));
#2641 = VECTOR('',#2642,1.);
#2642 = DIRECTION('',(-0.606277463758,-0.795253190461,0.));
#2643 = ORIENTED_EDGE('',*,*,#2644,.T.);
#2644 = EDGE_CURVE('',#2637,#2645,#2647,.T.);
#2645 = VERTEX_POINT('',#2646);
#2646 = CARTESIAN_POINT('',(140.893658,-151.648179,1.585));
#2647 = LINE('',#2648,#2649);
#2648 = CARTESIAN_POINT('',(140.929172,-151.626724,1.585));
#2649 = VECTOR('',#2650,1.);
#2650 = DIRECTION('',(-0.855930209235,-0.517091362255,0.));
#2651 = ORIENTED_EDGE('',*,*,#2652,.T.);
#2652 = EDGE_CURVE('',#2645,#2653,#2655,.T.);
#2653 = VERTEX_POINT('',#2654);
#2654 = CARTESIAN_POINT('',(140.852067,-151.645563,1.585));
#2655 = LINE('',#2656,#2657);
#2656 = CARTESIAN_POINT('',(140.893658,-151.648179,1.585));
#2657 = VECTOR('',#2658,1.);
#2658 = DIRECTION('',(-0.998027756757,6.277417257739E-02,0.));
#2659 = ORIENTED_EDGE('',*,*,#2660,.T.);
#2660 = EDGE_CURVE('',#2653,#2661,#2663,.T.);
#2661 = VERTEX_POINT('',#2662);
#2662 = CARTESIAN_POINT('',(140.800336,-151.617037,1.585));
#2663 = LINE('',#2664,#2665);
#2664 = CARTESIAN_POINT('',(140.852067,-151.645563,1.585));
#2665 = VECTOR('',#2666,1.);
#2666 = DIRECTION('',(-0.875686789021,0.482879537291,0.));
#2667 = ORIENTED_EDGE('',*,*,#2668,.T.);
#2668 = EDGE_CURVE('',#2661,#2669,#2671,.T.);
#2669 = VERTEX_POINT('',#2670);
#2670 = CARTESIAN_POINT('',(140.733068,-151.559586,1.585));
#2671 = LINE('',#2672,#2673);
#2672 = CARTESIAN_POINT('',(140.800336,-151.617037,1.585));
#2673 = VECTOR('',#2674,1.);
#2674 = DIRECTION('',(-0.760413220328,0.649439554039,0.));
#2675 = ORIENTED_EDGE('',*,*,#2676,.T.);
#2676 = EDGE_CURVE('',#2669,#2677,#2679,.T.);
#2677 = VERTEX_POINT('',#2678);
#2678 = CARTESIAN_POINT('',(140.532468,-151.344482,1.585));
#2679 = LINE('',#2680,#2681);
#2680 = CARTESIAN_POINT('',(140.733068,-151.559586,1.585));
#2681 = VECTOR('',#2682,1.);
#2682 = DIRECTION('',(-0.682020682095,0.73133288535,0.));
#2683 = ORIENTED_EDGE('',*,*,#2684,.T.);
#2684 = EDGE_CURVE('',#2677,#2685,#2687,.T.);
#2685 = VERTEX_POINT('',#2686);
#2686 = CARTESIAN_POINT('',(140.102511,-150.854563,1.585));
#2687 = LINE('',#2688,#2689);
#2688 = CARTESIAN_POINT('',(140.532468,-151.344482,1.585));
#2689 = VECTOR('',#2690,1.);
#2690 = DIRECTION('',(-0.659614228382,0.75160433056,0.));
#2691 = ORIENTED_EDGE('',*,*,#2692,.T.);
#2692 = EDGE_CURVE('',#2685,#2693,#2695,.T.);
#2693 = VERTEX_POINT('',#2694);
#2694 = CARTESIAN_POINT('',(140.00302,-150.750327,1.585));
#2695 = LINE('',#2696,#2697);
#2696 = CARTESIAN_POINT('',(140.102511,-150.854563,1.585));
#2697 = VECTOR('',#2698,1.);
#2698 = DIRECTION('',(-0.690450327733,0.723379806833,0.));
#2699 = ORIENTED_EDGE('',*,*,#2700,.T.);
#2700 = EDGE_CURVE('',#2693,#2701,#2703,.T.);
#2701 = VERTEX_POINT('',#2702);
#2702 = CARTESIAN_POINT('',(139.992793,-150.842425,1.585));
#2703 = LINE('',#2704,#2705);
#2704 = CARTESIAN_POINT('',(140.00302,-150.750327,1.585));
#2705 = VECTOR('',#2706,1.);
#2706 = DIRECTION('',(-0.110366381017,-0.993890970852,0.));
#2707 = ORIENTED_EDGE('',*,*,#2708,.T.);
#2708 = EDGE_CURVE('',#2701,#2709,#2711,.T.);
#2709 = VERTEX_POINT('',#2710);
#2710 = CARTESIAN_POINT('',(139.985848,-151.179466,1.585));
#2711 = LINE('',#2712,#2713);
#2712 = CARTESIAN_POINT('',(139.992793,-150.842425,1.585));
#2713 = VECTOR('',#2714,1.);
#2714 = DIRECTION('',(-2.060142845861E-02,-0.999787768052,0.));
#2715 = ORIENTED_EDGE('',*,*,#2716,.T.);
#2716 = EDGE_CURVE('',#2709,#2717,#2719,.T.);
#2717 = VERTEX_POINT('',#2718);
#2718 = CARTESIAN_POINT('',(139.984384,-151.620425,1.585));
#2719 = LINE('',#2720,#2721);
#2720 = CARTESIAN_POINT('',(139.985848,-151.179466,1.585));
#2721 = VECTOR('',#2722,1.);
#2722 = DIRECTION('',(-3.320018259046E-03,-0.999994488724,0.));
#2723 = ORIENTED_EDGE('',*,*,#2724,.T.);
#2724 = EDGE_CURVE('',#2717,#2725,#2727,.T.);
#2725 = VERTEX_POINT('',#2726);
#2726 = CARTESIAN_POINT('',(139.698055,-151.620425,1.585));
#2727 = LINE('',#2728,#2729);
#2728 = CARTESIAN_POINT('',(139.984384,-151.620425,1.585));
#2729 = VECTOR('',#2730,1.);
#2730 = DIRECTION('',(-1.,0.,0.));
#2731 = ORIENTED_EDGE('',*,*,#2732,.T.);
#2732 = EDGE_CURVE('',#2725,#2733,#2735,.T.);
#2733 = VERTEX_POINT('',#2734);
#2734 = CARTESIAN_POINT('',(139.697874,-150.312757,1.585));
#2735 = LINE('',#2736,#2737);
#2736 = CARTESIAN_POINT('',(139.698055,-151.620425,1.585));
#2737 = VECTOR('',#2738,1.);
#2738 = DIRECTION('',(-1.384143362565E-04,0.999999990421,0.));
#2739 = ORIENTED_EDGE('',*,*,#2740,.T.);
#2740 = EDGE_CURVE('',#2733,#2539,#2741,.T.);
#2741 = LINE('',#2742,#2743);
#2742 = CARTESIAN_POINT('',(139.697874,-150.312757,1.585));
#2743 = VECTOR('',#2744,1.);
#2744 = DIRECTION('',(0.668947620514,0.743309545889,0.));
#2745 = PLANE('',#2746);
#2746 = AXIS2_PLACEMENT_3D('',#2747,#2748,#2749);
#2747 = CARTESIAN_POINT('',(0.,0.,1.585));
#2748 = DIRECTION('',(0.,0.,1.));
#2749 = DIRECTION('',(1.,0.,-0.));
#2750 = SHELL_BASED_SURFACE_MODEL('',(#2751));
#2751 = OPEN_SHELL('',(#2752));
#2752 = ADVANCED_FACE('',(#2753,#3028),#3239,.T.);
#2753 = FACE_BOUND('',#2754,.F.);
#2754 = EDGE_LOOP('',(#2755,#2765,#2773,#2781,#2789,#2797,#2805,#2813,
    #2821,#2829,#2837,#2845,#2853,#2862,#2870,#2878,#2886,#2894,#2902,
    #2910,#2918,#2926,#2934,#2942,#2950,#2958,#2966,#2974,#2982,#2990,
    #2998,#3006,#3014,#3022));
#2755 = ORIENTED_EDGE('',*,*,#2756,.T.);
#2756 = EDGE_CURVE('',#2757,#2759,#2761,.T.);
#2757 = VERTEX_POINT('',#2758);
#2758 = CARTESIAN_POINT('',(138.678459,-150.195616,1.585));
#2759 = VERTEX_POINT('',#2760);
#2760 = CARTESIAN_POINT('',(138.863819,-150.188794,1.585));
#2761 = LINE('',#2762,#2763);
#2762 = CARTESIAN_POINT('',(138.678459,-150.195616,1.585));
#2763 = VECTOR('',#2764,1.);
#2764 = DIRECTION('',(0.99932341796,3.677915600628E-02,0.));
#2765 = ORIENTED_EDGE('',*,*,#2766,.T.);
#2766 = EDGE_CURVE('',#2759,#2767,#2769,.T.);
#2767 = VERTEX_POINT('',#2768);
#2768 = CARTESIAN_POINT('',(138.992145,-150.188728,1.585));
#2769 = LINE('',#2770,#2771);
#2770 = CARTESIAN_POINT('',(138.863819,-150.188794,1.585));
#2771 = VECTOR('',#2772,1.);
#2772 = DIRECTION('',(0.99999986774,5.143150357273E-04,0.));
#2773 = ORIENTED_EDGE('',*,*,#2774,.T.);
#2774 = EDGE_CURVE('',#2767,#2775,#2777,.T.);
#2775 = VERTEX_POINT('',#2776);
#2776 = CARTESIAN_POINT('',(139.082661,-150.192332,1.585));
#2777 = LINE('',#2778,#2779);
#2778 = CARTESIAN_POINT('',(138.992145,-150.188728,1.585));
#2779 = VECTOR('',#2780,1.);
#2780 = DIRECTION('',(0.999208277728,-3.978464175315E-02,0.));
#2781 = ORIENTED_EDGE('',*,*,#2782,.T.);
#2782 = EDGE_CURVE('',#2775,#2783,#2785,.T.);
#2783 = VERTEX_POINT('',#2784);
#2784 = CARTESIAN_POINT('',(139.14802,-150.202064,1.585));
#2785 = LINE('',#2786,#2787);
#2786 = CARTESIAN_POINT('',(139.082661,-150.192332,1.585));
#2787 = VECTOR('',#2788,1.);
#2788 = DIRECTION('',(0.989095290963,-0.147276968308,0.));
#2789 = ORIENTED_EDGE('',*,*,#2790,.T.);
#2790 = EDGE_CURVE('',#2783,#2791,#2793,.T.);
#2791 = VERTEX_POINT('',#2792);
#2792 = CARTESIAN_POINT('',(139.20036,-150.220225,1.585));
#2793 = LINE('',#2794,#2795);
#2794 = CARTESIAN_POINT('',(139.14802,-150.202064,1.585));
#2795 = VECTOR('',#2796,1.);
#2796 = DIRECTION('',(0.944744177445,-0.327808540439,0.));
#2797 = ORIENTED_EDGE('',*,*,#2798,.T.);
#2798 = EDGE_CURVE('',#2791,#2799,#2801,.T.);
#2799 = VERTEX_POINT('',#2800);
#2800 = CARTESIAN_POINT('',(139.278917,-150.266213,1.585));
#2801 = LINE('',#2802,#2803);
#2802 = CARTESIAN_POINT('',(139.20036,-150.220225,1.585));
#2803 = VECTOR('',#2804,1.);
#2804 = DIRECTION('',(0.862998114568,-0.505207139946,0.));
#2805 = ORIENTED_EDGE('',*,*,#2806,.T.);
#2806 = EDGE_CURVE('',#2799,#2807,#2809,.T.);
#2807 = VERTEX_POINT('',#2808);
#2808 = CARTESIAN_POINT('',(139.396394,-150.366017,1.585));
#2809 = LINE('',#2810,#2811);
#2810 = CARTESIAN_POINT('',(139.278917,-150.266213,1.585));
#2811 = VECTOR('',#2812,1.);
#2812 = DIRECTION('',(0.762103998,-0.647454628705,0.));
#2813 = ORIENTED_EDGE('',*,*,#2814,.T.);
#2814 = EDGE_CURVE('',#2807,#2815,#2817,.T.);
#2815 = VERTEX_POINT('',#2816);
#2816 = CARTESIAN_POINT('',(139.478129,-150.491749,1.585));
#2817 = LINE('',#2818,#2819);
#2818 = CARTESIAN_POINT('',(139.396394,-150.366017,1.585));
#2819 = VECTOR('',#2820,1.);
#2820 = DIRECTION('',(0.545031476857,-0.838415582653,0.));
#2821 = ORIENTED_EDGE('',*,*,#2822,.T.);
#2822 = EDGE_CURVE('',#2815,#2823,#2825,.T.);
#2823 = VERTEX_POINT('',#2824);
#2824 = CARTESIAN_POINT('',(139.527922,-150.651053,1.585));
#2825 = LINE('',#2826,#2827);
#2826 = CARTESIAN_POINT('',(139.478129,-150.491749,1.585));
#2827 = VECTOR('',#2828,1.);
#2828 = DIRECTION('',(0.298332305835,-0.954462065928,0.));
#2829 = ORIENTED_EDGE('',*,*,#2830,.T.);
#2830 = EDGE_CURVE('',#2823,#2831,#2833,.T.);
#2831 = VERTEX_POINT('',#2832);
#2832 = CARTESIAN_POINT('',(139.54931,-150.840803,1.585));
#2833 = LINE('',#2834,#2835);
#2834 = CARTESIAN_POINT('',(139.527922,-150.651053,1.585));
#2835 = VECTOR('',#2836,1.);
#2836 = DIRECTION('',(0.112007447538,-0.993707367234,0.));
#2837 = ORIENTED_EDGE('',*,*,#2838,.T.);
#2838 = EDGE_CURVE('',#2831,#2839,#2841,.T.);
#2839 = VERTEX_POINT('',#2840);
#2840 = CARTESIAN_POINT('',(139.547192,-151.062316,1.585));
#2841 = LINE('',#2842,#2843);
#2842 = CARTESIAN_POINT('',(139.54931,-150.840803,1.585));
#2843 = VECTOR('',#2844,1.);
#2844 = DIRECTION('',(-9.561078537699E-03,-0.999954291844,0.));
#2845 = ORIENTED_EDGE('',*,*,#2846,.T.);
#2846 = EDGE_CURVE('',#2839,#2847,#2849,.T.);
#2847 = VERTEX_POINT('',#2848);
#2848 = CARTESIAN_POINT('',(139.516608,-151.242282,1.585));
#2849 = LINE('',#2850,#2851);
#2850 = CARTESIAN_POINT('',(139.547192,-151.062316,1.585));
#2851 = VECTOR('',#2852,1.);
#2852 = DIRECTION('',(-0.167541080417,-0.985865095423,0.));
#2853 = ORIENTED_EDGE('',*,*,#2854,.T.);
#2854 = EDGE_CURVE('',#2847,#2855,#2857,.T.);
#2855 = VERTEX_POINT('',#2856);
#2856 = CARTESIAN_POINT('',(139.297554,-151.554417,1.585));
#2857 = CIRCLE('',#2858,0.544490582587);
#2858 = AXIS2_PLACEMENT_3D('',#2859,#2860,#2861);
#2859 = CARTESIAN_POINT('',(138.9896111125,-151.1053722666,1.585));
#2860 = DIRECTION('',(0.,0.,-1.));
#2861 = DIRECTION('',(0.967871445998,-0.251445548819,0.));
#2862 = ORIENTED_EDGE('',*,*,#2863,.T.);
#2863 = EDGE_CURVE('',#2855,#2864,#2866,.T.);
#2864 = VERTEX_POINT('',#2865);
#2865 = CARTESIAN_POINT('',(139.212571,-151.605687,1.585));
#2866 = LINE('',#2867,#2868);
#2867 = CARTESIAN_POINT('',(139.297554,-151.554417,1.585));
#2868 = VECTOR('',#2869,1.);
#2869 = DIRECTION('',(-0.856244905376,-0.516570094003,0.));
#2870 = ORIENTED_EDGE('',*,*,#2871,.T.);
#2871 = EDGE_CURVE('',#2864,#2872,#2874,.T.);
#2872 = VERTEX_POINT('',#2873);
#2873 = CARTESIAN_POINT('',(139.177551,-151.619763,1.585));
#2874 = LINE('',#2875,#2876);
#2875 = CARTESIAN_POINT('',(139.212571,-151.605687,1.585));
#2876 = VECTOR('',#2877,1.);
#2877 = DIRECTION('',(-0.927854130274,-0.372943310616,0.));
#2878 = ORIENTED_EDGE('',*,*,#2879,.T.);
#2879 = EDGE_CURVE('',#2872,#2880,#2882,.T.);
#2880 = VERTEX_POINT('',#2881);
#2881 = CARTESIAN_POINT('',(139.08864,-151.636789,1.585));
#2882 = LINE('',#2883,#2884);
#2883 = CARTESIAN_POINT('',(139.177551,-151.619763,1.585));
#2884 = VECTOR('',#2885,1.);
#2885 = DIRECTION('',(-0.982154193353,-0.188077485306,0.));
#2886 = ORIENTED_EDGE('',*,*,#2887,.T.);
#2887 = EDGE_CURVE('',#2880,#2888,#2890,.T.);
#2888 = VERTEX_POINT('',#2889);
#2889 = CARTESIAN_POINT('',(138.969844,-151.645943,1.585));
#2890 = LINE('',#2891,#2892);
#2891 = CARTESIAN_POINT('',(139.08864,-151.636789,1.585));
#2892 = VECTOR('',#2893,1.);
#2893 = DIRECTION('',(-0.997044306502,-7.682871125048E-02,0.));
#2894 = ORIENTED_EDGE('',*,*,#2895,.T.);
#2895 = EDGE_CURVE('',#2888,#2896,#2898,.T.);
#2896 = VERTEX_POINT('',#2897);
#2897 = CARTESIAN_POINT('',(138.837494,-151.64748,1.585));
#2898 = LINE('',#2899,#2900);
#2899 = CARTESIAN_POINT('',(138.969844,-151.645943,1.585));
#2900 = VECTOR('',#2901,1.);
#2901 = DIRECTION('',(-0.999932574229,-1.161236393353E-02,0.));
#2902 = ORIENTED_EDGE('',*,*,#2903,.T.);
#2903 = EDGE_CURVE('',#2896,#2904,#2906,.T.);
#2904 = VERTEX_POINT('',#2905);
#2905 = CARTESIAN_POINT('',(138.707984,-151.641608,1.585));
#2906 = LINE('',#2907,#2908);
#2907 = CARTESIAN_POINT('',(138.837494,-151.64748,1.585));
#2908 = VECTOR('',#2909,1.);
#2909 = DIRECTION('',(-0.998973718434,4.529359643777E-02,0.));
#2910 = ORIENTED_EDGE('',*,*,#2911,.T.);
#2911 = EDGE_CURVE('',#2904,#2912,#2914,.T.);
#2912 = VERTEX_POINT('',#2913);
#2913 = CARTESIAN_POINT('',(138.597629,-151.628475,1.585));
#2914 = LINE('',#2915,#2916);
#2915 = CARTESIAN_POINT('',(138.707984,-151.641608,1.585));
#2916 = VECTOR('',#2917,1.);
#2917 = DIRECTION('',(-0.992993026478,0.118172963769,0.));
#2918 = ORIENTED_EDGE('',*,*,#2919,.T.);
#2919 = EDGE_CURVE('',#2912,#2920,#2922,.T.);
#2920 = VERTEX_POINT('',#2921);
#2921 = CARTESIAN_POINT('',(138.529478,-151.610958,1.585));
#2922 = LINE('',#2923,#2924);
#2923 = CARTESIAN_POINT('',(138.597629,-151.628475,1.585));
#2924 = VECTOR('',#2925,1.);
#2925 = DIRECTION('',(-0.968518782052,0.248940492512,0.));
#2926 = ORIENTED_EDGE('',*,*,#2927,.T.);
#2927 = EDGE_CURVE('',#2920,#2928,#2930,.T.);
#2928 = VERTEX_POINT('',#2929);
#2929 = CARTESIAN_POINT('',(138.395915,-151.540865,1.585));
#2930 = LINE('',#2931,#2932);
#2931 = CARTESIAN_POINT('',(138.529478,-151.610958,1.585));
#2932 = VECTOR('',#2933,1.);
#2933 = DIRECTION('',(-0.885473129895,0.464690581177,0.));
#2934 = ORIENTED_EDGE('',*,*,#2935,.T.);
#2935 = EDGE_CURVE('',#2928,#2936,#2938,.T.);
#2936 = VERTEX_POINT('',#2937);
#2937 = CARTESIAN_POINT('',(138.296868,-151.447054,1.585));
#2938 = LINE('',#2939,#2940);
#2939 = CARTESIAN_POINT('',(138.395915,-151.540865,1.585));
#2940 = VECTOR('',#2941,1.);
#2941 = DIRECTION('',(-0.726036853001,0.687655791865,0.));
#2942 = ORIENTED_EDGE('',*,*,#2943,.T.);
#2943 = EDGE_CURVE('',#2936,#2944,#2946,.T.);
#2944 = VERTEX_POINT('',#2945);
#2945 = CARTESIAN_POINT('',(138.229241,-151.323228,1.585));
#2946 = LINE('',#2947,#2948);
#2947 = CARTESIAN_POINT('',(138.296868,-151.447054,1.585));
#2948 = VECTOR('',#2949,1.);
#2949 = DIRECTION('',(-0.479319353933,0.8776405625,0.));
#2950 = ORIENTED_EDGE('',*,*,#2951,.T.);
#2951 = EDGE_CURVE('',#2944,#2952,#2954,.T.);
#2952 = VERTEX_POINT('',#2953);
#2953 = CARTESIAN_POINT('',(138.189464,-151.162944,1.585));
#2954 = LINE('',#2955,#2956);
#2955 = CARTESIAN_POINT('',(138.229241,-151.323228,1.585));
#2956 = VECTOR('',#2957,1.);
#2957 = DIRECTION('',(-0.2408597396,0.970559934182,0.));
#2958 = ORIENTED_EDGE('',*,*,#2959,.T.);
#2959 = EDGE_CURVE('',#2952,#2960,#2962,.T.);
#2960 = VERTEX_POINT('',#2961);
#2961 = CARTESIAN_POINT('',(138.173378,-150.906012,1.585));
#2962 = LINE('',#2963,#2964);
#2963 = CARTESIAN_POINT('',(138.189464,-151.162944,1.585));
#2964 = VECTOR('',#2965,1.);
#2965 = DIRECTION('',(-6.24856605353E-02,0.998045861786,0.));
#2966 = ORIENTED_EDGE('',*,*,#2967,.T.);
#2967 = EDGE_CURVE('',#2960,#2968,#2970,.T.);
#2968 = VERTEX_POINT('',#2969);
#2969 = CARTESIAN_POINT('',(138.180903,-150.721612,1.585));
#2970 = LINE('',#2971,#2972);
#2971 = CARTESIAN_POINT('',(138.173378,-150.906012,1.585));
#2972 = VECTOR('',#2973,1.);
#2973 = DIRECTION('',(4.077408970929E-02,0.999168391017,0.));
#2974 = ORIENTED_EDGE('',*,*,#2975,.T.);
#2975 = EDGE_CURVE('',#2968,#2976,#2978,.T.);
#2976 = VERTEX_POINT('',#2977);
#2977 = CARTESIAN_POINT('',(138.205957,-150.577962,1.585));
#2978 = LINE('',#2979,#2980);
#2979 = CARTESIAN_POINT('',(138.180903,-150.721612,1.585));
#2980 = VECTOR('',#2981,1.);
#2981 = DIRECTION('',(0.171816371807,0.985128993776,0.));
#2982 = ORIENTED_EDGE('',*,*,#2983,.T.);
#2983 = EDGE_CURVE('',#2976,#2984,#2986,.T.);
#2984 = VERTEX_POINT('',#2985);
#2985 = CARTESIAN_POINT('',(138.252211,-150.46212,1.585));
#2986 = LINE('',#2987,#2988);
#2987 = CARTESIAN_POINT('',(138.205957,-150.577962,1.585));
#2988 = VECTOR('',#2989,1.);
#2989 = DIRECTION('',(0.370818357823,0.928705413736,0.));
#2990 = ORIENTED_EDGE('',*,*,#2991,.T.);
#2991 = EDGE_CURVE('',#2984,#2992,#2994,.T.);
#2992 = VERTEX_POINT('',#2993);
#2993 = CARTESIAN_POINT('',(138.322147,-150.362222,1.585));
#2994 = LINE('',#2995,#2996);
#2995 = CARTESIAN_POINT('',(138.252211,-150.46212,1.585));
#2996 = VECTOR('',#2997,1.);
#2997 = DIRECTION('',(0.573503070466,0.819203410739,0.));
#2998 = ORIENTED_EDGE('',*,*,#2999,.T.);
#2999 = EDGE_CURVE('',#2992,#3000,#3002,.T.);
#3000 = VERTEX_POINT('',#3001);
#3001 = CARTESIAN_POINT('',(138.391395,-150.292592,1.585));
#3002 = LINE('',#3003,#3004);
#3003 = CARTESIAN_POINT('',(138.322147,-150.362222,1.585));
#3004 = VECTOR('',#3005,1.);
#3005 = DIRECTION('',(0.705159134637,0.709049077877,0.));
#3006 = ORIENTED_EDGE('',*,*,#3007,.T.);
#3007 = EDGE_CURVE('',#3000,#3008,#3010,.T.);
#3008 = VERTEX_POINT('',#3009);
#3009 = CARTESIAN_POINT('',(138.467029,-150.243819,1.585));
#3010 = LINE('',#3011,#3012);
#3011 = CARTESIAN_POINT('',(138.391395,-150.292592,1.585));
#3012 = VECTOR('',#3013,1.);
#3013 = DIRECTION('',(0.840413704416,0.541945389712,0.));
#3014 = ORIENTED_EDGE('',*,*,#3015,.T.);
#3015 = EDGE_CURVE('',#3008,#3016,#3018,.T.);
#3016 = VERTEX_POINT('',#3017);
#3017 = CARTESIAN_POINT('',(138.559219,-150.212683,1.585));
#3018 = LINE('',#3019,#3020);
#3019 = CARTESIAN_POINT('',(138.467029,-150.243819,1.585));
#3020 = VECTOR('',#3021,1.);
#3021 = DIRECTION('',(0.947424143894,0.319980454976,0.));
#3022 = ORIENTED_EDGE('',*,*,#3023,.T.);
#3023 = EDGE_CURVE('',#3016,#2757,#3024,.T.);
#3024 = LINE('',#3025,#3026);
#3025 = CARTESIAN_POINT('',(138.559219,-150.212683,1.585));
#3026 = VECTOR('',#3027,1.);
#3027 = DIRECTION('',(0.989911435453,0.141687508125,0.));
#3028 = FACE_BOUND('',#3029,.F.);
#3029 = EDGE_LOOP('',(#3030,#3040,#3048,#3056,#3064,#3073,#3081,#3089,
    #3097,#3105,#3113,#3121,#3129,#3137,#3145,#3153,#3161,#3169,#3177,
    #3185,#3193,#3201,#3209,#3217,#3225,#3233));
#3030 = ORIENTED_EDGE('',*,*,#3031,.T.);
#3031 = EDGE_CURVE('',#3032,#3034,#3036,.T.);
#3032 = VERTEX_POINT('',#3033);
#3033 = CARTESIAN_POINT('',(139.112265,-150.522376,1.585));
#3034 = VERTEX_POINT('',#3035);
#3035 = CARTESIAN_POINT('',(139.00041,-150.49893,1.585));
#3036 = LINE('',#3037,#3038);
#3037 = CARTESIAN_POINT('',(139.112265,-150.522376,1.585));
#3038 = VECTOR('',#3039,1.);
#3039 = DIRECTION('',(-0.978730071618,0.205152252999,0.));
#3040 = ORIENTED_EDGE('',*,*,#3041,.T.);
#3041 = EDGE_CURVE('',#3034,#3042,#3044,.T.);
#3042 = VERTEX_POINT('',#3043);
#3043 = CARTESIAN_POINT('',(138.812262,-150.497192,1.585));
#3044 = LINE('',#3045,#3046);
#3045 = CARTESIAN_POINT('',(139.00041,-150.49893,1.585));
#3046 = VECTOR('',#3047,1.);
#3047 = DIRECTION('',(-0.999957337869,9.23701476075E-03,0.));
#3048 = ORIENTED_EDGE('',*,*,#3049,.T.);
#3049 = EDGE_CURVE('',#3042,#3050,#3052,.T.);
#3050 = VERTEX_POINT('',#3051);
#3051 = CARTESIAN_POINT('',(138.629073,-150.511757,1.585));
#3052 = LINE('',#3053,#3054);
#3053 = CARTESIAN_POINT('',(138.812262,-150.497192,1.585));
#3054 = VECTOR('',#3055,1.);
#3055 = DIRECTION('',(-0.99685414221,-7.925792804845E-02,0.));
#3056 = ORIENTED_EDGE('',*,*,#3057,.T.);
#3057 = EDGE_CURVE('',#3050,#3058,#3060,.T.);
#3058 = VERTEX_POINT('',#3059);
#3059 = CARTESIAN_POINT('',(138.58316,-150.526747,1.585));
#3060 = LINE('',#3061,#3062);
#3061 = CARTESIAN_POINT('',(138.629073,-150.511757,1.585));
#3062 = VECTOR('',#3063,1.);
#3063 = DIRECTION('',(-0.950617674446,-0.310364361727,0.));
#3064 = ORIENTED_EDGE('',*,*,#3065,.T.);
#3065 = EDGE_CURVE('',#3058,#3066,#3068,.T.);
#3066 = VERTEX_POINT('',#3067);
#3067 = CARTESIAN_POINT('',(138.47644,-150.672538,1.585));
#3068 = CIRCLE('',#3069,0.248945810958);
#3069 = AXIS2_PLACEMENT_3D('',#3070,#3071,#3072);
#3070 = CARTESIAN_POINT('',(138.71698513907,-150.7366632903,1.585));
#3071 = DIRECTION('',(0.,0.,1.));
#3072 = DIRECTION('',(-0.537567346738,0.843220817889,0.));
#3073 = ORIENTED_EDGE('',*,*,#3074,.T.);
#3074 = EDGE_CURVE('',#3066,#3075,#3077,.T.);
#3075 = VERTEX_POINT('',#3076);
#3076 = CARTESIAN_POINT('',(138.466883,-150.73678,1.585));
#3077 = LINE('',#3078,#3079);
#3078 = CARTESIAN_POINT('',(138.47644,-150.672538,1.585));
#3079 = VECTOR('',#3080,1.);
#3080 = DIRECTION('',(-0.147146253605,-0.989114745644,0.));
#3081 = ORIENTED_EDGE('',*,*,#3082,.T.);
#3082 = EDGE_CURVE('',#3075,#3083,#3085,.T.);
#3083 = VERTEX_POINT('',#3084);
#3084 = CARTESIAN_POINT('',(138.463284,-151.048265,1.585));
#3085 = LINE('',#3086,#3087);
#3086 = CARTESIAN_POINT('',(138.466883,-150.73678,1.585));
#3087 = VECTOR('',#3088,1.);
#3088 = DIRECTION('',(-1.155355727017E-02,-0.99993325543,0.));
#3089 = ORIENTED_EDGE('',*,*,#3090,.T.);
#3090 = EDGE_CURVE('',#3083,#3091,#3093,.T.);
#3091 = VERTEX_POINT('',#3092);
#3092 = CARTESIAN_POINT('',(138.467336,-151.12892,1.585));
#3093 = LINE('',#3094,#3095);
#3094 = CARTESIAN_POINT('',(138.463284,-151.048265,1.585));
#3095 = VECTOR('',#3096,1.);
#3096 = DIRECTION('',(5.017539134667E-02,-0.998740421783,0.));
#3097 = ORIENTED_EDGE('',*,*,#3098,.T.);
#3098 = EDGE_CURVE('',#3091,#3099,#3101,.T.);
#3099 = VERTEX_POINT('',#3100);
#3100 = CARTESIAN_POINT('',(138.477772,-151.179847,1.585));
#3101 = LINE('',#3102,#3103);
#3102 = CARTESIAN_POINT('',(138.467336,-151.12892,1.585));
#3103 = VECTOR('',#3104,1.);
#3104 = DIRECTION('',(0.200749131859,-0.979642682848,0.));
#3105 = ORIENTED_EDGE('',*,*,#3106,.T.);
#3106 = EDGE_CURVE('',#3099,#3107,#3109,.T.);
#3107 = VERTEX_POINT('',#3108);
#3108 = CARTESIAN_POINT('',(138.497521,-151.215286,1.585));
#3109 = LINE('',#3110,#3111);
#3110 = CARTESIAN_POINT('',(138.477772,-151.179847,1.585));
#3111 = VECTOR('',#3112,1.);
#3112 = DIRECTION('',(0.486785188131,-0.873521711588,0.));
#3113 = ORIENTED_EDGE('',*,*,#3114,.T.);
#3114 = EDGE_CURVE('',#3107,#3115,#3117,.T.);
#3115 = VERTEX_POINT('',#3116);
#3116 = CARTESIAN_POINT('',(138.578195,-151.291043,1.585));
#3117 = LINE('',#3118,#3119);
#3118 = CARTESIAN_POINT('',(138.497521,-151.215286,1.585));
#3119 = VECTOR('',#3120,1.);
#3120 = DIRECTION('',(0.728972814533,-0.684542647081,0.));
#3121 = ORIENTED_EDGE('',*,*,#3122,.T.);
#3122 = EDGE_CURVE('',#3115,#3123,#3125,.T.);
#3123 = VERTEX_POINT('',#3124);
#3124 = CARTESIAN_POINT('',(138.617448,-151.311838,1.585));
#3125 = LINE('',#3126,#3127);
#3126 = CARTESIAN_POINT('',(138.578195,-151.291043,1.585));
#3127 = VECTOR('',#3128,1.);
#3128 = DIRECTION('',(0.883657556718,-0.468133872365,0.));
#3129 = ORIENTED_EDGE('',*,*,#3130,.T.);
#3130 = EDGE_CURVE('',#3123,#3131,#3133,.T.);
#3131 = VERTEX_POINT('',#3132);
#3132 = CARTESIAN_POINT('',(138.669897,-151.323475,1.585));
#3133 = LINE('',#3134,#3135);
#3134 = CARTESIAN_POINT('',(138.617448,-151.311838,1.585));
#3135 = VECTOR('',#3136,1.);
#3136 = DIRECTION('',(0.976259270183,-0.216605257052,0.));
#3137 = ORIENTED_EDGE('',*,*,#3138,.T.);
#3138 = EDGE_CURVE('',#3131,#3139,#3141,.T.);
#3139 = VERTEX_POINT('',#3140);
#3140 = CARTESIAN_POINT('',(138.86769,-151.329666,1.585));
#3141 = LINE('',#3142,#3143);
#3142 = CARTESIAN_POINT('',(138.669897,-151.323475,1.585));
#3143 = VECTOR('',#3144,1.);
#3144 = DIRECTION('',(0.99951050213,-3.128507843394E-02,0.));
#3145 = ORIENTED_EDGE('',*,*,#3146,.T.);
#3146 = EDGE_CURVE('',#3139,#3147,#3149,.T.);
#3147 = VERTEX_POINT('',#3148);
#3148 = CARTESIAN_POINT('',(139.061108,-151.324642,1.585));
#3149 = LINE('',#3150,#3151);
#3150 = CARTESIAN_POINT('',(138.86769,-151.329666,1.585));
#3151 = VECTOR('',#3152,1.);
#3152 = DIRECTION('',(0.999662824666,2.596607363904E-02,0.));
#3153 = ORIENTED_EDGE('',*,*,#3154,.T.);
#3154 = EDGE_CURVE('',#3147,#3155,#3157,.T.);
#3155 = VERTEX_POINT('',#3156);
#3156 = CARTESIAN_POINT('',(139.111159,-151.313991,1.585));
#3157 = LINE('',#3158,#3159);
#3158 = CARTESIAN_POINT('',(139.061108,-151.324642,1.585));
#3159 = VECTOR('',#3160,1.);
#3160 = DIRECTION('',(0.978098565196,0.208142251262,0.));
#3161 = ORIENTED_EDGE('',*,*,#3162,.T.);
#3162 = EDGE_CURVE('',#3155,#3163,#3165,.T.);
#3163 = VERTEX_POINT('',#3164);
#3164 = CARTESIAN_POINT('',(139.146694,-151.294148,1.585));
#3165 = LINE('',#3166,#3167);
#3166 = CARTESIAN_POINT('',(139.111159,-151.313991,1.585));
#3167 = VECTOR('',#3168,1.);
#3168 = DIRECTION('',(0.873098228153,0.487544340544,0.));
#3169 = ORIENTED_EDGE('',*,*,#3170,.T.);
#3170 = EDGE_CURVE('',#3163,#3171,#3173,.T.);
#3171 = VERTEX_POINT('',#3172);
#3172 = CARTESIAN_POINT('',(139.192017,-151.248904,1.585));
#3173 = LINE('',#3174,#3175);
#3174 = CARTESIAN_POINT('',(139.146694,-151.294148,1.585));
#3175 = VECTOR('',#3176,1.);
#3176 = DIRECTION('',(0.707723308741,0.706489715612,0.));
#3177 = ORIENTED_EDGE('',*,*,#3178,.T.);
#3178 = EDGE_CURVE('',#3171,#3179,#3181,.T.);
#3179 = VERTEX_POINT('',#3180);
#3180 = CARTESIAN_POINT('',(139.228589,-151.204404,1.585));
#3181 = LINE('',#3182,#3183);
#3182 = CARTESIAN_POINT('',(139.192017,-151.248904,1.585));
#3183 = VECTOR('',#3184,1.);
#3184 = DIRECTION('',(0.634930442263,0.772569306592,0.));
#3185 = ORIENTED_EDGE('',*,*,#3186,.T.);
#3186 = EDGE_CURVE('',#3179,#3187,#3189,.T.);
#3187 = VERTEX_POINT('',#3188);
#3188 = CARTESIAN_POINT('',(139.250128,-151.161443,1.585));
#3189 = LINE('',#3190,#3191);
#3190 = CARTESIAN_POINT('',(139.228589,-151.204404,1.585));
#3191 = VECTOR('',#3192,1.);
#3192 = DIRECTION('',(0.448187152744,0.893939749712,0.));
#3193 = ORIENTED_EDGE('',*,*,#3194,.T.);
#3194 = EDGE_CURVE('',#3187,#3195,#3197,.T.);
#3195 = VERTEX_POINT('',#3196);
#3196 = CARTESIAN_POINT('',(139.260951,-151.103329,1.585));
#3197 = LINE('',#3198,#3199);
#3198 = CARTESIAN_POINT('',(139.250128,-151.161443,1.585));
#3199 = VECTOR('',#3200,1.);
#3200 = DIRECTION('',(0.183089292133,0.98309628781,0.));
#3201 = ORIENTED_EDGE('',*,*,#3202,.T.);
#3202 = EDGE_CURVE('',#3195,#3203,#3205,.T.);
#3203 = VERTEX_POINT('',#3204);
#3204 = CARTESIAN_POINT('',(139.265013,-150.940412,1.585));
#3205 = LINE('',#3206,#3207);
#3206 = CARTESIAN_POINT('',(139.260951,-151.103329,1.585));
#3207 = VECTOR('',#3208,1.);
#3208 = DIRECTION('',(2.492519512413E-02,0.999689319063,0.));
#3209 = ORIENTED_EDGE('',*,*,#3210,.T.);
#3210 = EDGE_CURVE('',#3203,#3211,#3213,.T.);
#3211 = VERTEX_POINT('',#3212);
#3212 = CARTESIAN_POINT('',(139.258365,-150.774068,1.585));
#3213 = LINE('',#3214,#3215);
#3214 = CARTESIAN_POINT('',(139.265013,-150.940412,1.585));
#3215 = VECTOR('',#3216,1.);
#3216 = DIRECTION('',(-3.993349417836E-02,0.999202339891,0.));
#3217 = ORIENTED_EDGE('',*,*,#3218,.T.);
#3218 = EDGE_CURVE('',#3211,#3219,#3221,.T.);
#3219 = VERTEX_POINT('',#3220);
#3220 = CARTESIAN_POINT('',(139.234505,-150.653208,1.585));
#3221 = LINE('',#3222,#3223);
#3222 = CARTESIAN_POINT('',(139.258365,-150.774068,1.585));
#3223 = VECTOR('',#3224,1.);
#3224 = DIRECTION('',(-0.193680320968,0.981064693723,0.));
#3225 = ORIENTED_EDGE('',*,*,#3226,.T.);
#3226 = EDGE_CURVE('',#3219,#3227,#3229,.T.);
#3227 = VERTEX_POINT('',#3228);
#3228 = CARTESIAN_POINT('',(139.187846,-150.571699,1.585));
#3229 = LINE('',#3230,#3231);
#3230 = CARTESIAN_POINT('',(139.234505,-150.653208,1.585));
#3231 = VECTOR('',#3232,1.);
#3232 = DIRECTION('',(-0.49680041186,0.86786482287,0.));
#3233 = ORIENTED_EDGE('',*,*,#3234,.T.);
#3234 = EDGE_CURVE('',#3227,#3032,#3235,.T.);
#3235 = LINE('',#3236,#3237);
#3236 = CARTESIAN_POINT('',(139.187846,-150.571699,1.585));
#3237 = VECTOR('',#3238,1.);
#3238 = DIRECTION('',(-0.837453176101,0.546509083034,0.));
#3239 = PLANE('',#3240);
#3240 = AXIS2_PLACEMENT_3D('',#3241,#3242,#3243);
#3241 = CARTESIAN_POINT('',(0.,0.,1.585));
#3242 = DIRECTION('',(0.,0.,1.));
#3243 = DIRECTION('',(1.,0.,-0.));
#3244 = SHELL_BASED_SURFACE_MODEL('',(#3245));
#3245 = OPEN_SHELL('',(#3246));
#3246 = ADVANCED_FACE('',(#3247),#3465,.T.);
#3247 = FACE_BOUND('',#3248,.F.);
#3248 = EDGE_LOOP('',(#3249,#3259,#3267,#3275,#3283,#3291,#3299,#3307,
    #3315,#3323,#3331,#3339,#3347,#3355,#3363,#3371,#3379,#3387,#3395,
    #3403,#3411,#3419,#3427,#3435,#3443,#3451,#3459));
#3249 = ORIENTED_EDGE('',*,*,#3250,.T.);
#3250 = EDGE_CURVE('',#3251,#3253,#3255,.T.);
#3251 = VERTEX_POINT('',#3252);
#3252 = CARTESIAN_POINT('',(134.604248,-150.702651,1.585));
#3253 = VERTEX_POINT('',#3254);
#3254 = CARTESIAN_POINT('',(134.762316,-150.538582,1.585));
#3255 = LINE('',#3256,#3257);
#3256 = CARTESIAN_POINT('',(134.604248,-150.702651,1.585));
#3257 = VECTOR('',#3258,1.);
#3258 = DIRECTION('',(0.693813910489,0.720154329024,0.));
#3259 = ORIENTED_EDGE('',*,*,#3260,.T.);
#3260 = EDGE_CURVE('',#3253,#3261,#3263,.T.);
#3261 = VERTEX_POINT('',#3262);
#3262 = CARTESIAN_POINT('',(135.067519,-150.200778,1.585));
#3263 = LINE('',#3264,#3265);
#3264 = CARTESIAN_POINT('',(134.762316,-150.538582,1.585));
#3265 = VECTOR('',#3266,1.);
#3266 = DIRECTION('',(0.670394770624,0.742004616913,0.));
#3267 = ORIENTED_EDGE('',*,*,#3268,.T.);
#3268 = EDGE_CURVE('',#3261,#3269,#3271,.T.);
#3269 = VERTEX_POINT('',#3270);
#3270 = CARTESIAN_POINT('',(136.658693,-150.202242,1.585));
#3271 = LINE('',#3272,#3273);
#3272 = CARTESIAN_POINT('',(135.067519,-150.200778,1.585));
#3273 = VECTOR('',#3274,1.);
#3274 = DIRECTION('',(0.999999576731,-9.200749762959E-04,0.));
#3275 = ORIENTED_EDGE('',*,*,#3276,.T.);
#3276 = EDGE_CURVE('',#3269,#3277,#3279,.T.);
#3277 = VERTEX_POINT('',#3278);
#3278 = CARTESIAN_POINT('',(136.658693,-150.519758,1.585));
#3279 = LINE('',#3280,#3281);
#3280 = CARTESIAN_POINT('',(136.658693,-150.202242,1.585));
#3281 = VECTOR('',#3282,1.);
#3282 = DIRECTION('',(0.,-1.,0.));
#3283 = ORIENTED_EDGE('',*,*,#3284,.T.);
#3284 = EDGE_CURVE('',#3277,#3285,#3287,.T.);
#3285 = VERTEX_POINT('',#3286);
#3286 = CARTESIAN_POINT('',(136.177804,-150.521222,1.585));
#3287 = LINE('',#3288,#3289);
#3288 = CARTESIAN_POINT('',(136.658693,-150.519758,1.585));
#3289 = VECTOR('',#3290,1.);
#3290 = DIRECTION('',(-0.999995365963,-3.044347480955E-03,0.));
#3291 = ORIENTED_EDGE('',*,*,#3292,.T.);
#3292 = EDGE_CURVE('',#3285,#3293,#3295,.T.);
#3293 = VERTEX_POINT('',#3294);
#3294 = CARTESIAN_POINT('',(136.17634,-151.620425,1.585));
#3295 = LINE('',#3296,#3297);
#3296 = CARTESIAN_POINT('',(136.177804,-150.521222,1.585));
#3297 = VECTOR('',#3298,1.);
#3298 = DIRECTION('',(-1.331872912932E-03,-0.999999113057,0.));
#3299 = ORIENTED_EDGE('',*,*,#3300,.T.);
#3300 = EDGE_CURVE('',#3293,#3301,#3303,.T.);
#3301 = VERTEX_POINT('',#3302);
#3302 = CARTESIAN_POINT('',(135.890012,-151.620425,1.585));
#3303 = LINE('',#3304,#3305);
#3304 = CARTESIAN_POINT('',(136.17634,-151.620425,1.585));
#3305 = VECTOR('',#3306,1.);
#3306 = DIRECTION('',(-1.,0.,0.));
#3307 = ORIENTED_EDGE('',*,*,#3308,.T.);
#3308 = EDGE_CURVE('',#3301,#3309,#3311,.T.);
#3309 = VERTEX_POINT('',#3310);
#3310 = CARTESIAN_POINT('',(135.888548,-150.523105,1.585));
#3311 = LINE('',#3312,#3313);
#3312 = CARTESIAN_POINT('',(135.890012,-151.620425,1.585));
#3313 = VECTOR('',#3314,1.);
#3314 = DIRECTION('',(-1.334158401453E-03,0.99999911001,0.));
#3315 = ORIENTED_EDGE('',*,*,#3316,.T.);
#3316 = EDGE_CURVE('',#3309,#3317,#3319,.T.);
#3317 = VERTEX_POINT('',#3318);
#3318 = CARTESIAN_POINT('',(135.394853,-150.505529,1.585));
#3319 = LINE('',#3320,#3321);
#3320 = CARTESIAN_POINT('',(135.888548,-150.523105,1.585));
#3321 = VECTOR('',#3322,1.);
#3322 = DIRECTION('',(-0.999366888726,3.557838834958E-02,0.));
#3323 = ORIENTED_EDGE('',*,*,#3324,.T.);
#3324 = EDGE_CURVE('',#3317,#3325,#3327,.T.);
#3325 = VERTEX_POINT('',#3326);
#3326 = CARTESIAN_POINT('',(135.369427,-150.303738,1.585));
#3327 = LINE('',#3328,#3329);
#3328 = CARTESIAN_POINT('',(135.394853,-150.505529,1.585));
#3329 = VECTOR('',#3330,1.);
#3330 = DIRECTION('',(-0.125013182366,0.992155080738,0.));
#3331 = ORIENTED_EDGE('',*,*,#3332,.T.);
#3332 = EDGE_CURVE('',#3325,#3333,#3335,.T.);
#3333 = VERTEX_POINT('',#3334);
#3334 = CARTESIAN_POINT('',(134.796012,-150.90702,1.585));
#3335 = LINE('',#3336,#3337);
#3336 = CARTESIAN_POINT('',(135.369427,-150.303738,1.585));
#3337 = VECTOR('',#3338,1.);
#3338 = DIRECTION('',(-0.688937062892,-0.724821166477,0.));
#3339 = ORIENTED_EDGE('',*,*,#3340,.T.);
#3340 = EDGE_CURVE('',#3333,#3341,#3343,.T.);
#3341 = VERTEX_POINT('',#3342);
#3342 = CARTESIAN_POINT('',(135.428119,-151.617172,1.585));
#3343 = LINE('',#3344,#3345);
#3344 = CARTESIAN_POINT('',(134.796012,-150.90702,1.585));
#3345 = VECTOR('',#3346,1.);
#3346 = DIRECTION('',(0.664869457626,-0.746959573414,0.));
#3347 = ORIENTED_EDGE('',*,*,#3348,.T.);
#3348 = EDGE_CURVE('',#3341,#3349,#3351,.T.);
#3349 = VERTEX_POINT('',#3350);
#3350 = CARTESIAN_POINT('',(135.423127,-151.621889,1.585));
#3351 = LINE('',#3352,#3353);
#3352 = CARTESIAN_POINT('',(135.428119,-151.617172,1.585));
#3353 = VECTOR('',#3354,1.);
#3354 = DIRECTION('',(-0.72684353887,-0.686803079495,0.));
#3355 = ORIENTED_EDGE('',*,*,#3356,.T.);
#3356 = EDGE_CURVE('',#3349,#3357,#3359,.T.);
#3357 = VERTEX_POINT('',#3358);
#3358 = CARTESIAN_POINT('',(135.038409,-151.620226,1.585));
#3359 = LINE('',#3360,#3361);
#3360 = CARTESIAN_POINT('',(135.423127,-151.621889,1.585));
#3361 = VECTOR('',#3362,1.);
#3362 = DIRECTION('',(-0.999990657494,4.322606333521E-03,0.));
#3363 = ORIENTED_EDGE('',*,*,#3364,.T.);
#3364 = EDGE_CURVE('',#3357,#3365,#3367,.T.);
#3365 = VERTEX_POINT('',#3366);
#3366 = CARTESIAN_POINT('',(134.677089,-151.219483,1.585));
#3367 = LINE('',#3368,#3369);
#3368 = CARTESIAN_POINT('',(135.038409,-151.620226,1.585));
#3369 = VECTOR('',#3370,1.);
#3370 = DIRECTION('',(-0.669631340199,0.74269365705,0.));
#3371 = ORIENTED_EDGE('',*,*,#3372,.T.);
#3372 = EDGE_CURVE('',#3365,#3373,#3375,.T.);
#3373 = VERTEX_POINT('',#3374);
#3374 = CARTESIAN_POINT('',(134.596346,-151.13771,1.585));
#3375 = LINE('',#3376,#3377);
#3376 = CARTESIAN_POINT('',(134.677089,-151.219483,1.585));
#3377 = VECTOR('',#3378,1.);
#3378 = DIRECTION('',(-0.702611142143,0.71157401789,0.));
#3379 = ORIENTED_EDGE('',*,*,#3380,.T.);
#3380 = EDGE_CURVE('',#3373,#3381,#3383,.T.);
#3381 = VERTEX_POINT('',#3382);
#3382 = CARTESIAN_POINT('',(134.537138,-151.087281,1.585));
#3383 = LINE('',#3384,#3385);
#3384 = CARTESIAN_POINT('',(134.596346,-151.13771,1.585));
#3385 = VECTOR('',#3386,1.);
#3386 = DIRECTION('',(-0.761290479711,0.648410985025,0.));
#3387 = ORIENTED_EDGE('',*,*,#3388,.T.);
#3388 = EDGE_CURVE('',#3381,#3389,#3391,.T.);
#3389 = VERTEX_POINT('',#3390);
#3390 = CARTESIAN_POINT('',(134.493467,-151.062661,1.585));
#3391 = LINE('',#3392,#3393);
#3392 = CARTESIAN_POINT('',(134.537138,-151.087281,1.585));
#3393 = VECTOR('',#3394,1.);
#3394 = DIRECTION('',(-0.871105820765,0.491095356352,0.));
#3395 = ORIENTED_EDGE('',*,*,#3396,.T.);
#3396 = EDGE_CURVE('',#3389,#3397,#3399,.T.);
#3397 = VERTEX_POINT('',#3398);
#3398 = CARTESIAN_POINT('',(134.420838,-151.052311,1.585));
#3399 = LINE('',#3400,#3401);
#3400 = CARTESIAN_POINT('',(134.493467,-151.062661,1.585));
#3401 = VECTOR('',#3402,1.);
#3402 = DIRECTION('',(-0.989998233329,0.141079757603,0.));
#3403 = ORIENTED_EDGE('',*,*,#3404,.T.);
#3404 = EDGE_CURVE('',#3397,#3405,#3407,.T.);
#3405 = VERTEX_POINT('',#3406);
#3406 = CARTESIAN_POINT('',(134.398646,-151.028742,1.585));
#3407 = LINE('',#3408,#3409);
#3408 = CARTESIAN_POINT('',(134.420838,-151.052311,1.585));
#3409 = VECTOR('',#3410,1.);
#3410 = DIRECTION('',(-0.685518852043,0.728054876704,0.));
#3411 = ORIENTED_EDGE('',*,*,#3412,.T.);
#3412 = EDGE_CURVE('',#3405,#3413,#3415,.T.);
#3413 = VERTEX_POINT('',#3414);
#3414 = CARTESIAN_POINT('',(134.391469,-150.975863,1.585));
#3415 = LINE('',#3416,#3417);
#3416 = CARTESIAN_POINT('',(134.398646,-151.028742,1.585));
#3417 = VECTOR('',#3418,1.);
#3418 = DIRECTION('',(-0.134491854909,0.990914699136,0.));
#3419 = ORIENTED_EDGE('',*,*,#3420,.T.);
#3420 = EDGE_CURVE('',#3413,#3421,#3423,.T.);
#3421 = VERTEX_POINT('',#3422);
#3422 = CARTESIAN_POINT('',(134.392355,-150.826632,1.585));
#3423 = LINE('',#3424,#3425);
#3424 = CARTESIAN_POINT('',(134.391469,-150.975863,1.585));
#3425 = VECTOR('',#3426,1.);
#3426 = DIRECTION('',(5.936999584688E-03,0.999982375863,0.));
#3427 = ORIENTED_EDGE('',*,*,#3428,.T.);
#3428 = EDGE_CURVE('',#3421,#3429,#3431,.T.);
#3429 = VERTEX_POINT('',#3430);
#3430 = CARTESIAN_POINT('',(134.405095,-150.781749,1.585));
#3431 = LINE('',#3432,#3433);
#3432 = CARTESIAN_POINT('',(134.392355,-150.826632,1.585));
#3433 = VECTOR('',#3434,1.);
#3434 = DIRECTION('',(0.273061852721,0.96199647847,0.));
#3435 = ORIENTED_EDGE('',*,*,#3436,.T.);
#3436 = EDGE_CURVE('',#3429,#3437,#3439,.T.);
#3437 = VERTEX_POINT('',#3438);
#3438 = CARTESIAN_POINT('',(134.434695,-150.76684,1.585));
#3439 = LINE('',#3440,#3441);
#3440 = CARTESIAN_POINT('',(134.405095,-150.781749,1.585));
#3441 = VECTOR('',#3442,1.);
#3442 = DIRECTION('',(0.893107797599,0.449842707919,0.));
#3443 = ORIENTED_EDGE('',*,*,#3444,.T.);
#3444 = EDGE_CURVE('',#3437,#3445,#3447,.T.);
#3445 = VERTEX_POINT('',#3446);
#3446 = CARTESIAN_POINT('',(134.515426,-150.760315,1.585));
#3447 = LINE('',#3448,#3449);
#3448 = CARTESIAN_POINT('',(134.434695,-150.76684,1.585));
#3449 = VECTOR('',#3450,1.);
#3450 = DIRECTION('',(0.996749658893,8.056126549016E-02,0.));
#3451 = ORIENTED_EDGE('',*,*,#3452,.T.);
#3452 = EDGE_CURVE('',#3445,#3453,#3455,.T.);
#3453 = VERTEX_POINT('',#3454);
#3454 = CARTESIAN_POINT('',(134.554738,-150.74166,1.585));
#3455 = LINE('',#3456,#3457);
#3456 = CARTESIAN_POINT('',(134.515426,-150.760315,1.585));
#3457 = VECTOR('',#3458,1.);
#3458 = DIRECTION('',(0.903439539265,0.428715522105,0.));
#3459 = ORIENTED_EDGE('',*,*,#3460,.T.);
#3460 = EDGE_CURVE('',#3453,#3251,#3461,.T.);
#3461 = LINE('',#3462,#3463);
#3462 = CARTESIAN_POINT('',(134.554738,-150.74166,1.585));
#3463 = VECTOR('',#3464,1.);
#3464 = DIRECTION('',(0.785483024976,0.618883201803,0.));
#3465 = PLANE('',#3466);
#3466 = AXIS2_PLACEMENT_3D('',#3467,#3468,#3469);
#3467 = CARTESIAN_POINT('',(0.,0.,1.585));
#3468 = DIRECTION('',(0.,0.,1.));
#3469 = DIRECTION('',(1.,0.,-0.));
#3470 = SHELL_BASED_SURFACE_MODEL('',(#3471));
#3471 = OPEN_SHELL('',(#3472));
#3472 = ADVANCED_FACE('',(#3473),#3796,.T.);
#3473 = FACE_BOUND('',#3474,.F.);
#3474 = EDGE_LOOP('',(#3475,#3486,#3494,#3502,#3510,#3518,#3526,#3534,
    #3542,#3550,#3558,#3566,#3574,#3582,#3590,#3598,#3606,#3614,#3622,
    #3630,#3638,#3646,#3654,#3662,#3670,#3678,#3686,#3694,#3702,#3710,
    #3718,#3726,#3734,#3742,#3750,#3758,#3766,#3774,#3782,#3790));
#3475 = ORIENTED_EDGE('',*,*,#3476,.T.);
#3476 = EDGE_CURVE('',#3477,#3479,#3481,.T.);
#3477 = VERTEX_POINT('',#3478);
#3478 = CARTESIAN_POINT('',(136.80545,-150.257016,1.585));
#3479 = VERTEX_POINT('',#3480);
#3480 = CARTESIAN_POINT('',(136.890079,-150.211495,1.585));
#3481 = CIRCLE('',#3482,0.12545289919);
#3482 = AXIS2_PLACEMENT_3D('',#3483,#3484,#3485);
#3483 = CARTESIAN_POINT('',(136.90266134921,-150.3363153284,1.585));
#3484 = DIRECTION('',(0.,0.,-1.));
#3485 = DIRECTION('',(-0.774883241807,0.632104391353,0.));
#3486 = ORIENTED_EDGE('',*,*,#3487,.T.);
#3487 = EDGE_CURVE('',#3479,#3488,#3490,.T.);
#3488 = VERTEX_POINT('',#3489);
#3489 = CARTESIAN_POINT('',(137.028569,-150.202902,1.585));
#3490 = LINE('',#3491,#3492);
#3491 = CARTESIAN_POINT('',(136.890079,-150.211495,1.585));
#3492 = VECTOR('',#3493,1.);
#3493 = DIRECTION('',(0.99808057564,6.192870522413E-02,0.));
#3494 = ORIENTED_EDGE('',*,*,#3495,.T.);
#3495 = EDGE_CURVE('',#3488,#3496,#3498,.T.);
#3496 = VERTEX_POINT('',#3497);
#3497 = CARTESIAN_POINT('',(137.144355,-150.202959,1.585));
#3498 = LINE('',#3499,#3500);
#3499 = CARTESIAN_POINT('',(137.028569,-150.202902,1.585));
#3500 = VECTOR('',#3501,1.);
#3501 = DIRECTION('',(0.999999878827,-4.922874362299E-04,0.));
#3502 = ORIENTED_EDGE('',*,*,#3503,.T.);
#3503 = EDGE_CURVE('',#3496,#3504,#3506,.T.);
#3504 = VERTEX_POINT('',#3505);
#3505 = CARTESIAN_POINT('',(137.881897,-150.216758,1.585));
#3506 = LINE('',#3507,#3508);
#3507 = CARTESIAN_POINT('',(137.144355,-150.202959,1.585));
#3508 = VECTOR('',#3509,1.);
#3509 = DIRECTION('',(0.999825024307,-1.870616928991E-02,0.));
#3510 = ORIENTED_EDGE('',*,*,#3511,.T.);
#3511 = EDGE_CURVE('',#3504,#3512,#3514,.T.);
#3512 = VERTEX_POINT('',#3513);
#3513 = CARTESIAN_POINT('',(137.994486,-150.361945,1.585));
#3514 = LINE('',#3515,#3516);
#3515 = CARTESIAN_POINT('',(137.881897,-150.216758,1.585));
#3516 = VECTOR('',#3517,1.);
#3517 = DIRECTION('',(0.612806525245,-0.79023297996,0.));
#3518 = ORIENTED_EDGE('',*,*,#3519,.T.);
#3519 = EDGE_CURVE('',#3512,#3520,#3522,.T.);
#3520 = VERTEX_POINT('',#3521);
#3521 = CARTESIAN_POINT('',(138.01703,-150.413183,1.585));
#3522 = LINE('',#3523,#3524);
#3523 = CARTESIAN_POINT('',(137.994486,-150.361945,1.585));
#3524 = VECTOR('',#3525,1.);
#3525 = DIRECTION('',(0.402727838318,-0.915319773764,0.));
#3526 = ORIENTED_EDGE('',*,*,#3527,.T.);
#3527 = EDGE_CURVE('',#3520,#3528,#3530,.T.);
#3528 = VERTEX_POINT('',#3529);
#3529 = CARTESIAN_POINT('',(138.027707,-150.479351,1.585));
#3530 = LINE('',#3531,#3532);
#3531 = CARTESIAN_POINT('',(138.01703,-150.413183,1.585));
#3532 = VECTOR('',#3533,1.);
#3533 = DIRECTION('',(0.159301394498,-0.987229996359,0.));
#3534 = ORIENTED_EDGE('',*,*,#3535,.T.);
#3535 = EDGE_CURVE('',#3528,#3536,#3538,.T.);
#3536 = VERTEX_POINT('',#3537);
#3537 = CARTESIAN_POINT('',(138.031046,-150.623196,1.585));
#3538 = LINE('',#3539,#3540);
#3539 = CARTESIAN_POINT('',(138.027707,-150.479351,1.585));
#3540 = VECTOR('',#3541,1.);
#3541 = DIRECTION('',(2.320623451794E-02,-0.999730699078,0.));
#3542 = ORIENTED_EDGE('',*,*,#3543,.T.);
#3543 = EDGE_CURVE('',#3536,#3544,#3546,.T.);
#3544 = VERTEX_POINT('',#3545);
#3545 = CARTESIAN_POINT('',(138.022329,-150.792131,1.585));
#3546 = LINE('',#3547,#3548);
#3547 = CARTESIAN_POINT('',(138.031046,-150.623196,1.585));
#3548 = VECTOR('',#3549,1.);
#3549 = DIRECTION('',(-5.153117161461E-02,-0.998671386569,0.));
#3550 = ORIENTED_EDGE('',*,*,#3551,.T.);
#3551 = EDGE_CURVE('',#3544,#3552,#3554,.T.);
#3552 = VERTEX_POINT('',#3553);
#3553 = CARTESIAN_POINT('',(137.992691,-150.919259,1.585));
#3554 = LINE('',#3555,#3556);
#3555 = CARTESIAN_POINT('',(138.022329,-150.792131,1.585));
#3556 = VECTOR('',#3557,1.);
#3557 = DIRECTION('',(-0.227046530785,-0.973883911387,0.));
#3558 = ORIENTED_EDGE('',*,*,#3559,.T.);
#3559 = EDGE_CURVE('',#3552,#3560,#3562,.T.);
#3560 = VERTEX_POINT('',#3561);
#3561 = CARTESIAN_POINT('',(137.937089,-151.015406,1.585));
#3562 = LINE('',#3563,#3564);
#3563 = CARTESIAN_POINT('',(137.992691,-150.919259,1.585));
#3564 = VECTOR('',#3565,1.);
#3565 = DIRECTION('',(-0.500617769064,-0.865668440742,0.));
#3566 = ORIENTED_EDGE('',*,*,#3567,.T.);
#3567 = EDGE_CURVE('',#3560,#3568,#3570,.T.);
#3568 = VERTEX_POINT('',#3569);
#3569 = CARTESIAN_POINT('',(137.851402,-151.09136,1.585));
#3570 = LINE('',#3571,#3572);
#3571 = CARTESIAN_POINT('',(137.937089,-151.015406,1.585));
#3572 = VECTOR('',#3573,1.);
#3573 = DIRECTION('',(-0.748328909027,-0.663327855524,0.));
#3574 = ORIENTED_EDGE('',*,*,#3575,.T.);
#3575 = EDGE_CURVE('',#3568,#3576,#3578,.T.);
#3576 = VERTEX_POINT('',#3577);
#3577 = CARTESIAN_POINT('',(137.751133,-151.155377,1.585));
#3578 = LINE('',#3579,#3580);
#3579 = CARTESIAN_POINT('',(137.851402,-151.09136,1.585));
#3580 = VECTOR('',#3581,1.);
#3581 = DIRECTION('',(-0.842863073054,-0.538128088918,0.));
#3582 = ORIENTED_EDGE('',*,*,#3583,.T.);
#3583 = EDGE_CURVE('',#3576,#3584,#3586,.T.);
#3584 = VERTEX_POINT('',#3585);
#3585 = CARTESIAN_POINT('',(137.702388,-151.196228,1.585));
#3586 = LINE('',#3587,#3588);
#3587 = CARTESIAN_POINT('',(137.751133,-151.155377,1.585));
#3588 = VECTOR('',#3589,1.);
#3589 = DIRECTION('',(-0.766438470171,-0.642317734024,0.));
#3590 = ORIENTED_EDGE('',*,*,#3591,.T.);
#3591 = EDGE_CURVE('',#3584,#3592,#3594,.T.);
#3592 = VERTEX_POINT('',#3593);
#3593 = CARTESIAN_POINT('',(137.767009,-151.268367,1.585));
#3594 = LINE('',#3595,#3596);
#3595 = CARTESIAN_POINT('',(137.702388,-151.196228,1.585));
#3596 = VECTOR('',#3597,1.);
#3597 = DIRECTION('',(0.667228153161,-0.744853402778,0.));
#3598 = ORIENTED_EDGE('',*,*,#3599,.T.);
#3599 = EDGE_CURVE('',#3592,#3600,#3602,.T.);
#3600 = VERTEX_POINT('',#3601);
#3601 = CARTESIAN_POINT('',(138.095786,-151.589051,1.585));
#3602 = LINE('',#3603,#3604);
#3603 = CARTESIAN_POINT('',(137.767009,-151.268367,1.585));
#3604 = VECTOR('',#3605,1.);
#3605 = DIRECTION('',(0.715862534089,-0.698241242185,0.));
#3606 = ORIENTED_EDGE('',*,*,#3607,.T.);
#3607 = EDGE_CURVE('',#3600,#3608,#3610,.T.);
#3608 = VERTEX_POINT('',#3609);
#3609 = CARTESIAN_POINT('',(138.107175,-151.606072,1.585));
#3610 = LINE('',#3611,#3612);
#3611 = CARTESIAN_POINT('',(138.095786,-151.589051,1.585));
#3612 = VECTOR('',#3613,1.);
#3613 = DIRECTION('',(0.556107916187,-0.831110092319,0.));
#3614 = ORIENTED_EDGE('',*,*,#3615,.T.);
#3615 = EDGE_CURVE('',#3608,#3616,#3618,.T.);
#3616 = VERTEX_POINT('',#3617);
#3617 = CARTESIAN_POINT('',(138.079171,-151.615797,1.585));
#3618 = LINE('',#3619,#3620);
#3619 = CARTESIAN_POINT('',(138.107175,-151.606072,1.585));
#3620 = VECTOR('',#3621,1.);
#3621 = DIRECTION('',(-0.944659145748,-0.328053499228,0.));
#3622 = ORIENTED_EDGE('',*,*,#3623,.T.);
#3623 = EDGE_CURVE('',#3616,#3624,#3626,.T.);
#3624 = VERTEX_POINT('',#3625);
#3625 = CARTESIAN_POINT('',(137.902723,-151.621889,1.585));
#3626 = LINE('',#3627,#3628);
#3627 = CARTESIAN_POINT('',(138.079171,-151.615797,1.585));
#3628 = VECTOR('',#3629,1.);
#3629 = DIRECTION('',(-0.999404518523,-3.450519318362E-02,0.));
#3630 = ORIENTED_EDGE('',*,*,#3631,.T.);
#3631 = EDGE_CURVE('',#3624,#3632,#3634,.T.);
#3632 = VERTEX_POINT('',#3633);
#3633 = CARTESIAN_POINT('',(137.699705,-151.62047,1.585));
#3634 = LINE('',#3635,#3636);
#3635 = CARTESIAN_POINT('',(137.902723,-151.621889,1.585));
#3636 = VECTOR('',#3637,1.);
#3637 = DIRECTION('',(-0.999975574144,6.989357296933E-03,0.));
#3638 = ORIENTED_EDGE('',*,*,#3639,.T.);
#3639 = EDGE_CURVE('',#3632,#3640,#3642,.T.);
#3640 = VERTEX_POINT('',#3641);
#3641 = CARTESIAN_POINT('',(137.383039,-151.314597,1.585));
#3642 = LINE('',#3643,#3644);
#3643 = CARTESIAN_POINT('',(137.699705,-151.62047,1.585));
#3644 = VECTOR('',#3645,1.);
#3645 = DIRECTION('',(-0.71925785149,0.694743220961,0.));
#3646 = ORIENTED_EDGE('',*,*,#3647,.T.);
#3647 = EDGE_CURVE('',#3640,#3648,#3650,.T.);
#3648 = VERTEX_POINT('',#3649);
#3649 = CARTESIAN_POINT('',(137.308061,-151.251498,1.585));
#3650 = LINE('',#3651,#3652);
#3651 = CARTESIAN_POINT('',(137.383039,-151.314597,1.585));
#3652 = VECTOR('',#3653,1.);
#3653 = DIRECTION('',(-0.765114125798,0.643894692092,0.));
#3654 = ORIENTED_EDGE('',*,*,#3655,.T.);
#3655 = EDGE_CURVE('',#3648,#3656,#3658,.T.);
#3656 = VERTEX_POINT('',#3657);
#3657 = CARTESIAN_POINT('',(137.250064,-151.214738,1.585));
#3658 = LINE('',#3659,#3660);
#3659 = CARTESIAN_POINT('',(137.308061,-151.251498,1.585));
#3660 = VECTOR('',#3661,1.);
#3661 = DIRECTION('',(-0.84463097014,0.535348974297,0.));
#3662 = ORIENTED_EDGE('',*,*,#3663,.T.);
#3663 = EDGE_CURVE('',#3656,#3664,#3666,.T.);
#3664 = VERTEX_POINT('',#3665);
#3665 = CARTESIAN_POINT('',(137.199101,-151.197196,1.585));
#3666 = LINE('',#3667,#3668);
#3667 = CARTESIAN_POINT('',(137.250064,-151.214738,1.585));
#3668 = VECTOR('',#3669,1.);
#3669 = DIRECTION('',(-0.945552656955,0.32546915818,0.));
#3670 = ORIENTED_EDGE('',*,*,#3671,.T.);
#3671 = EDGE_CURVE('',#3664,#3672,#3674,.T.);
#3672 = VERTEX_POINT('',#3673);
#3673 = CARTESIAN_POINT('',(137.0702,-151.182645,1.585));
#3674 = LINE('',#3675,#3676);
#3675 = CARTESIAN_POINT('',(137.199101,-151.197196,1.585));
#3676 = VECTOR('',#3677,1.);
#3677 = DIRECTION('',(-0.993688733988,0.112172634566,0.));
#3678 = ORIENTED_EDGE('',*,*,#3679,.T.);
#3679 = EDGE_CURVE('',#3672,#3680,#3682,.T.);
#3680 = VERTEX_POINT('',#3681);
#3681 = CARTESIAN_POINT('',(137.05498,-150.879763,1.585));
#3682 = LINE('',#3683,#3684);
#3683 = CARTESIAN_POINT('',(137.0702,-151.182645,1.585));
#3684 = VECTOR('',#3685,1.);
#3685 = DIRECTION('',(-5.018726810145E-02,0.99873982504,0.));
#3686 = ORIENTED_EDGE('',*,*,#3687,.T.);
#3687 = EDGE_CURVE('',#3680,#3688,#3690,.T.);
#3688 = VERTEX_POINT('',#3689);
#3689 = CARTESIAN_POINT('',(137.567087,-150.873946,1.585));
#3690 = LINE('',#3691,#3692);
#3691 = CARTESIAN_POINT('',(137.05498,-150.879763,1.585));
#3692 = VECTOR('',#3693,1.);
#3693 = DIRECTION('',(0.999935493321,1.135822155264E-02,0.));
#3694 = ORIENTED_EDGE('',*,*,#3695,.T.);
#3695 = EDGE_CURVE('',#3688,#3696,#3698,.T.);
#3696 = VERTEX_POINT('',#3697);
#3697 = CARTESIAN_POINT('',(137.623752,-150.865761,1.585));
#3698 = LINE('',#3699,#3700);
#3699 = CARTESIAN_POINT('',(137.567087,-150.873946,1.585));
#3700 = VECTOR('',#3701,1.);
#3701 = DIRECTION('',(0.989728219546,0.142961713174,0.));
#3702 = ORIENTED_EDGE('',*,*,#3703,.T.);
#3703 = EDGE_CURVE('',#3696,#3704,#3706,.T.);
#3704 = VERTEX_POINT('',#3705);
#3705 = CARTESIAN_POINT('',(137.660945,-150.851072,1.585));
#3706 = LINE('',#3707,#3708);
#3707 = CARTESIAN_POINT('',(137.623752,-150.865761,1.585));
#3708 = VECTOR('',#3709,1.);
#3709 = DIRECTION('',(0.930090703829,0.367329937046,0.));
#3710 = ORIENTED_EDGE('',*,*,#3711,.T.);
#3711 = EDGE_CURVE('',#3704,#3712,#3714,.T.);
#3712 = VERTEX_POINT('',#3713);
#3713 = CARTESIAN_POINT('',(137.705873,-150.81079,1.585));
#3714 = LINE('',#3715,#3716);
#3715 = CARTESIAN_POINT('',(137.660945,-150.851072,1.585));
#3716 = VECTOR('',#3717,1.);
#3717 = DIRECTION('',(0.744555238867,0.667560855859,0.));
#3718 = ORIENTED_EDGE('',*,*,#3719,.T.);
#3719 = EDGE_CURVE('',#3712,#3720,#3722,.T.);
#3720 = VERTEX_POINT('',#3721);
#3721 = CARTESIAN_POINT('',(137.752753,-150.734389,1.585));
#3722 = LINE('',#3723,#3724);
#3723 = CARTESIAN_POINT('',(137.705873,-150.81079,1.585));
#3724 = VECTOR('',#3725,1.);
#3725 = DIRECTION('',(0.522996511355,0.852334822186,0.));
#3726 = ORIENTED_EDGE('',*,*,#3727,.T.);
#3727 = EDGE_CURVE('',#3720,#3728,#3730,.T.);
#3728 = VERTEX_POINT('',#3729);
#3729 = CARTESIAN_POINT('',(137.767182,-150.630374,1.585));
#3730 = LINE('',#3731,#3732);
#3731 = CARTESIAN_POINT('',(137.752753,-150.734389,1.585));
#3732 = VECTOR('',#3733,1.);
#3733 = DIRECTION('',(0.137404614561,0.990515003368,0.));
#3734 = ORIENTED_EDGE('',*,*,#3735,.T.);
#3735 = EDGE_CURVE('',#3728,#3736,#3738,.T.);
#3736 = VERTEX_POINT('',#3737);
#3737 = CARTESIAN_POINT('',(137.767182,-150.521222,1.585));
#3738 = LINE('',#3739,#3740);
#3739 = CARTESIAN_POINT('',(137.767182,-150.630374,1.585));
#3740 = VECTOR('',#3741,1.);
#3741 = DIRECTION('',(0.,1.,0.));
#3742 = ORIENTED_EDGE('',*,*,#3743,.T.);
#3743 = EDGE_CURVE('',#3736,#3744,#3746,.T.);
#3744 = VERTEX_POINT('',#3745);
#3745 = CARTESIAN_POINT('',(137.040961,-150.521222,1.585));
#3746 = LINE('',#3747,#3748);
#3747 = CARTESIAN_POINT('',(137.767182,-150.521222,1.585));
#3748 = VECTOR('',#3749,1.);
#3749 = DIRECTION('',(-1.,0.,0.));
#3750 = ORIENTED_EDGE('',*,*,#3751,.T.);
#3751 = EDGE_CURVE('',#3744,#3752,#3754,.T.);
#3752 = VERTEX_POINT('',#3753);
#3753 = CARTESIAN_POINT('',(137.039497,-151.620425,1.585));
#3754 = LINE('',#3755,#3756);
#3755 = CARTESIAN_POINT('',(137.040961,-150.521222,1.585));
#3756 = VECTOR('',#3757,1.);
#3757 = DIRECTION('',(-1.331872912932E-03,-0.999999113057,0.));
#3758 = ORIENTED_EDGE('',*,*,#3759,.T.);
#3759 = EDGE_CURVE('',#3752,#3760,#3762,.T.);
#3760 = VERTEX_POINT('',#3761);
#3761 = CARTESIAN_POINT('',(136.753169,-151.620425,1.585));
#3762 = LINE('',#3763,#3764);
#3763 = CARTESIAN_POINT('',(137.039497,-151.620425,1.585));
#3764 = VECTOR('',#3765,1.);
#3765 = DIRECTION('',(-1.,0.,0.));
#3766 = ORIENTED_EDGE('',*,*,#3767,.T.);
#3767 = EDGE_CURVE('',#3760,#3768,#3770,.T.);
#3768 = VERTEX_POINT('',#3769);
#3769 = CARTESIAN_POINT('',(136.755285,-150.482194,1.585));
#3770 = LINE('',#3771,#3772);
#3771 = CARTESIAN_POINT('',(136.753169,-151.620425,1.585));
#3772 = VECTOR('',#3773,1.);
#3773 = DIRECTION('',(1.859021888844E-03,0.999998272017,0.));
#3774 = ORIENTED_EDGE('',*,*,#3775,.T.);
#3775 = EDGE_CURVE('',#3768,#3776,#3778,.T.);
#3776 = VERTEX_POINT('',#3777);
#3777 = CARTESIAN_POINT('',(136.766363,-150.340859,1.585));
#3778 = LINE('',#3779,#3780);
#3779 = CARTESIAN_POINT('',(136.755285,-150.482194,1.585));
#3780 = VECTOR('',#3781,1.);
#3781 = DIRECTION('',(7.81414835092E-02,0.99694227945,0.));
#3782 = ORIENTED_EDGE('',*,*,#3783,.T.);
#3783 = EDGE_CURVE('',#3776,#3784,#3786,.T.);
#3784 = VERTEX_POINT('',#3785);
#3785 = CARTESIAN_POINT('',(136.776432,-150.302333,1.585));
#3786 = LINE('',#3787,#3788);
#3787 = CARTESIAN_POINT('',(136.766363,-150.340859,1.585));
#3788 = VECTOR('',#3789,1.);
#3789 = DIRECTION('',(0.252862481346,0.967502230244,0.));
#3790 = ORIENTED_EDGE('',*,*,#3791,.T.);
#3791 = EDGE_CURVE('',#3784,#3477,#3792,.T.);
#3792 = LINE('',#3793,#3794);
#3793 = CARTESIAN_POINT('',(136.776432,-150.302333,1.585));
#3794 = VECTOR('',#3795,1.);
#3795 = DIRECTION('',(0.539253015155,0.842143803425,0.));
#3796 = PLANE('',#3797);
#3797 = AXIS2_PLACEMENT_3D('',#3798,#3799,#3800);
#3798 = CARTESIAN_POINT('',(0.,0.,1.585));
#3799 = DIRECTION('',(0.,0.,1.));
#3800 = DIRECTION('',(1.,0.,-0.));
#3801 = SHELL_BASED_SURFACE_MODEL('',(#3802));
#3802 = OPEN_SHELL('',(#3803));
#3803 = ADVANCED_FACE('',(#3804),#4255,.T.);
#3804 = FACE_BOUND('',#3805,.F.);
#3805 = EDGE_LOOP('',(#3806,#3816,#3824,#3832,#3840,#3848,#3856,#3864,
    #3872,#3880,#3888,#3896,#3904,#3912,#3920,#3928,#3936,#3944,#3952,
    #3960,#3968,#3976,#3984,#3992,#4000,#4008,#4017,#4025,#4033,#4041,
    #4049,#4057,#4065,#4073,#4081,#4089,#4097,#4105,#4113,#4121,#4129,
    #4137,#4145,#4153,#4161,#4169,#4177,#4185,#4193,#4201,#4209,#4217,
    #4225,#4233,#4241,#4249));
#3806 = ORIENTED_EDGE('',*,*,#3807,.T.);
#3807 = EDGE_CURVE('',#3808,#3810,#3812,.T.);
#3808 = VERTEX_POINT('',#3809);
#3809 = CARTESIAN_POINT('',(143.265266,-150.218346,1.585));
#3810 = VERTEX_POINT('',#3811);
#3811 = CARTESIAN_POINT('',(143.376123,-150.206921,1.585));
#3812 = LINE('',#3813,#3814);
#3813 = CARTESIAN_POINT('',(143.265266,-150.218346,1.585));
#3814 = VECTOR('',#3815,1.);
#3815 = DIRECTION('',(0.994731181222,0.10251769167,0.));
#3816 = ORIENTED_EDGE('',*,*,#3817,.T.);
#3817 = EDGE_CURVE('',#3810,#3818,#3820,.T.);
#3818 = VERTEX_POINT('',#3819);
#3819 = CARTESIAN_POINT('',(143.673802,-150.200778,1.585));
#3820 = LINE('',#3821,#3822);
#3821 = CARTESIAN_POINT('',(143.376123,-150.206921,1.585));
#3822 = VECTOR('',#3823,1.);
#3823 = DIRECTION('',(0.99978713907,2.063193035212E-02,0.));
#3824 = ORIENTED_EDGE('',*,*,#3825,.T.);
#3825 = EDGE_CURVE('',#3818,#3826,#3828,.T.);
#3826 = VERTEX_POINT('',#3827);
#3827 = CARTESIAN_POINT('',(144.097071,-150.202242,1.585));
#3828 = LINE('',#3829,#3830);
#3829 = CARTESIAN_POINT('',(143.673802,-150.200778,1.585));
#3830 = VECTOR('',#3831,1.);
#3831 = DIRECTION('',(0.999994018428,-3.45877265516E-03,0.));
#3832 = ORIENTED_EDGE('',*,*,#3833,.T.);
#3833 = EDGE_CURVE('',#3826,#3834,#3836,.T.);
#3834 = VERTEX_POINT('',#3835);
#3835 = CARTESIAN_POINT('',(144.097071,-150.519758,1.585));
#3836 = LINE('',#3837,#3838);
#3837 = CARTESIAN_POINT('',(144.097071,-150.202242,1.585));
#3838 = VECTOR('',#3839,1.);
#3839 = DIRECTION('',(0.,-1.,0.));
#3840 = ORIENTED_EDGE('',*,*,#3841,.T.);
#3841 = EDGE_CURVE('',#3834,#3842,#3844,.T.);
#3842 = VERTEX_POINT('',#3843);
#3843 = CARTESIAN_POINT('',(143.512737,-150.522296,1.585));
#3844 = LINE('',#3845,#3846);
#3845 = CARTESIAN_POINT('',(144.097071,-150.519758,1.585));
#3846 = VECTOR('',#3847,1.);
#3847 = DIRECTION('',(-0.999990567544,-4.343365370563E-03,0.));
#3848 = ORIENTED_EDGE('',*,*,#3849,.T.);
#3849 = EDGE_CURVE('',#3842,#3850,#3852,.T.);
#3850 = VERTEX_POINT('',#3851);
#3851 = CARTESIAN_POINT('',(143.390025,-150.526596,1.585));
#3852 = LINE('',#3853,#3854);
#3853 = CARTESIAN_POINT('',(143.512737,-150.522296,1.585));
#3854 = VECTOR('',#3855,1.);
#3855 = DIRECTION('',(-0.999386615046,-3.501990387817E-02,0.));
#3856 = ORIENTED_EDGE('',*,*,#3857,.T.);
#3857 = EDGE_CURVE('',#3850,#3858,#3860,.T.);
#3858 = VERTEX_POINT('',#3859);
#3859 = CARTESIAN_POINT('',(143.305204,-150.535696,1.585));
#3860 = LINE('',#3861,#3862);
#3861 = CARTESIAN_POINT('',(143.390025,-150.526596,1.585));
#3862 = VECTOR('',#3863,1.);
#3863 = DIRECTION('',(-0.994294199358,-0.106672607186,0.));
#3864 = ORIENTED_EDGE('',*,*,#3865,.T.);
#3865 = EDGE_CURVE('',#3858,#3866,#3868,.T.);
#3866 = VERTEX_POINT('',#3867);
#3867 = CARTESIAN_POINT('',(143.252018,-150.550957,1.585));
#3868 = LINE('',#3869,#3870);
#3869 = CARTESIAN_POINT('',(143.305204,-150.535696,1.585));
#3870 = VECTOR('',#3871,1.);
#3871 = DIRECTION('',(-0.961213029937,-0.275807017822,0.));
#3872 = ORIENTED_EDGE('',*,*,#3873,.T.);
#3873 = EDGE_CURVE('',#3866,#3874,#3876,.T.);
#3874 = VERTEX_POINT('',#3875);
#3875 = CARTESIAN_POINT('',(143.223627,-150.573246,1.585));
#3876 = LINE('',#3877,#3878);
#3877 = CARTESIAN_POINT('',(143.252018,-150.550957,1.585));
#3878 = VECTOR('',#3879,1.);
#3879 = DIRECTION('',(-0.786563423966,-0.617509497967,0.));
#3880 = ORIENTED_EDGE('',*,*,#3881,.T.);
#3881 = EDGE_CURVE('',#3874,#3882,#3884,.T.);
#3882 = VERTEX_POINT('',#3883);
#3883 = CARTESIAN_POINT('',(143.211786,-150.604722,1.585));
#3884 = LINE('',#3885,#3886);
#3885 = CARTESIAN_POINT('',(143.223627,-150.573246,1.585));
#3886 = VECTOR('',#3887,1.);
#3887 = DIRECTION('',(-0.35210086348,-0.935962062232,0.));
#3888 = ORIENTED_EDGE('',*,*,#3889,.T.);
#3889 = EDGE_CURVE('',#3882,#3890,#3892,.T.);
#3890 = VERTEX_POINT('',#3891);
#3891 = CARTESIAN_POINT('',(143.210013,-150.632564,1.585));
#3892 = LINE('',#3893,#3894);
#3893 = CARTESIAN_POINT('',(143.211786,-150.604722,1.585));
#3894 = VECTOR('',#3895,1.);
#3895 = DIRECTION('',(-6.355204102935E-02,-0.997978525862,0.));
#3896 = ORIENTED_EDGE('',*,*,#3897,.T.);
#3897 = EDGE_CURVE('',#3890,#3898,#3900,.T.);
#3898 = VERTEX_POINT('',#3899);
#3899 = CARTESIAN_POINT('',(143.216901,-150.683713,1.585));
#3900 = LINE('',#3901,#3902);
#3901 = CARTESIAN_POINT('',(143.210013,-150.632564,1.585));
#3902 = VECTOR('',#3903,1.);
#3903 = DIRECTION('',(0.13346068732,-0.991054107978,0.));
#3904 = ORIENTED_EDGE('',*,*,#3905,.T.);
#3905 = EDGE_CURVE('',#3898,#3906,#3908,.T.);
#3906 = VERTEX_POINT('',#3907);
#3907 = CARTESIAN_POINT('',(143.241375,-150.719336,1.585));
#3908 = LINE('',#3909,#3910);
#3909 = CARTESIAN_POINT('',(143.216901,-150.683713,1.585));
#3910 = VECTOR('',#3911,1.);
#3911 = DIRECTION('',(0.56626464695,-0.82422348281,0.));
#3912 = ORIENTED_EDGE('',*,*,#3913,.T.);
#3913 = EDGE_CURVE('',#3906,#3914,#3916,.T.);
#3914 = VERTEX_POINT('',#3915);
#3915 = CARTESIAN_POINT('',(143.291067,-150.743388,1.585));
#3916 = LINE('',#3917,#3918);
#3917 = CARTESIAN_POINT('',(143.241375,-150.719336,1.585));
#3918 = VECTOR('',#3919,1.);
#3919 = DIRECTION('',(0.900106094896,-0.435670767819,0.));
#3920 = ORIENTED_EDGE('',*,*,#3921,.T.);
#3921 = EDGE_CURVE('',#3914,#3922,#3924,.T.);
#3922 = VERTEX_POINT('',#3923);
#3923 = CARTESIAN_POINT('',(143.374051,-150.757745,1.585));
#3924 = LINE('',#3925,#3926);
#3925 = CARTESIAN_POINT('',(143.291067,-150.743388,1.585));
#3926 = VECTOR('',#3927,1.);
#3927 = DIRECTION('',(0.985361708461,-0.170476694885,0.));
#3928 = ORIENTED_EDGE('',*,*,#3929,.T.);
#3929 = EDGE_CURVE('',#3922,#3930,#3932,.T.);
#3930 = VERTEX_POINT('',#3931);
#3931 = CARTESIAN_POINT('',(143.60324,-150.765222,1.585));
#3932 = LINE('',#3933,#3934);
#3933 = CARTESIAN_POINT('',(143.374051,-150.757745,1.585));
#3934 = VECTOR('',#3935,1.);
#3935 = DIRECTION('',(0.999468270533,-3.260638276171E-02,0.));
#3936 = ORIENTED_EDGE('',*,*,#3937,.T.);
#3937 = EDGE_CURVE('',#3930,#3938,#3940,.T.);
#3938 = VERTEX_POINT('',#3939);
#3939 = CARTESIAN_POINT('',(143.841122,-150.77099,1.585));
#3940 = LINE('',#3941,#3942);
#3941 = CARTESIAN_POINT('',(143.60324,-150.765222,1.585));
#3942 = VECTOR('',#3943,1.);
#3943 = DIRECTION('',(0.999706163397,-2.424019114724E-02,0.));
#3944 = ORIENTED_EDGE('',*,*,#3945,.T.);
#3945 = EDGE_CURVE('',#3938,#3946,#3948,.T.);
#3946 = VERTEX_POINT('',#3947);
#3947 = CARTESIAN_POINT('',(143.912262,-150.780706,1.585));
#3948 = LINE('',#3949,#3950);
#3949 = CARTESIAN_POINT('',(143.841122,-150.77099,1.585));
#3950 = VECTOR('',#3951,1.);
#3951 = DIRECTION('',(0.990802009063,-0.135319543436,0.));
#3952 = ORIENTED_EDGE('',*,*,#3953,.T.);
#3953 = EDGE_CURVE('',#3946,#3954,#3956,.T.);
#3954 = VERTEX_POINT('',#3955);
#3955 = CARTESIAN_POINT('',(143.96614,-150.797179,1.585));
#3956 = LINE('',#3957,#3958);
#3957 = CARTESIAN_POINT('',(143.912262,-150.780706,1.585));
#3958 = VECTOR('',#3959,1.);
#3959 = DIRECTION('',(0.956300575596,-0.292385377738,0.));
#3960 = ORIENTED_EDGE('',*,*,#3961,.T.);
#3961 = EDGE_CURVE('',#3954,#3962,#3964,.T.);
#3962 = VERTEX_POINT('',#3963);
#3963 = CARTESIAN_POINT('',(144.019573,-150.825631,1.585));
#3964 = LINE('',#3965,#3966);
#3965 = CARTESIAN_POINT('',(143.96614,-150.797179,1.585));
#3966 = VECTOR('',#3967,1.);
#3967 = DIRECTION('',(0.882665523312,-0.470001674419,0.));
#3968 = ORIENTED_EDGE('',*,*,#3969,.T.);
#3969 = EDGE_CURVE('',#3962,#3970,#3972,.T.);
#3970 = VERTEX_POINT('',#3971);
#3971 = CARTESIAN_POINT('',(144.119772,-150.917373,1.585));
#3972 = LINE('',#3973,#3974);
#3973 = CARTESIAN_POINT('',(144.019573,-150.825631,1.585));
#3974 = VECTOR('',#3975,1.);
#3975 = DIRECTION('',(0.73754663904,-0.675296198154,0.));
#3976 = ORIENTED_EDGE('',*,*,#3977,.T.);
#3977 = EDGE_CURVE('',#3970,#3978,#3980,.T.);
#3978 = VERTEX_POINT('',#3979);
#3979 = CARTESIAN_POINT('',(144.183363,-151.035534,1.585));
#3980 = LINE('',#3981,#3982);
#3981 = CARTESIAN_POINT('',(144.119772,-150.917373,1.585));
#3982 = VECTOR('',#3983,1.);
#3983 = DIRECTION('',(0.473902494736,-0.880577325101,0.));
#3984 = ORIENTED_EDGE('',*,*,#3985,.T.);
#3985 = EDGE_CURVE('',#3978,#3986,#3988,.T.);
#3986 = VERTEX_POINT('',#3987);
#3987 = CARTESIAN_POINT('',(144.210446,-151.168014,1.585));
#3988 = LINE('',#3989,#3990);
#3989 = CARTESIAN_POINT('',(144.183363,-151.035534,1.585));
#3990 = VECTOR('',#3991,1.);
#3991 = DIRECTION('',(0.200288468774,-0.979736969434,0.));
#3992 = ORIENTED_EDGE('',*,*,#3993,.T.);
#3993 = EDGE_CURVE('',#3986,#3994,#3996,.T.);
#3994 = VERTEX_POINT('',#3995);
#3995 = CARTESIAN_POINT('',(144.201018,-151.302824,1.585));
#3996 = LINE('',#3997,#3998);
#3997 = CARTESIAN_POINT('',(144.210446,-151.168014,1.585));
#3998 = VECTOR('',#3999,1.);
#3999 = DIRECTION('',(-6.976506344156E-02,-0.997563449573,0.));
#4000 = ORIENTED_EDGE('',*,*,#4001,.T.);
#4001 = EDGE_CURVE('',#3994,#4002,#4004,.T.);
#4002 = VERTEX_POINT('',#4003);
#4003 = CARTESIAN_POINT('',(144.154943,-151.427928,1.585));
#4004 = LINE('',#4005,#4006);
#4005 = CARTESIAN_POINT('',(144.201018,-151.302824,1.585));
#4006 = VECTOR('',#4007,1.);
#4007 = DIRECTION('',(-0.345600034235,-0.938381913901,0.));
#4008 = ORIENTED_EDGE('',*,*,#4009,.T.);
#4009 = EDGE_CURVE('',#4002,#4010,#4012,.T.);
#4010 = VERTEX_POINT('',#4011);
#4011 = CARTESIAN_POINT('',(143.982568,-151.587665,1.585));
#4012 = CIRCLE('',#4013,0.3612822073);
#4013 = AXIS2_PLACEMENT_3D('',#4014,#4015,#4016);
#4014 = CARTESIAN_POINT('',(143.83654071998,-151.2572094556,1.585));
#4015 = DIRECTION('',(0.,0.,-1.));
#4016 = DIRECTION('',(0.881311821024,-0.472535156495,0.));
#4017 = ORIENTED_EDGE('',*,*,#4018,.T.);
#4018 = EDGE_CURVE('',#4010,#4019,#4021,.T.);
#4019 = VERTEX_POINT('',#4020);
#4020 = CARTESIAN_POINT('',(143.938088,-151.601512,1.585));
#4021 = LINE('',#4022,#4023);
#4022 = CARTESIAN_POINT('',(143.982568,-151.587665,1.585));
#4023 = VECTOR('',#4024,1.);
#4024 = DIRECTION('',(-0.954803313583,-0.297238342698,0.));
#4025 = ORIENTED_EDGE('',*,*,#4026,.T.);
#4026 = EDGE_CURVE('',#4019,#4027,#4029,.T.);
#4027 = VERTEX_POINT('',#4028);
#4028 = CARTESIAN_POINT('',(143.796795,-151.617129,1.585));
#4029 = LINE('',#4030,#4031);
#4030 = CARTESIAN_POINT('',(143.938088,-151.601512,1.585));
#4031 = VECTOR('',#4032,1.);
#4032 = DIRECTION('',(-0.993947053891,-0.109860156842,0.));
#4033 = ORIENTED_EDGE('',*,*,#4034,.T.);
#4034 = EDGE_CURVE('',#4027,#4035,#4037,.T.);
#4035 = VERTEX_POINT('',#4036);
#4036 = CARTESIAN_POINT('',(143.440224,-151.621889,1.585));
#4037 = LINE('',#4038,#4039);
#4038 = CARTESIAN_POINT('',(143.796795,-151.617129,1.585));
#4039 = VECTOR('',#4040,1.);
#4040 = DIRECTION('',(-0.999910909001,-1.334818571013E-02,0.));
#4041 = ORIENTED_EDGE('',*,*,#4042,.T.);
#4042 = EDGE_CURVE('',#4035,#4043,#4045,.T.);
#4043 = VERTEX_POINT('',#4044);
#4044 = CARTESIAN_POINT('',(142.947586,-151.620425,1.585));
#4045 = LINE('',#4046,#4047);
#4046 = CARTESIAN_POINT('',(143.440224,-151.621889,1.585));
#4047 = VECTOR('',#4048,1.);
#4048 = DIRECTION('',(-0.999995584362,2.971743015164E-03,0.));
#4049 = ORIENTED_EDGE('',*,*,#4050,.T.);
#4050 = EDGE_CURVE('',#4043,#4051,#4053,.T.);
#4051 = VERTEX_POINT('',#4052);
#4052 = CARTESIAN_POINT('',(142.947586,-151.302908,1.585));
#4053 = LINE('',#4054,#4055);
#4054 = CARTESIAN_POINT('',(142.947586,-151.620425,1.585));
#4055 = VECTOR('',#4056,1.);
#4056 = DIRECTION('',(0.,1.,0.));
#4057 = ORIENTED_EDGE('',*,*,#4058,.T.);
#4058 = EDGE_CURVE('',#4051,#4059,#4061,.T.);
#4059 = VERTEX_POINT('',#4060);
#4060 = CARTESIAN_POINT('',(143.72432,-151.297148,1.585));
#4061 = LINE('',#4062,#4063);
#4062 = CARTESIAN_POINT('',(142.947586,-151.302908,1.585));
#4063 = VECTOR('',#4064,1.);
#4064 = DIRECTION('',(0.999972505082,7.415462216514E-03,0.));
#4065 = ORIENTED_EDGE('',*,*,#4066,.T.);
#4066 = EDGE_CURVE('',#4059,#4067,#4069,.T.);
#4067 = VERTEX_POINT('',#4068);
#4068 = CARTESIAN_POINT('',(143.818015,-151.289691,1.585));
#4069 = LINE('',#4070,#4071);
#4070 = CARTESIAN_POINT('',(143.72432,-151.297148,1.585));
#4071 = VECTOR('',#4072,1.);
#4072 = DIRECTION('',(0.996847840196,7.933715080129E-02,0.));
#4073 = ORIENTED_EDGE('',*,*,#4074,.T.);
#4074 = EDGE_CURVE('',#4067,#4075,#4077,.T.);
#4075 = VERTEX_POINT('',#4076);
#4076 = CARTESIAN_POINT('',(143.879393,-151.276969,1.585));
#4077 = LINE('',#4078,#4079);
#4078 = CARTESIAN_POINT('',(143.818015,-151.289691,1.585));
#4079 = VECTOR('',#4080,1.);
#4080 = DIRECTION('',(0.979187228433,0.202959039397,0.));
#4081 = ORIENTED_EDGE('',*,*,#4082,.T.);
#4082 = EDGE_CURVE('',#4075,#4083,#4085,.T.);
#4083 = VERTEX_POINT('',#4084);
#4084 = CARTESIAN_POINT('',(143.914579,-151.258143,1.585));
#4085 = LINE('',#4086,#4087);
#4086 = CARTESIAN_POINT('',(143.879393,-151.276969,1.585));
#4087 = VECTOR('',#4088,1.);
#4088 = DIRECTION('',(0.881726466281,0.471760997391,0.));
#4089 = ORIENTED_EDGE('',*,*,#4090,.T.);
#4090 = EDGE_CURVE('',#4083,#4091,#4093,.T.);
#4091 = VERTEX_POINT('',#4092);
#4092 = CARTESIAN_POINT('',(143.931183,-151.232126,1.585));
#4093 = LINE('',#4094,#4095);
#4094 = CARTESIAN_POINT('',(143.914579,-151.258143,1.585));
#4095 = VECTOR('',#4096,1.);
#4096 = DIRECTION('',(0.53797569483,0.842960350059,0.));
#4097 = ORIENTED_EDGE('',*,*,#4098,.T.);
#4098 = EDGE_CURVE('',#4091,#4099,#4101,.T.);
#4099 = VERTEX_POINT('',#4100);
#4100 = CARTESIAN_POINT('',(143.936207,-151.190009,1.585));
#4101 = LINE('',#4102,#4103);
#4102 = CARTESIAN_POINT('',(143.931183,-151.232126,1.585));
#4103 = VECTOR('',#4104,1.);
#4104 = DIRECTION('',(0.118447014742,0.992960374184,0.));
#4105 = ORIENTED_EDGE('',*,*,#4106,.T.);
#4106 = EDGE_CURVE('',#4099,#4107,#4109,.T.);
#4107 = VERTEX_POINT('',#4108);
#4108 = CARTESIAN_POINT('',(143.925441,-151.139441,1.585));
#4109 = LINE('',#4110,#4111);
#4110 = CARTESIAN_POINT('',(143.936207,-151.190009,1.585));
#4111 = VECTOR('',#4112,1.);
#4112 = DIRECTION('',(-0.208234416056,0.978078947718,0.));
#4113 = ORIENTED_EDGE('',*,*,#4114,.T.);
#4114 = EDGE_CURVE('',#4107,#4115,#4117,.T.);
#4115 = VERTEX_POINT('',#4116);
#4116 = CARTESIAN_POINT('',(143.889914,-151.10316,1.585));
#4117 = LINE('',#4118,#4119);
#4118 = CARTESIAN_POINT('',(143.925441,-151.139441,1.585));
#4119 = VECTOR('',#4120,1.);
#4120 = DIRECTION('',(-0.699643434011,0.714492172977,0.));
#4121 = ORIENTED_EDGE('',*,*,#4122,.T.);
#4122 = EDGE_CURVE('',#4115,#4123,#4125,.T.);
#4123 = VERTEX_POINT('',#4124);
#4124 = CARTESIAN_POINT('',(143.822342,-151.078204,1.585));
#4125 = LINE('',#4126,#4127);
#4126 = CARTESIAN_POINT('',(143.889914,-151.10316,1.585));
#4127 = VECTOR('',#4128,1.);
#4128 = DIRECTION('',(-0.938067878963,0.346451518194,0.));
#4129 = ORIENTED_EDGE('',*,*,#4130,.T.);
#4130 = EDGE_CURVE('',#4123,#4131,#4133,.T.);
#4131 = VERTEX_POINT('',#4132);
#4132 = CARTESIAN_POINT('',(143.716508,-151.063541,1.585));
#4133 = LINE('',#4134,#4135);
#4134 = CARTESIAN_POINT('',(143.822342,-151.078204,1.585));
#4135 = VECTOR('',#4136,1.);
#4136 = DIRECTION('',(-0.990538341218,0.137236272817,0.));
#4137 = ORIENTED_EDGE('',*,*,#4138,.T.);
#4138 = EDGE_CURVE('',#4131,#4139,#4141,.T.);
#4139 = VERTEX_POINT('',#4140);
#4140 = CARTESIAN_POINT('',(143.352833,-151.054342,1.585));
#4141 = LINE('',#4142,#4143);
#4142 = CARTESIAN_POINT('',(143.716508,-151.063541,1.585));
#4143 = VECTOR('',#4144,1.);
#4144 = DIRECTION('',(-0.999680245985,2.528647441481E-02,0.));
#4145 = ORIENTED_EDGE('',*,*,#4146,.T.);
#4146 = EDGE_CURVE('',#4139,#4147,#4149,.T.);
#4147 = VERTEX_POINT('',#4148);
#4148 = CARTESIAN_POINT('',(143.231525,-151.042897,1.585));
#4149 = LINE('',#4150,#4151);
#4150 = CARTESIAN_POINT('',(143.352833,-151.054342,1.585));
#4151 = VECTOR('',#4152,1.);
#4152 = DIRECTION('',(-0.995578851108,9.392950135949E-02,0.));
#4153 = ORIENTED_EDGE('',*,*,#4154,.T.);
#4154 = EDGE_CURVE('',#4147,#4155,#4157,.T.);
#4155 = VERTEX_POINT('',#4156);
#4156 = CARTESIAN_POINT('',(143.142362,-151.019749,1.585));
#4157 = LINE('',#4158,#4159);
#4158 = CARTESIAN_POINT('',(143.231525,-151.042897,1.585));
#4159 = VECTOR('',#4160,1.);
#4160 = DIRECTION('',(-0.967913334982,0.251284253313,0.));
#4161 = ORIENTED_EDGE('',*,*,#4162,.T.);
#4162 = EDGE_CURVE('',#4155,#4163,#4165,.T.);
#4163 = VERTEX_POINT('',#4164);
#4164 = CARTESIAN_POINT('',(143.076891,-150.981715,1.585));
#4165 = LINE('',#4166,#4167);
#4166 = CARTESIAN_POINT('',(143.142362,-151.019749,1.585));
#4167 = VECTOR('',#4168,1.);
#4168 = DIRECTION('',(-0.864682365842,0.502319028309,0.));
#4169 = ORIENTED_EDGE('',*,*,#4170,.T.);
#4170 = EDGE_CURVE('',#4163,#4171,#4173,.T.);
#4171 = VERTEX_POINT('',#4172);
#4172 = CARTESIAN_POINT('',(143.02673,-150.926375,1.585));
#4173 = LINE('',#4174,#4175);
#4174 = CARTESIAN_POINT('',(143.076891,-150.981715,1.585));
#4175 = VECTOR('',#4176,1.);
#4176 = DIRECTION('',(-0.671586501479,0.74092615761,0.));
#4177 = ORIENTED_EDGE('',*,*,#4178,.T.);
#4178 = EDGE_CURVE('',#4171,#4179,#4181,.T.);
#4179 = VERTEX_POINT('',#4180);
#4180 = CARTESIAN_POINT('',(142.996134,-150.876292,1.585));
#4181 = LINE('',#4182,#4183);
#4182 = CARTESIAN_POINT('',(143.02673,-150.926375,1.585));
#4183 = VECTOR('',#4184,1.);
#4184 = DIRECTION('',(-0.521322498977,0.853359743637,0.));
#4185 = ORIENTED_EDGE('',*,*,#4186,.T.);
#4186 = EDGE_CURVE('',#4179,#4187,#4189,.T.);
#4187 = VERTEX_POINT('',#4188);
#4188 = CARTESIAN_POINT('',(142.957152,-150.760956,1.585));
#4189 = LINE('',#4190,#4191);
#4190 = CARTESIAN_POINT('',(142.996134,-150.876292,1.585));
#4191 = VECTOR('',#4192,1.);
#4192 = DIRECTION('',(-0.320192290298,0.947352572823,0.));
#4193 = ORIENTED_EDGE('',*,*,#4194,.T.);
#4194 = EDGE_CURVE('',#4187,#4195,#4197,.T.);
#4195 = VERTEX_POINT('',#4196);
#4196 = CARTESIAN_POINT('',(142.946222,-150.623997,1.585));
#4197 = LINE('',#4198,#4199);
#4198 = CARTESIAN_POINT('',(142.957152,-150.760956,1.585));
#4199 = VECTOR('',#4200,1.);
#4200 = DIRECTION('',(-7.955198094752E-02,0.996830718993,0.));
#4201 = ORIENTED_EDGE('',*,*,#4202,.T.);
#4202 = EDGE_CURVE('',#4195,#4203,#4205,.T.);
#4203 = VERTEX_POINT('',#4204);
#4204 = CARTESIAN_POINT('',(142.951035,-150.518812,1.585));
#4205 = LINE('',#4206,#4207);
#4206 = CARTESIAN_POINT('',(142.946222,-150.623997,1.585));
#4207 = VECTOR('',#4208,1.);
#4208 = DIRECTION('',(4.570964773864E-02,0.998954767797,0.));
#4209 = ORIENTED_EDGE('',*,*,#4210,.T.);
#4210 = EDGE_CURVE('',#4203,#4211,#4213,.T.);
#4211 = VERTEX_POINT('',#4212);
#4212 = CARTESIAN_POINT('',(142.970174,-150.444758,1.585));
#4213 = LINE('',#4214,#4215);
#4214 = CARTESIAN_POINT('',(142.951035,-150.518812,1.585));
#4215 = VECTOR('',#4216,1.);
#4216 = DIRECTION('',(0.250224778566,0.968187771143,0.));
#4217 = ORIENTED_EDGE('',*,*,#4218,.T.);
#4218 = EDGE_CURVE('',#4211,#4219,#4221,.T.);
#4219 = VERTEX_POINT('',#4220);
#4220 = CARTESIAN_POINT('',(143.01593,-150.370215,1.585));
#4221 = LINE('',#4222,#4223);
#4222 = CARTESIAN_POINT('',(142.970174,-150.444758,1.585));
#4223 = VECTOR('',#4224,1.);
#4224 = DIRECTION('',(0.52313003933,0.852252874416,0.));
#4225 = ORIENTED_EDGE('',*,*,#4226,.T.);
#4226 = EDGE_CURVE('',#4219,#4227,#4229,.T.);
#4227 = VERTEX_POINT('',#4228);
#4228 = CARTESIAN_POINT('',(143.06499,-150.312195,1.585));
#4229 = LINE('',#4230,#4231);
#4230 = CARTESIAN_POINT('',(143.01593,-150.370215,1.585));
#4231 = VECTOR('',#4232,1.);
#4232 = DIRECTION('',(0.645682613151,0.763605895128,0.));
#4233 = ORIENTED_EDGE('',*,*,#4234,.T.);
#4234 = EDGE_CURVE('',#4227,#4235,#4237,.T.);
#4235 = VERTEX_POINT('',#4236);
#4236 = CARTESIAN_POINT('',(143.117723,-150.268783,1.585));
#4237 = LINE('',#4238,#4239);
#4238 = CARTESIAN_POINT('',(143.06499,-150.312195,1.585));
#4239 = VECTOR('',#4240,1.);
#4240 = DIRECTION('',(0.772039258505,0.635574844788,0.));
#4241 = ORIENTED_EDGE('',*,*,#4242,.T.);
#4242 = EDGE_CURVE('',#4235,#4243,#4245,.T.);
#4243 = VERTEX_POINT('',#4244);
#4244 = CARTESIAN_POINT('',(143.181867,-150.238218,1.585));
#4245 = LINE('',#4246,#4247);
#4246 = CARTESIAN_POINT('',(143.117723,-150.268783,1.585));
#4247 = VECTOR('',#4248,1.);
#4248 = DIRECTION('',(0.902749927683,0.430165744881,0.));
#4249 = ORIENTED_EDGE('',*,*,#4250,.T.);
#4250 = EDGE_CURVE('',#4243,#3808,#4251,.T.);
#4251 = LINE('',#4252,#4253);
#4252 = CARTESIAN_POINT('',(143.181867,-150.238218,1.585));
#4253 = VECTOR('',#4254,1.);
#4254 = DIRECTION('',(0.972766527773,0.231787149005,0.));
#4255 = PLANE('',#4256);
#4256 = AXIS2_PLACEMENT_3D('',#4257,#4258,#4259);
#4257 = CARTESIAN_POINT('',(0.,0.,1.585));
#4258 = DIRECTION('',(0.,0.,1.));
#4259 = DIRECTION('',(1.,0.,-0.));
#4260 = SHELL_BASED_SURFACE_MODEL('',(#4261));
#4261 = OPEN_SHELL('',(#4262));
#4262 = ADVANCED_FACE('',(#4263),#4361,.T.);
#4263 = FACE_BOUND('',#4264,.F.);
#4264 = EDGE_LOOP('',(#4265,#4275,#4283,#4291,#4299,#4307,#4315,#4323,
    #4331,#4339,#4347,#4355));
#4265 = ORIENTED_EDGE('',*,*,#4266,.T.);
#4266 = EDGE_CURVE('',#4267,#4269,#4271,.T.);
#4267 = VERTEX_POINT('',#4268);
#4268 = CARTESIAN_POINT('',(129.771755,-151.620425,1.585));
#4269 = VERTEX_POINT('',#4270);
#4270 = CARTESIAN_POINT('',(129.771755,-150.202242,1.585));
#4271 = LINE('',#4272,#4273);
#4272 = CARTESIAN_POINT('',(129.771755,-151.620425,1.585));
#4273 = VECTOR('',#4274,1.);
#4274 = DIRECTION('',(0.,1.,0.));
#4275 = ORIENTED_EDGE('',*,*,#4276,.T.);
#4276 = EDGE_CURVE('',#4269,#4277,#4279,.T.);
#4277 = VERTEX_POINT('',#4278);
#4278 = CARTESIAN_POINT('',(130.058084,-150.202242,1.585));
#4279 = LINE('',#4280,#4281);
#4280 = CARTESIAN_POINT('',(129.771755,-150.202242,1.585));
#4281 = VECTOR('',#4282,1.);
#4282 = DIRECTION('',(1.,0.,0.));
#4283 = ORIENTED_EDGE('',*,*,#4284,.T.);
#4284 = EDGE_CURVE('',#4277,#4285,#4287,.T.);
#4285 = VERTEX_POINT('',#4286);
#4286 = CARTESIAN_POINT('',(130.059548,-150.765222,1.585));
#4287 = LINE('',#4288,#4289);
#4288 = CARTESIAN_POINT('',(130.058084,-150.202242,1.585));
#4289 = VECTOR('',#4290,1.);
#4290 = DIRECTION('',(2.600438825535E-03,-0.999996618853,0.));
#4291 = ORIENTED_EDGE('',*,*,#4292,.T.);
#4292 = EDGE_CURVE('',#4285,#4293,#4295,.T.);
#4293 = VERTEX_POINT('',#4294);
#4294 = CARTESIAN_POINT('',(130.785769,-150.765222,1.585));
#4295 = LINE('',#4296,#4297);
#4296 = CARTESIAN_POINT('',(130.059548,-150.765222,1.585));
#4297 = VECTOR('',#4298,1.);
#4298 = DIRECTION('',(1.,0.,0.));
#4299 = ORIENTED_EDGE('',*,*,#4300,.T.);
#4300 = EDGE_CURVE('',#4293,#4301,#4303,.T.);
#4301 = VERTEX_POINT('',#4302);
#4302 = CARTESIAN_POINT('',(130.787233,-150.202242,1.585));
#4303 = LINE('',#4304,#4305);
#4304 = CARTESIAN_POINT('',(130.785769,-150.765222,1.585));
#4305 = VECTOR('',#4306,1.);
#4306 = DIRECTION('',(2.600438825535E-03,0.999996618853,0.));
#4307 = ORIENTED_EDGE('',*,*,#4308,.T.);
#4308 = EDGE_CURVE('',#4301,#4309,#4311,.T.);
#4309 = VERTEX_POINT('',#4310);
#4310 = CARTESIAN_POINT('',(131.048175,-150.202242,1.585));
#4311 = LINE('',#4312,#4313);
#4312 = CARTESIAN_POINT('',(130.787233,-150.202242,1.585));
#4313 = VECTOR('',#4314,1.);
#4314 = DIRECTION('',(1.,0.,0.));
#4315 = ORIENTED_EDGE('',*,*,#4316,.T.);
#4316 = EDGE_CURVE('',#4309,#4317,#4319,.T.);
#4317 = VERTEX_POINT('',#4318);
#4318 = CARTESIAN_POINT('',(131.048175,-151.620425,1.585));
#4319 = LINE('',#4320,#4321);
#4320 = CARTESIAN_POINT('',(131.048175,-150.202242,1.585));
#4321 = VECTOR('',#4322,1.);
#4322 = DIRECTION('',(0.,-1.,0.));
#4323 = ORIENTED_EDGE('',*,*,#4324,.T.);
#4324 = EDGE_CURVE('',#4317,#4325,#4327,.T.);
#4325 = VERTEX_POINT('',#4326);
#4326 = CARTESIAN_POINT('',(130.789072,-151.620425,1.585));
#4327 = LINE('',#4328,#4329);
#4328 = CARTESIAN_POINT('',(131.048175,-151.620425,1.585));
#4329 = VECTOR('',#4330,1.);
#4330 = DIRECTION('',(-1.,0.,0.));
#4331 = ORIENTED_EDGE('',*,*,#4332,.T.);
#4332 = EDGE_CURVE('',#4325,#4333,#4335,.T.);
#4333 = VERTEX_POINT('',#4334);
#4334 = CARTESIAN_POINT('',(130.773207,-151.071555,1.585));
#4335 = LINE('',#4336,#4337);
#4336 = CARTESIAN_POINT('',(130.789072,-151.620425,1.585));
#4337 = VECTOR('',#4338,1.);
#4338 = DIRECTION('',(-2.889277356566E-02,0.999582516672,0.));
#4339 = ORIENTED_EDGE('',*,*,#4340,.T.);
#4340 = EDGE_CURVE('',#4333,#4341,#4343,.T.);
#4341 = VERTEX_POINT('',#4342);
#4342 = CARTESIAN_POINT('',(130.07211,-151.071555,1.585));
#4343 = LINE('',#4344,#4345);
#4344 = CARTESIAN_POINT('',(130.773207,-151.071555,1.585));
#4345 = VECTOR('',#4346,1.);
#4346 = DIRECTION('',(-1.,0.,0.));
#4347 = ORIENTED_EDGE('',*,*,#4348,.T.);
#4348 = EDGE_CURVE('',#4341,#4349,#4351,.T.);
#4349 = VERTEX_POINT('',#4350);
#4350 = CARTESIAN_POINT('',(130.05615,-151.620517,1.585));
#4351 = LINE('',#4352,#4353);
#4352 = CARTESIAN_POINT('',(130.07211,-151.071555,1.585));
#4353 = VECTOR('',#4354,1.);
#4354 = DIRECTION('',(-2.906077149159E-02,-0.999577646589,0.));
#4355 = ORIENTED_EDGE('',*,*,#4356,.T.);
#4356 = EDGE_CURVE('',#4349,#4267,#4357,.T.);
#4357 = LINE('',#4358,#4359);
#4358 = CARTESIAN_POINT('',(130.05615,-151.620517,1.585));
#4359 = VECTOR('',#4360,1.);
#4360 = DIRECTION('',(-0.999999947676,3.234937153652E-04,0.));
#4361 = PLANE('',#4362);
#4362 = AXIS2_PLACEMENT_3D('',#4363,#4364,#4365);
#4363 = CARTESIAN_POINT('',(0.,0.,1.585));
#4364 = DIRECTION('',(0.,0.,1.));
#4365 = DIRECTION('',(1.,0.,-0.));
#4366 = SHELL_BASED_SURFACE_MODEL('',(#4367));
#4367 = OPEN_SHELL('',(#4368));
#4368 = ADVANCED_FACE('',(#4369),#4587,.T.);
#4369 = FACE_BOUND('',#4370,.F.);
#4370 = EDGE_LOOP('',(#4371,#4381,#4389,#4397,#4405,#4413,#4421,#4429,
    #4437,#4445,#4453,#4461,#4469,#4477,#4485,#4493,#4501,#4509,#4517,
    #4525,#4533,#4541,#4549,#4557,#4565,#4573,#4581));
#4371 = ORIENTED_EDGE('',*,*,#4372,.T.);
#4372 = EDGE_CURVE('',#4373,#4375,#4377,.T.);
#4373 = VERTEX_POINT('',#4374);
#4374 = CARTESIAN_POINT('',(128.796731,-150.211971,1.585));
#4375 = VERTEX_POINT('',#4376);
#4376 = CARTESIAN_POINT('',(128.92731,-150.20383,1.585));
#4377 = LINE('',#4378,#4379);
#4378 = CARTESIAN_POINT('',(128.796731,-150.211971,1.585));
#4379 = VECTOR('',#4380,1.);
#4380 = DIRECTION('',(0.998062172893,6.222458549626E-02,0.));
#4381 = ORIENTED_EDGE('',*,*,#4382,.T.);
#4382 = EDGE_CURVE('',#4375,#4383,#4385,.T.);
#4383 = VERTEX_POINT('',#4384);
#4384 = CARTESIAN_POINT('',(129.626505,-150.202242,1.585));
#4385 = LINE('',#4386,#4387);
#4386 = CARTESIAN_POINT('',(128.92731,-150.20383,1.585));
#4387 = VECTOR('',#4388,1.);
#4388 = DIRECTION('',(0.999997420873,2.271177431682E-03,0.));
#4389 = ORIENTED_EDGE('',*,*,#4390,.T.);
#4390 = EDGE_CURVE('',#4383,#4391,#4393,.T.);
#4391 = VERTEX_POINT('',#4392);
#4392 = CARTESIAN_POINT('',(129.626505,-150.518425,1.585));
#4393 = LINE('',#4394,#4395);
#4394 = CARTESIAN_POINT('',(129.626505,-150.202242,1.585));
#4395 = VECTOR('',#4396,1.);
#4396 = DIRECTION('',(0.,-1.,0.));
#4397 = ORIENTED_EDGE('',*,*,#4398,.T.);
#4398 = EDGE_CURVE('',#4391,#4399,#4401,.T.);
#4399 = VERTEX_POINT('',#4400);
#4400 = CARTESIAN_POINT('',(128.75203,-150.535246,1.585));
#4401 = LINE('',#4402,#4403);
#4402 = CARTESIAN_POINT('',(129.626505,-150.518425,1.585));
#4403 = VECTOR('',#4404,1.);
#4404 = DIRECTION('',(-0.999815048298,-1.923198367869E-02,0.));
#4405 = ORIENTED_EDGE('',*,*,#4406,.T.);
#4406 = EDGE_CURVE('',#4399,#4407,#4409,.T.);
#4407 = VERTEX_POINT('',#4408);
#4408 = CARTESIAN_POINT('',(128.738085,-151.301444,1.585));
#4409 = LINE('',#4410,#4411);
#4410 = CARTESIAN_POINT('',(128.75203,-150.535246,1.585));
#4411 = VECTOR('',#4412,1.);
#4412 = DIRECTION('',(-1.81972426679E-02,-0.999834416471,0.));
#4413 = ORIENTED_EDGE('',*,*,#4414,.T.);
#4414 = EDGE_CURVE('',#4407,#4415,#4417,.T.);
#4415 = VERTEX_POINT('',#4416);
#4416 = CARTESIAN_POINT('',(129.626505,-151.302908,1.585));
#4417 = LINE('',#4418,#4419);
#4418 = CARTESIAN_POINT('',(128.738085,-151.301444,1.585));
#4419 = VECTOR('',#4420,1.);
#4420 = DIRECTION('',(0.999998642266,-1.647867013661E-03,0.));
#4421 = ORIENTED_EDGE('',*,*,#4422,.T.);
#4422 = EDGE_CURVE('',#4415,#4423,#4425,.T.);
#4423 = VERTEX_POINT('',#4424);
#4424 = CARTESIAN_POINT('',(129.626505,-151.620425,1.585));
#4425 = LINE('',#4426,#4427);
#4426 = CARTESIAN_POINT('',(129.626505,-151.302908,1.585));
#4427 = VECTOR('',#4428,1.);
#4428 = DIRECTION('',(0.,-1.,0.));
#4429 = ORIENTED_EDGE('',*,*,#4430,.T.);
#4430 = EDGE_CURVE('',#4423,#4431,#4433,.T.);
#4431 = VERTEX_POINT('',#4432);
#4432 = CARTESIAN_POINT('',(128.868315,-151.619839,1.585));
#4433 = LINE('',#4434,#4435);
#4434 = CARTESIAN_POINT('',(129.626505,-151.620425,1.585));
#4435 = VECTOR('',#4436,1.);
#4436 = DIRECTION('',(-0.999999701318,7.728931072301E-04,0.));
#4437 = ORIENTED_EDGE('',*,*,#4438,.T.);
#4438 = EDGE_CURVE('',#4431,#4439,#4441,.T.);
#4439 = VERTEX_POINT('',#4440);
#4440 = CARTESIAN_POINT('',(128.716274,-151.608447,1.585));
#4441 = LINE('',#4442,#4443);
#4442 = CARTESIAN_POINT('',(128.868315,-151.619839,1.585));
#4443 = VECTOR('',#4444,1.);
#4444 = DIRECTION('',(-0.997204724693,7.471771577208E-02,0.));
#4445 = ORIENTED_EDGE('',*,*,#4446,.T.);
#4446 = EDGE_CURVE('',#4439,#4447,#4449,.T.);
#4447 = VERTEX_POINT('',#4448);
#4448 = CARTESIAN_POINT('',(128.670921,-151.596652,1.585));
#4449 = LINE('',#4450,#4451);
#4450 = CARTESIAN_POINT('',(128.716274,-151.608447,1.585));
#4451 = VECTOR('',#4452,1.);
#4452 = DIRECTION('',(-0.96780577053,0.251698213203,0.));
#4453 = ORIENTED_EDGE('',*,*,#4454,.T.);
#4454 = EDGE_CURVE('',#4447,#4455,#4457,.T.);
#4455 = VERTEX_POINT('',#4456);
#4456 = CARTESIAN_POINT('',(128.635594,-151.579632,1.585));
#4457 = LINE('',#4458,#4459);
#4458 = CARTESIAN_POINT('',(128.670921,-151.596652,1.585));
#4459 = VECTOR('',#4460,1.);
#4460 = DIRECTION('',(-0.900894950413,0.434037196932,0.));
#4461 = ORIENTED_EDGE('',*,*,#4462,.T.);
#4462 = EDGE_CURVE('',#4455,#4463,#4465,.T.);
#4463 = VERTEX_POINT('',#4464);
#4464 = CARTESIAN_POINT('',(128.601521,-151.556098,1.585));
#4465 = LINE('',#4466,#4467);
#4466 = CARTESIAN_POINT('',(128.635594,-151.579632,1.585));
#4467 = VECTOR('',#4468,1.);
#4468 = DIRECTION('',(-0.822813284898,0.568311796636,0.));
#4469 = ORIENTED_EDGE('',*,*,#4470,.T.);
#4470 = EDGE_CURVE('',#4463,#4471,#4473,.T.);
#4471 = VERTEX_POINT('',#4472);
#4472 = CARTESIAN_POINT('',(128.547154,-151.506085,1.585));
#4473 = LINE('',#4474,#4475);
#4474 = CARTESIAN_POINT('',(128.601521,-151.556098,1.585));
#4475 = VECTOR('',#4476,1.);
#4476 = DIRECTION('',(-0.735962307796,0.677022511814,0.));
#4477 = ORIENTED_EDGE('',*,*,#4478,.T.);
#4478 = EDGE_CURVE('',#4471,#4479,#4481,.T.);
#4479 = VERTEX_POINT('',#4480);
#4480 = CARTESIAN_POINT('',(128.507369,-151.443661,1.585));
#4481 = LINE('',#4482,#4483);
#4482 = CARTESIAN_POINT('',(128.547154,-151.506085,1.585));
#4483 = VECTOR('',#4484,1.);
#4484 = DIRECTION('',(-0.537458399612,0.843290263602,0.));
#4485 = ORIENTED_EDGE('',*,*,#4486,.T.);
#4486 = EDGE_CURVE('',#4479,#4487,#4489,.T.);
#4487 = VERTEX_POINT('',#4488);
#4488 = CARTESIAN_POINT('',(128.480146,-151.360356,1.585));
#4489 = LINE('',#4490,#4491);
#4490 = CARTESIAN_POINT('',(128.507369,-151.443661,1.585));
#4491 = VECTOR('',#4492,1.);
#4492 = DIRECTION('',(-0.310622090148,0.950533490789,0.));
#4493 = ORIENTED_EDGE('',*,*,#4494,.T.);
#4494 = EDGE_CURVE('',#4487,#4495,#4497,.T.);
#4495 = VERTEX_POINT('',#4496);
#4496 = CARTESIAN_POINT('',(128.463209,-151.247273,1.585));
#4497 = LINE('',#4498,#4499);
#4498 = CARTESIAN_POINT('',(128.480146,-151.360356,1.585));
#4499 = VECTOR('',#4500,1.);
#4500 = DIRECTION('',(-0.148122773703,0.988968980257,0.));
#4501 = ORIENTED_EDGE('',*,*,#4502,.T.);
#4502 = EDGE_CURVE('',#4495,#4503,#4505,.T.);
#4503 = VERTEX_POINT('',#4504);
#4504 = CARTESIAN_POINT('',(128.454379,-151.095342,1.585));
#4505 = LINE('',#4506,#4507);
#4506 = CARTESIAN_POINT('',(128.463209,-151.247273,1.585));
#4507 = VECTOR('',#4508,1.);
#4508 = DIRECTION('',(-5.80205808456E-02,0.998315387139,0.));
#4509 = ORIENTED_EDGE('',*,*,#4510,.T.);
#4510 = EDGE_CURVE('',#4503,#4511,#4513,.T.);
#4511 = VERTEX_POINT('',#4512);
#4512 = CARTESIAN_POINT('',(128.45201,-150.751923,1.585));
#4513 = LINE('',#4514,#4515);
#4514 = CARTESIAN_POINT('',(128.454379,-151.095342,1.585));
#4515 = VECTOR('',#4516,1.);
#4516 = DIRECTION('',(-6.898114653196E-03,0.999976207724,0.));
#4517 = ORIENTED_EDGE('',*,*,#4518,.T.);
#4518 = EDGE_CURVE('',#4511,#4519,#4521,.T.);
#4519 = VERTEX_POINT('',#4520);
#4520 = CARTESIAN_POINT('',(128.455486,-150.634724,1.585));
#4521 = LINE('',#4522,#4523);
#4522 = CARTESIAN_POINT('',(128.45201,-150.751923,1.585));
#4523 = VECTOR('',#4524,1.);
#4524 = DIRECTION('',(2.964591992943E-02,0.999560463119,0.));
#4525 = ORIENTED_EDGE('',*,*,#4526,.T.);
#4526 = EDGE_CURVE('',#4519,#4527,#4529,.T.);
#4527 = VERTEX_POINT('',#4528);
#4528 = CARTESIAN_POINT('',(128.463307,-150.549328,1.585));
#4529 = LINE('',#4530,#4531);
#4530 = CARTESIAN_POINT('',(128.455486,-150.634724,1.585));
#4531 = VECTOR('',#4532,1.);
#4532 = DIRECTION('',(9.120338553616E-02,0.995832286315,0.));
#4533 = ORIENTED_EDGE('',*,*,#4534,.T.);
#4534 = EDGE_CURVE('',#4527,#4535,#4537,.T.);
#4535 = VERTEX_POINT('',#4536);
#4536 = CARTESIAN_POINT('',(128.476745,-150.483688,1.585));
#4537 = LINE('',#4538,#4539);
#4538 = CARTESIAN_POINT('',(128.463307,-150.549328,1.585));
#4539 = VECTOR('',#4540,1.);
#4540 = DIRECTION('',(0.200562932163,0.979680820595,0.));
#4541 = ORIENTED_EDGE('',*,*,#4542,.T.);
#4542 = EDGE_CURVE('',#4535,#4543,#4545,.T.);
#4543 = VERTEX_POINT('',#4544);
#4544 = CARTESIAN_POINT('',(128.502583,-150.41265,1.585));
#4545 = LINE('',#4546,#4547);
#4546 = CARTESIAN_POINT('',(128.476745,-150.483688,1.585));
#4547 = VECTOR('',#4548,1.);
#4548 = DIRECTION('',(0.341813166644,0.939767928325,0.));
#4549 = ORIENTED_EDGE('',*,*,#4550,.T.);
#4550 = EDGE_CURVE('',#4543,#4551,#4553,.T.);
#4551 = VERTEX_POINT('',#4552);
#4552 = CARTESIAN_POINT('',(128.536705,-150.343857,1.585));
#4553 = LINE('',#4554,#4555);
#4554 = CARTESIAN_POINT('',(128.502583,-150.41265,1.585));
#4555 = VECTOR('',#4556,1.);
#4556 = DIRECTION('',(0.44435158258,0.895852482867,0.));
#4557 = ORIENTED_EDGE('',*,*,#4558,.T.);
#4558 = EDGE_CURVE('',#4551,#4559,#4561,.T.);
#4559 = VERTEX_POINT('',#4560);
#4560 = CARTESIAN_POINT('',(128.5764,-150.291269,1.585));
#4561 = LINE('',#4562,#4563);
#4562 = CARTESIAN_POINT('',(128.536705,-150.343857,1.585));
#4563 = VECTOR('',#4564,1.);
#4564 = DIRECTION('',(0.602464374442,0.79814577461,0.));
#4565 = ORIENTED_EDGE('',*,*,#4566,.T.);
#4566 = EDGE_CURVE('',#4559,#4567,#4569,.T.);
#4567 = VERTEX_POINT('',#4568);
#4568 = CARTESIAN_POINT('',(128.62849,-150.253255,1.585));
#4569 = LINE('',#4570,#4571);
#4570 = CARTESIAN_POINT('',(128.5764,-150.291269,1.585));
#4571 = VECTOR('',#4572,1.);
#4572 = DIRECTION('',(0.807773385413,0.589493136362,0.));
#4573 = ORIENTED_EDGE('',*,*,#4574,.T.);
#4574 = EDGE_CURVE('',#4567,#4575,#4577,.T.);
#4575 = VERTEX_POINT('',#4576);
#4576 = CARTESIAN_POINT('',(128.699565,-150.227654,1.585));
#4577 = LINE('',#4578,#4579);
#4578 = CARTESIAN_POINT('',(128.62849,-150.253255,1.585));
#4579 = VECTOR('',#4580,1.);
#4580 = DIRECTION('',(0.940828336759,0.33888352092,0.));
#4581 = ORIENTED_EDGE('',*,*,#4582,.T.);
#4582 = EDGE_CURVE('',#4575,#4373,#4583,.T.);
#4583 = LINE('',#4584,#4585);
#4584 = CARTESIAN_POINT('',(128.699565,-150.227654,1.585));
#4585 = VECTOR('',#4586,1.);
#4586 = DIRECTION('',(0.987223442525,0.15934200491,0.));
#4587 = PLANE('',#4588);
#4588 = AXIS2_PLACEMENT_3D('',#4589,#4590,#4591);
#4589 = CARTESIAN_POINT('',(0.,0.,1.585));
#4590 = DIRECTION('',(0.,0.,1.));
#4591 = DIRECTION('',(1.,0.,-0.));
#4592 = SHELL_BASED_SURFACE_MODEL('',(#4593));
#4593 = OPEN_SHELL('',(#4594));
#4594 = ADVANCED_FACE('',(#4595),#4629,.T.);
#4595 = FACE_BOUND('',#4596,.F.);
#4596 = EDGE_LOOP('',(#4597,#4607,#4615,#4623));
#4597 = ORIENTED_EDGE('',*,*,#4598,.T.);
#4598 = EDGE_CURVE('',#4599,#4601,#4603,.T.);
#4599 = VERTEX_POINT('',#4600);
#4600 = CARTESIAN_POINT('',(134.062151,-151.620425,1.585));
#4601 = VERTEX_POINT('',#4602);
#4602 = CARTESIAN_POINT('',(134.062151,-150.202242,1.585));
#4603 = LINE('',#4604,#4605);
#4604 = CARTESIAN_POINT('',(134.062151,-151.620425,1.585));
#4605 = VECTOR('',#4606,1.);
#4606 = DIRECTION('',(0.,1.,0.));
#4607 = ORIENTED_EDGE('',*,*,#4608,.T.);
#4608 = EDGE_CURVE('',#4601,#4609,#4611,.T.);
#4609 = VERTEX_POINT('',#4610);
#4610 = CARTESIAN_POINT('',(134.348479,-150.202242,1.585));
#4611 = LINE('',#4612,#4613);
#4612 = CARTESIAN_POINT('',(134.062151,-150.202242,1.585));
#4613 = VECTOR('',#4614,1.);
#4614 = DIRECTION('',(1.,0.,0.));
#4615 = ORIENTED_EDGE('',*,*,#4616,.T.);
#4616 = EDGE_CURVE('',#4609,#4617,#4619,.T.);
#4617 = VERTEX_POINT('',#4618);
#4618 = CARTESIAN_POINT('',(134.348479,-151.620425,1.585));
#4619 = LINE('',#4620,#4621);
#4620 = CARTESIAN_POINT('',(134.348479,-150.202242,1.585));
#4621 = VECTOR('',#4622,1.);
#4622 = DIRECTION('',(0.,-1.,0.));
#4623 = ORIENTED_EDGE('',*,*,#4624,.T.);
#4624 = EDGE_CURVE('',#4617,#4599,#4625,.T.);
#4625 = LINE('',#4626,#4627);
#4626 = CARTESIAN_POINT('',(134.348479,-151.620425,1.585));
#4627 = VECTOR('',#4628,1.);
#4628 = DIRECTION('',(-1.,0.,0.));
#4629 = PLANE('',#4630);
#4630 = AXIS2_PLACEMENT_3D('',#4631,#4632,#4633);
#4631 = CARTESIAN_POINT('',(0.,0.,1.585));
#4632 = DIRECTION('',(0.,0.,1.));
#4633 = DIRECTION('',(1.,0.,-0.));
#4634 = SHELL_BASED_SURFACE_MODEL('',(#4635));
#4635 = OPEN_SHELL('',(#4636));
#4636 = ADVANCED_FACE('',(#4637),#4671,.T.);
#4637 = FACE_BOUND('',#4638,.F.);
#4638 = EDGE_LOOP('',(#4639,#4649,#4657,#4665));
#4639 = ORIENTED_EDGE('',*,*,#4640,.T.);
#4640 = EDGE_CURVE('',#4641,#4643,#4645,.T.);
#4641 = VERTEX_POINT('',#4642);
#4642 = CARTESIAN_POINT('',(141.195886,-151.620425,1.585));
#4643 = VERTEX_POINT('',#4644);
#4644 = CARTESIAN_POINT('',(141.195886,-150.202242,1.585));
#4645 = LINE('',#4646,#4647);
#4646 = CARTESIAN_POINT('',(141.195886,-151.620425,1.585));
#4647 = VECTOR('',#4648,1.);
#4648 = DIRECTION('',(0.,1.,0.));
#4649 = ORIENTED_EDGE('',*,*,#4650,.T.);
#4650 = EDGE_CURVE('',#4643,#4651,#4653,.T.);
#4651 = VERTEX_POINT('',#4652);
#4652 = CARTESIAN_POINT('',(141.482215,-150.202242,1.585));
#4653 = LINE('',#4654,#4655);
#4654 = CARTESIAN_POINT('',(141.195886,-150.202242,1.585));
#4655 = VECTOR('',#4656,1.);
#4656 = DIRECTION('',(1.,0.,0.));
#4657 = ORIENTED_EDGE('',*,*,#4658,.T.);
#4658 = EDGE_CURVE('',#4651,#4659,#4661,.T.);
#4659 = VERTEX_POINT('',#4660);
#4660 = CARTESIAN_POINT('',(141.482215,-151.620425,1.585));
#4661 = LINE('',#4662,#4663);
#4662 = CARTESIAN_POINT('',(141.482215,-150.202242,1.585));
#4663 = VECTOR('',#4664,1.);
#4664 = DIRECTION('',(0.,-1.,0.));
#4665 = ORIENTED_EDGE('',*,*,#4666,.T.);
#4666 = EDGE_CURVE('',#4659,#4641,#4667,.T.);
#4667 = LINE('',#4668,#4669);
#4668 = CARTESIAN_POINT('',(141.482215,-151.620425,1.585));
#4669 = VECTOR('',#4670,1.);
#4670 = DIRECTION('',(-1.,0.,0.));
#4671 = PLANE('',#4672);
#4672 = AXIS2_PLACEMENT_3D('',#4673,#4674,#4675);
#4673 = CARTESIAN_POINT('',(0.,0.,1.585));
#4674 = DIRECTION('',(0.,0.,1.));
#4675 = DIRECTION('',(1.,0.,-0.));
#4676 = SHELL_BASED_SURFACE_MODEL('',(#4677));
#4677 = OPEN_SHELL('',(#4678));
#4678 = ADVANCED_FACE('',(#4679),#4873,.T.);
#4679 = FACE_BOUND('',#4680,.F.);
#4680 = EDGE_LOOP('',(#4681,#4691,#4699,#4707,#4715,#4723,#4731,#4739,
    #4747,#4755,#4763,#4771,#4779,#4787,#4795,#4803,#4811,#4819,#4827,
    #4835,#4843,#4851,#4859,#4867));
#4681 = ORIENTED_EDGE('',*,*,#4682,.T.);
#4682 = EDGE_CURVE('',#4683,#4685,#4687,.T.);
#4683 = VERTEX_POINT('',#4684);
#4684 = CARTESIAN_POINT('',(131.366724,-150.21894,1.585));
#4685 = VERTEX_POINT('',#4686);
#4686 = CARTESIAN_POINT('',(131.504202,-150.20549,1.585));
#4687 = LINE('',#4688,#4689);
#4688 = CARTESIAN_POINT('',(131.366724,-150.21894,1.585));
#4689 = VECTOR('',#4690,1.);
#4690 = DIRECTION('',(0.995248353408,9.736896342215E-02,0.));
#4691 = ORIENTED_EDGE('',*,*,#4692,.T.);
#4692 = EDGE_CURVE('',#4685,#4693,#4695,.T.);
#4693 = VERTEX_POINT('',#4694);
#4694 = CARTESIAN_POINT('',(131.898234,-150.200778,1.585));
#4695 = LINE('',#4696,#4697);
#4696 = CARTESIAN_POINT('',(131.504202,-150.20549,1.585));
#4697 = VECTOR('',#4698,1.);
#4698 = DIRECTION('',(0.999928505768,1.195756466267E-02,0.));
#4699 = ORIENTED_EDGE('',*,*,#4700,.T.);
#4700 = EDGE_CURVE('',#4693,#4701,#4703,.T.);
#4701 = VERTEX_POINT('',#4702);
#4702 = CARTESIAN_POINT('',(132.447111,-150.202242,1.585));
#4703 = LINE('',#4704,#4705);
#4704 = CARTESIAN_POINT('',(131.898234,-150.200778,1.585));
#4705 = VECTOR('',#4706,1.);
#4706 = DIRECTION('',(0.99999644287,-2.667254762651E-03,0.));
#4707 = ORIENTED_EDGE('',*,*,#4708,.T.);
#4708 = EDGE_CURVE('',#4701,#4709,#4711,.T.);
#4709 = VERTEX_POINT('',#4710);
#4710 = CARTESIAN_POINT('',(132.431576,-150.505825,1.585));
#4711 = LINE('',#4712,#4713);
#4712 = CARTESIAN_POINT('',(132.447111,-150.202242,1.585));
#4713 = VECTOR('',#4714,1.);
#4714 = DIRECTION('',(-5.110529890113E-02,-0.998693270441,0.));
#4715 = ORIENTED_EDGE('',*,*,#4716,.T.);
#4716 = EDGE_CURVE('',#4709,#4717,#4719,.T.);
#4717 = VERTEX_POINT('',#4718);
#4718 = CARTESIAN_POINT('',(131.530656,-150.522444,1.585));
#4719 = LINE('',#4720,#4721);
#4720 = CARTESIAN_POINT('',(132.431576,-150.505825,1.585));
#4721 = VECTOR('',#4722,1.);
#4722 = DIRECTION('',(-0.999829903059,-1.844356120294E-02,0.));
#4723 = ORIENTED_EDGE('',*,*,#4724,.T.);
#4724 = EDGE_CURVE('',#4717,#4725,#4727,.T.);
#4725 = VERTEX_POINT('',#4726);
#4726 = CARTESIAN_POINT('',(131.544597,-151.287486,1.585));
#4727 = LINE('',#4728,#4729);
#4728 = CARTESIAN_POINT('',(131.530656,-150.522444,1.585));
#4729 = VECTOR('',#4730,1.);
#4730 = DIRECTION('',(1.821950422089E-02,-0.999834011057,0.));
#4731 = ORIENTED_EDGE('',*,*,#4732,.T.);
#4732 = EDGE_CURVE('',#4725,#4733,#4735,.T.);
#4733 = VERTEX_POINT('',#4734);
#4734 = CARTESIAN_POINT('',(132.431874,-151.317133,1.585));
#4735 = LINE('',#4736,#4737);
#4736 = CARTESIAN_POINT('',(131.544597,-151.287486,1.585));
#4737 = VECTOR('',#4738,1.);
#4738 = DIRECTION('',(0.999442237137,-3.339482935363E-02,0.));
#4739 = ORIENTED_EDGE('',*,*,#4740,.T.);
#4740 = EDGE_CURVE('',#4733,#4741,#4743,.T.);
#4741 = VERTEX_POINT('',#4742);
#4742 = CARTESIAN_POINT('',(132.447289,-151.620237,1.585));
#4743 = LINE('',#4744,#4745);
#4744 = CARTESIAN_POINT('',(132.431874,-151.317133,1.585));
#4745 = VECTOR('',#4746,1.);
#4746 = DIRECTION('',(5.079148919491E-02,-0.998709279333,0.));
#4747 = ORIENTED_EDGE('',*,*,#4748,.T.);
#4748 = EDGE_CURVE('',#4741,#4749,#4751,.T.);
#4749 = VERTEX_POINT('',#4750);
#4750 = CARTESIAN_POINT('',(131.804016,-151.620093,1.585));
#4751 = LINE('',#4752,#4753);
#4752 = CARTESIAN_POINT('',(132.447289,-151.620237,1.585));
#4753 = VECTOR('',#4754,1.);
#4754 = DIRECTION('',(-0.999999974944,2.238551849649E-04,0.));
#4755 = ORIENTED_EDGE('',*,*,#4756,.T.);
#4756 = EDGE_CURVE('',#4749,#4757,#4759,.T.);
#4757 = VERTEX_POINT('',#4758);
#4758 = CARTESIAN_POINT('',(131.575048,-151.610511,1.585));
#4759 = LINE('',#4760,#4761);
#4760 = CARTESIAN_POINT('',(131.804016,-151.620093,1.585));
#4761 = VECTOR('',#4762,1.);
#4762 = DIRECTION('',(-0.999125494036,4.181204571752E-02,0.));
#4763 = ORIENTED_EDGE('',*,*,#4764,.T.);
#4764 = EDGE_CURVE('',#4757,#4765,#4767,.T.);
#4765 = VERTEX_POINT('',#4766);
#4766 = CARTESIAN_POINT('',(131.505243,-151.600671,1.585));
#4767 = LINE('',#4768,#4769);
#4768 = CARTESIAN_POINT('',(131.575048,-151.610511,1.585));
#4769 = VECTOR('',#4770,1.);
#4770 = DIRECTION('',(-0.990210218702,0.139584106468,0.));
#4771 = ORIENTED_EDGE('',*,*,#4772,.T.);
#4772 = EDGE_CURVE('',#4765,#4773,#4775,.T.);
#4773 = VERTEX_POINT('',#4774);
#4774 = CARTESIAN_POINT('',(131.428376,-151.574217,1.585));
#4775 = LINE('',#4776,#4777);
#4776 = CARTESIAN_POINT('',(131.505243,-151.600671,1.585));
#4777 = VECTOR('',#4778,1.);
#4778 = DIRECTION('',(-0.945569422443,0.325420447023,0.));
#4779 = ORIENTED_EDGE('',*,*,#4780,.T.);
#4780 = EDGE_CURVE('',#4773,#4781,#4783,.T.);
#4781 = VERTEX_POINT('',#4782);
#4782 = CARTESIAN_POINT('',(131.376307,-151.541401,1.585));
#4783 = LINE('',#4784,#4785);
#4784 = CARTESIAN_POINT('',(131.428376,-151.574217,1.585));
#4785 = VECTOR('',#4786,1.);
#4786 = DIRECTION('',(-0.845999689719,0.533183387771,0.));
#4787 = ORIENTED_EDGE('',*,*,#4788,.T.);
#4788 = EDGE_CURVE('',#4781,#4789,#4791,.T.);
#4789 = VERTEX_POINT('',#4790);
#4790 = CARTESIAN_POINT('',(131.336898,-151.502316,1.585));
#4791 = LINE('',#4792,#4793);
#4792 = CARTESIAN_POINT('',(131.376307,-151.541401,1.585));
#4793 = VECTOR('',#4794,1.);
#4794 = DIRECTION('',(-0.710019460087,0.704182054797,0.));
#4795 = ORIENTED_EDGE('',*,*,#4796,.T.);
#4796 = EDGE_CURVE('',#4789,#4797,#4799,.T.);
#4797 = VERTEX_POINT('',#4798);
#4798 = CARTESIAN_POINT('',(131.308433,-151.449528,1.585));
#4799 = LINE('',#4800,#4801);
#4800 = CARTESIAN_POINT('',(131.336898,-151.502316,1.585));
#4801 = VECTOR('',#4802,1.);
#4802 = DIRECTION('',(-0.474625734656,0.880187714071,0.));
#4803 = ORIENTED_EDGE('',*,*,#4804,.T.);
#4804 = EDGE_CURVE('',#4797,#4805,#4807,.T.);
#4805 = VERTEX_POINT('',#4806);
#4806 = CARTESIAN_POINT('',(131.289139,-151.375698,1.585));
#4807 = LINE('',#4808,#4809);
#4808 = CARTESIAN_POINT('',(131.308433,-151.449528,1.585));
#4809 = VECTOR('',#4810,1.);
#4810 = DIRECTION('',(-0.252839038817,0.967508356786,0.));
#4811 = ORIENTED_EDGE('',*,*,#4812,.T.);
#4812 = EDGE_CURVE('',#4805,#4813,#4815,.T.);
#4813 = VERTEX_POINT('',#4814);
#4814 = CARTESIAN_POINT('',(131.277164,-151.273029,1.585));
#4815 = LINE('',#4816,#4817);
#4816 = CARTESIAN_POINT('',(131.289139,-151.375698,1.585));
#4817 = VECTOR('',#4818,1.);
#4818 = DIRECTION('',(-0.115851588656,0.993266534927,0.));
#4819 = ORIENTED_EDGE('',*,*,#4820,.T.);
#4820 = EDGE_CURVE('',#4813,#4821,#4823,.T.);
#4821 = VERTEX_POINT('',#4822);
#4822 = CARTESIAN_POINT('',(131.268368,-150.949836,1.585));
#4823 = LINE('',#4824,#4825);
#4824 = CARTESIAN_POINT('',(131.277164,-151.273029,1.585));
#4825 = VECTOR('',#4826,1.);
#4826 = DIRECTION('',(-2.720586206522E-02,0.99962985203,0.));
#4827 = ORIENTED_EDGE('',*,*,#4828,.T.);
#4828 = EDGE_CURVE('',#4821,#4829,#4831,.T.);
#4829 = VERTEX_POINT('',#4830);
#4830 = CARTESIAN_POINT('',(131.270873,-150.494165,1.585));
#4831 = LINE('',#4832,#4833);
#4832 = CARTESIAN_POINT('',(131.268368,-150.949836,1.585));
#4833 = VECTOR('',#4834,1.);
#4834 = DIRECTION('',(5.497304302238E-03,0.999984889709,0.));
#4835 = ORIENTED_EDGE('',*,*,#4836,.T.);
#4836 = EDGE_CURVE('',#4829,#4837,#4839,.T.);
#4837 = VERTEX_POINT('',#4838);
#4838 = CARTESIAN_POINT('',(131.282073,-150.321482,1.585));
#4839 = LINE('',#4840,#4841);
#4840 = CARTESIAN_POINT('',(131.270873,-150.494165,1.585));
#4841 = VECTOR('',#4842,1.);
#4842 = DIRECTION('',(6.472273933443E-02,0.9979032854,0.));
#4843 = ORIENTED_EDGE('',*,*,#4844,.T.);
#4844 = EDGE_CURVE('',#4837,#4845,#4847,.T.);
#4845 = VERTEX_POINT('',#4846);
#4846 = CARTESIAN_POINT('',(131.292515,-150.276542,1.585));
#4847 = LINE('',#4848,#4849);
#4848 = CARTESIAN_POINT('',(131.282073,-150.321482,1.585));
#4849 = VECTOR('',#4850,1.);
#4850 = DIRECTION('',(0.22632508134,0.974051824882,0.));
#4851 = ORIENTED_EDGE('',*,*,#4852,.T.);
#4852 = EDGE_CURVE('',#4845,#4853,#4855,.T.);
#4853 = VERTEX_POINT('',#4854);
#4854 = CARTESIAN_POINT('',(131.310035,-150.246113,1.585));
#4855 = LINE('',#4856,#4857);
#4856 = CARTESIAN_POINT('',(131.292515,-150.276542,1.585));
#4857 = VECTOR('',#4858,1.);
#4858 = DIRECTION('',(0.498970278353,0.866619098174,0.));
#4859 = ORIENTED_EDGE('',*,*,#4860,.T.);
#4860 = EDGE_CURVE('',#4853,#4861,#4863,.T.);
#4861 = VERTEX_POINT('',#4862);
#4862 = CARTESIAN_POINT('',(131.331618,-150.230405,1.585));
#4863 = LINE('',#4864,#4865);
#4864 = CARTESIAN_POINT('',(131.310035,-150.246113,1.585));
#4865 = VECTOR('',#4866,1.);
#4866 = DIRECTION('',(0.808535161603,0.588447867233,0.));
#4867 = ORIENTED_EDGE('',*,*,#4868,.T.);
#4868 = EDGE_CURVE('',#4861,#4683,#4869,.T.);
#4869 = LINE('',#4870,#4871);
#4870 = CARTESIAN_POINT('',(131.331618,-150.230405,1.585));
#4871 = VECTOR('',#4872,1.);
#4872 = DIRECTION('',(0.950590943336,0.310446224729,0.));
#4873 = PLANE('',#4874);
#4874 = AXIS2_PLACEMENT_3D('',#4875,#4876,#4877);
#4875 = CARTESIAN_POINT('',(0.,0.,1.585));
#4876 = DIRECTION('',(0.,0.,1.));
#4877 = DIRECTION('',(1.,0.,-0.));
#4878 = SHELL_BASED_SURFACE_MODEL('',(#4879));
#4879 = OPEN_SHELL('',(#4880));
#4880 = ADVANCED_FACE('',(#4881),#5068,.T.);
#4881 = FACE_BOUND('',#4882,.F.);
#4882 = EDGE_LOOP('',(#4883,#4893,#4901,#4909,#4917,#4925,#4933,#4941,
    #4949,#4957,#4965,#4973,#4982,#4990,#4998,#5006,#5014,#5022,#5030,
    #5038,#5046,#5054,#5062));
#4883 = ORIENTED_EDGE('',*,*,#4884,.T.);
#4884 = EDGE_CURVE('',#4885,#4887,#4889,.T.);
#4885 = VERTEX_POINT('',#4886);
#4886 = CARTESIAN_POINT('',(142.017327,-150.210606,1.585));
#4887 = VERTEX_POINT('',#4888);
#4888 = CARTESIAN_POINT('',(142.157465,-150.203181,1.585));
#4889 = LINE('',#4890,#4891);
#4890 = CARTESIAN_POINT('',(142.017327,-150.210606,1.585));
#4891 = VECTOR('',#4892,1.);
#4892 = DIRECTION('',(0.998599323363,5.290927497171E-02,0.));
#4893 = ORIENTED_EDGE('',*,*,#4894,.T.);
#4894 = EDGE_CURVE('',#4887,#4895,#4897,.T.);
#4895 = VERTEX_POINT('',#4896);
#4896 = CARTESIAN_POINT('',(142.827723,-150.202242,1.585));
#4897 = LINE('',#4898,#4899);
#4898 = CARTESIAN_POINT('',(142.157465,-150.203181,1.585));
#4899 = VECTOR('',#4900,1.);
#4900 = DIRECTION('',(0.999999018667,1.400951691015E-03,0.));
#4901 = ORIENTED_EDGE('',*,*,#4902,.T.);
#4902 = EDGE_CURVE('',#4895,#4903,#4905,.T.);
#4903 = VERTEX_POINT('',#4904);
#4904 = CARTESIAN_POINT('',(142.827724,-150.518425,1.585));
#4905 = LINE('',#4906,#4907);
#4906 = CARTESIAN_POINT('',(142.827723,-150.202242,1.585));
#4907 = VECTOR('',#4908,1.);
#4908 = DIRECTION('',(3.162725375717E-06,-0.999999999995,0.));
#4909 = ORIENTED_EDGE('',*,*,#4910,.T.);
#4910 = EDGE_CURVE('',#4903,#4911,#4913,.T.);
#4911 = VERTEX_POINT('',#4912);
#4912 = CARTESIAN_POINT('',(141.953248,-150.535246,1.585));
#4913 = LINE('',#4914,#4915);
#4914 = CARTESIAN_POINT('',(142.827724,-150.518425,1.585));
#4915 = VECTOR('',#4916,1.);
#4916 = DIRECTION('',(-0.999815048721,-1.923196169424E-02,0.));
#4917 = ORIENTED_EDGE('',*,*,#4918,.T.);
#4918 = EDGE_CURVE('',#4911,#4919,#4921,.T.);
#4919 = VERTEX_POINT('',#4920);
#4920 = CARTESIAN_POINT('',(141.939309,-151.300193,1.585));
#4921 = LINE('',#4922,#4923);
#4922 = CARTESIAN_POINT('',(141.953248,-150.535246,1.585));
#4923 = VECTOR('',#4924,1.);
#4924 = DIRECTION('',(-1.821915292085E-02,-0.999834017458,0.));
#4925 = ORIENTED_EDGE('',*,*,#4926,.T.);
#4926 = EDGE_CURVE('',#4919,#4927,#4929,.T.);
#4927 = VERTEX_POINT('',#4928);
#4928 = CARTESIAN_POINT('',(142.815091,-151.317082,1.585));
#4929 = LINE('',#4930,#4931);
#4930 = CARTESIAN_POINT('',(141.939309,-151.300193,1.585));
#4931 = VECTOR('',#4932,1.);
#4932 = DIRECTION('',(0.999814106273,-1.928089460715E-02,0.));
#4933 = ORIENTED_EDGE('',*,*,#4934,.T.);
#4934 = EDGE_CURVE('',#4927,#4935,#4937,.T.);
#4935 = VERTEX_POINT('',#4936);
#4936 = CARTESIAN_POINT('',(142.830554,-151.620237,1.585));
#4937 = LINE('',#4938,#4939);
#4938 = CARTESIAN_POINT('',(142.815091,-151.317082,1.585));
#4939 = VECTOR('',#4940,1.);
#4940 = DIRECTION('',(5.094068738281E-02,-0.998701680368,0.));
#4941 = ORIENTED_EDGE('',*,*,#4942,.T.);
#4942 = EDGE_CURVE('',#4935,#4943,#4945,.T.);
#4943 = VERTEX_POINT('',#4944);
#4944 = CARTESIAN_POINT('',(142.070347,-151.619118,1.585));
#4945 = LINE('',#4946,#4947);
#4946 = CARTESIAN_POINT('',(142.830554,-151.620237,1.585));
#4947 = VECTOR('',#4948,1.);
#4948 = DIRECTION('',(-0.999998916658,1.471965908965E-03,0.));
#4949 = ORIENTED_EDGE('',*,*,#4950,.T.);
#4950 = EDGE_CURVE('',#4943,#4951,#4953,.T.);
#4951 = VERTEX_POINT('',#4952);
#4952 = CARTESIAN_POINT('',(141.915255,-151.606613,1.585));
#4953 = LINE('',#4954,#4955);
#4954 = CARTESIAN_POINT('',(142.070347,-151.619118,1.585));
#4955 = VECTOR('',#4956,1.);
#4956 = DIRECTION('',(-0.996765200743,8.036874136168E-02,0.));
#4957 = ORIENTED_EDGE('',*,*,#4958,.T.);
#4958 = EDGE_CURVE('',#4951,#4959,#4961,.T.);
#4959 = VERTEX_POINT('',#4960);
#4960 = CARTESIAN_POINT('',(141.868429,-151.594363,1.585));
#4961 = LINE('',#4962,#4963);
#4962 = CARTESIAN_POINT('',(141.915255,-151.606613,1.585));
#4963 = VECTOR('',#4964,1.);
#4964 = DIRECTION('',(-0.967442836587,0.253089624316,0.));
#4965 = ORIENTED_EDGE('',*,*,#4966,.T.);
#4966 = EDGE_CURVE('',#4959,#4967,#4969,.T.);
#4967 = VERTEX_POINT('',#4968);
#4968 = CARTESIAN_POINT('',(141.810348,-151.56358,1.585));
#4969 = LINE('',#4970,#4971);
#4970 = CARTESIAN_POINT('',(141.868429,-151.594363,1.585));
#4971 = VECTOR('',#4972,1.);
#4972 = DIRECTION('',(-0.883572459347,0.468294468347,0.));
#4973 = ORIENTED_EDGE('',*,*,#4974,.T.);
#4974 = EDGE_CURVE('',#4967,#4975,#4977,.T.);
#4975 = VERTEX_POINT('',#4976);
#4976 = CARTESIAN_POINT('',(141.682292,-151.379046,1.585));
#4977 = CIRCLE('',#4978,0.28688133036);
#4978 = AXIS2_PLACEMENT_3D('',#4979,#4980,#4981);
#4979 = CARTESIAN_POINT('',(141.96320038428,-151.3208104666,1.585));
#4980 = DIRECTION('',(0.,0.,-1.));
#4981 = DIRECTION('',(-0.532807011516,-0.846236780387,-0.));
#4982 = ORIENTED_EDGE('',*,*,#4983,.T.);
#4983 = EDGE_CURVE('',#4975,#4984,#4986,.T.);
#4984 = VERTEX_POINT('',#4985);
#4985 = CARTESIAN_POINT('',(141.664151,-151.272187,1.585));
#4986 = LINE('',#4987,#4988);
#4987 = CARTESIAN_POINT('',(141.682292,-151.379046,1.585));
#4988 = VECTOR('',#4989,1.);
#4989 = DIRECTION('',(-0.167371046216,0.985893976495,0.));
#4990 = ORIENTED_EDGE('',*,*,#4991,.T.);
#4991 = EDGE_CURVE('',#4984,#4992,#4994,.T.);
#4992 = VERTEX_POINT('',#4993);
#4993 = CARTESIAN_POINT('',(141.654577,-151.128104,1.585));
#4994 = LINE('',#4995,#4996);
#4995 = CARTESIAN_POINT('',(141.664151,-151.272187,1.585));
#4996 = VECTOR('',#4997,1.);
#4997 = DIRECTION('',(-6.630160142793E-02,0.997799628006,0.));
#4998 = ORIENTED_EDGE('',*,*,#4999,.T.);
#4999 = EDGE_CURVE('',#4992,#5000,#5002,.T.);
#5000 = VERTEX_POINT('',#5001);
#5001 = CARTESIAN_POINT('',(141.652411,-150.736549,1.585));
#5002 = LINE('',#5003,#5004);
#5003 = CARTESIAN_POINT('',(141.654577,-151.128104,1.585));
#5004 = VECTOR('',#5005,1.);
#5005 = DIRECTION('',(-5.531705278163E-03,0.999984700001,0.));
#5006 = ORIENTED_EDGE('',*,*,#5007,.T.);
#5007 = EDGE_CURVE('',#5000,#5008,#5010,.T.);
#5008 = VERTEX_POINT('',#5009);
#5009 = CARTESIAN_POINT('',(141.663687,-150.525635,1.585));
#5010 = LINE('',#5011,#5012);
#5011 = CARTESIAN_POINT('',(141.652411,-150.736549,1.585));
#5012 = VECTOR('',#5013,1.);
#5013 = DIRECTION('',(5.338630760686E-02,0.998573934248,0.));
#5014 = ORIENTED_EDGE('',*,*,#5015,.T.);
#5015 = EDGE_CURVE('',#5008,#5016,#5018,.T.);
#5016 = VERTEX_POINT('',#5017);
#5017 = CARTESIAN_POINT('',(141.676058,-150.46118,1.585));
#5018 = LINE('',#5019,#5020);
#5019 = CARTESIAN_POINT('',(141.663687,-150.525635,1.585));
#5020 = VECTOR('',#5021,1.);
#5021 = DIRECTION('',(0.188491918686,0.982074740837,0.));
#5022 = ORIENTED_EDGE('',*,*,#5023,.T.);
#5023 = EDGE_CURVE('',#5016,#5024,#5026,.T.);
#5024 = VERTEX_POINT('',#5025);
#5025 = CARTESIAN_POINT('',(141.698587,-150.400484,1.585));
#5026 = LINE('',#5027,#5028);
#5027 = CARTESIAN_POINT('',(141.676058,-150.46118,1.585));
#5028 = VECTOR('',#5029,1.);
#5029 = DIRECTION('',(0.347979819166,0.93750202424,0.));
#5030 = ORIENTED_EDGE('',*,*,#5031,.T.);
#5031 = EDGE_CURVE('',#5024,#5032,#5034,.T.);
#5032 = VERTEX_POINT('',#5033);
#5033 = CARTESIAN_POINT('',(141.734654,-150.335125,1.585));
#5034 = LINE('',#5035,#5036);
#5035 = CARTESIAN_POINT('',(141.698587,-150.400484,1.585));
#5036 = VECTOR('',#5037,1.);
#5037 = DIRECTION('',(0.483147812997,0.87553880028,0.));
#5038 = ORIENTED_EDGE('',*,*,#5039,.T.);
#5039 = EDGE_CURVE('',#5032,#5040,#5042,.T.);
#5040 = VERTEX_POINT('',#5041);
#5041 = CARTESIAN_POINT('',(141.777801,-150.285285,1.585));
#5042 = LINE('',#5043,#5044);
#5043 = CARTESIAN_POINT('',(141.734654,-150.335125,1.585));
#5044 = VECTOR('',#5045,1.);
#5045 = DIRECTION('',(0.654517515102,0.756046838777,0.));
#5046 = ORIENTED_EDGE('',*,*,#5047,.T.);
#5047 = EDGE_CURVE('',#5040,#5048,#5050,.T.);
#5048 = VERTEX_POINT('',#5049);
#5049 = CARTESIAN_POINT('',(141.834744,-150.249383,1.585));
#5050 = LINE('',#5051,#5052);
#5051 = CARTESIAN_POINT('',(141.777801,-150.285285,1.585));
#5052 = VECTOR('',#5053,1.);
#5053 = DIRECTION('',(0.845904476984,0.533334431496,0.));
#5054 = ORIENTED_EDGE('',*,*,#5055,.T.);
#5055 = EDGE_CURVE('',#5048,#5056,#5058,.T.);
#5056 = VERTEX_POINT('',#5057);
#5057 = CARTESIAN_POINT('',(141.912191,-150.22527,1.585));
#5058 = LINE('',#5059,#5060);
#5059 = CARTESIAN_POINT('',(141.834744,-150.249383,1.585));
#5060 = VECTOR('',#5061,1.);
#5061 = DIRECTION('',(0.954792486786,0.297273118828,0.));
#5062 = ORIENTED_EDGE('',*,*,#5063,.T.);
#5063 = EDGE_CURVE('',#5056,#4885,#5064,.T.);
#5064 = LINE('',#5065,#5066);
#5065 = CARTESIAN_POINT('',(141.912191,-150.22527,1.585));
#5066 = VECTOR('',#5067,1.);
#5067 = DIRECTION('',(0.990412809792,0.138139299981,0.));
#5068 = PLANE('',#5069);
#5069 = AXIS2_PLACEMENT_3D('',#5070,#5071,#5072);
#5070 = CARTESIAN_POINT('',(0.,0.,1.585));
#5071 = DIRECTION('',(0.,0.,1.));
#5072 = DIRECTION('',(1.,0.,-0.));
#5073 = SHELL_BASED_SURFACE_MODEL('',(#5074));
#5074 = OPEN_SHELL('',(#5075));
#5075 = ADVANCED_FACE('',(#5076),#5110,.T.);
#5076 = FACE_BOUND('',#5077,.F.);
#5077 = EDGE_LOOP('',(#5078,#5088,#5096,#5104));
#5078 = ORIENTED_EDGE('',*,*,#5079,.T.);
#5079 = EDGE_CURVE('',#5080,#5082,#5084,.T.);
#5080 = VERTEX_POINT('',#5081);
#5081 = CARTESIAN_POINT('',(131.574229,-151.05598,1.585));
#5082 = VERTEX_POINT('',#5083);
#5083 = CARTESIAN_POINT('',(131.574229,-150.766686,1.585));
#5084 = LINE('',#5085,#5086);
#5085 = CARTESIAN_POINT('',(131.574229,-151.05598,1.585));
#5086 = VECTOR('',#5087,1.);
#5087 = DIRECTION('',(0.,1.,0.));
#5088 = ORIENTED_EDGE('',*,*,#5089,.T.);
#5089 = EDGE_CURVE('',#5082,#5090,#5092,.T.);
#5090 = VERTEX_POINT('',#5091);
#5091 = CARTESIAN_POINT('',(132.317523,-150.766686,1.585));
#5092 = LINE('',#5093,#5094);
#5093 = CARTESIAN_POINT('',(131.574229,-150.766686,1.585));
#5094 = VECTOR('',#5095,1.);
#5095 = DIRECTION('',(1.,0.,0.));
#5096 = ORIENTED_EDGE('',*,*,#5097,.T.);
#5097 = EDGE_CURVE('',#5090,#5098,#5100,.T.);
#5098 = VERTEX_POINT('',#5099);
#5099 = CARTESIAN_POINT('',(132.317523,-151.05598,1.585));
#5100 = LINE('',#5101,#5102);
#5101 = CARTESIAN_POINT('',(132.317523,-150.766686,1.585));
#5102 = VECTOR('',#5103,1.);
#5103 = DIRECTION('',(0.,-1.,0.));
#5104 = ORIENTED_EDGE('',*,*,#5105,.T.);
#5105 = EDGE_CURVE('',#5098,#5080,#5106,.T.);
#5106 = LINE('',#5107,#5108);
#5107 = CARTESIAN_POINT('',(132.317523,-151.05598,1.585));
#5108 = VECTOR('',#5109,1.);
#5109 = DIRECTION('',(-1.,0.,0.));
#5110 = PLANE('',#5111);
#5111 = AXIS2_PLACEMENT_3D('',#5112,#5113,#5114);
#5112 = CARTESIAN_POINT('',(0.,0.,1.585));
#5113 = DIRECTION('',(0.,0.,1.));
#5114 = DIRECTION('',(1.,0.,-0.));
#5115 = SHELL_BASED_SURFACE_MODEL('',(#5116));
#5116 = OPEN_SHELL('',(#5117));
#5117 = ADVANCED_FACE('',(#5118),#5184,.T.);
#5118 = FACE_BOUND('',#5119,.F.);
#5119 = EDGE_LOOP('',(#5120,#5130,#5138,#5146,#5154,#5162,#5170,#5178));
#5120 = ORIENTED_EDGE('',*,*,#5121,.T.);
#5121 = EDGE_CURVE('',#5122,#5124,#5126,.T.);
#5122 = VERTEX_POINT('',#5123);
#5123 = CARTESIAN_POINT('',(116.242902,-150.458374,1.585));
#5124 = VERTEX_POINT('',#5125);
#5125 = CARTESIAN_POINT('',(116.242902,-148.744375,1.585));
#5126 = LINE('',#5127,#5128);
#5127 = CARTESIAN_POINT('',(116.242902,-150.458374,1.585));
#5128 = VECTOR('',#5129,1.);
#5129 = DIRECTION('',(0.,1.,0.));
#5130 = ORIENTED_EDGE('',*,*,#5131,.T.);
#5131 = EDGE_CURVE('',#5124,#5132,#5134,.T.);
#5132 = VERTEX_POINT('',#5133);
#5133 = CARTESIAN_POINT('',(116.43826,-148.744375,1.585));
#5134 = LINE('',#5135,#5136);
#5135 = CARTESIAN_POINT('',(116.242902,-148.744375,1.585));
#5136 = VECTOR('',#5137,1.);
#5137 = DIRECTION('',(1.,0.,0.));
#5138 = ORIENTED_EDGE('',*,*,#5139,.T.);
#5139 = EDGE_CURVE('',#5132,#5140,#5142,.T.);
#5140 = VERTEX_POINT('',#5141);
#5141 = CARTESIAN_POINT('',(116.43826,-149.501723,1.585));
#5142 = LINE('',#5143,#5144);
#5143 = CARTESIAN_POINT('',(116.43826,-148.744375,1.585));
#5144 = VECTOR('',#5145,1.);
#5145 = DIRECTION('',(0.,-1.,0.));
#5146 = ORIENTED_EDGE('',*,*,#5147,.T.);
#5147 = EDGE_CURVE('',#5140,#5148,#5150,.T.);
#5148 = VERTEX_POINT('',#5149);
#5149 = CARTESIAN_POINT('',(117.956901,-149.501723,1.585));
#5150 = LINE('',#5151,#5152);
#5151 = CARTESIAN_POINT('',(116.43826,-149.501723,1.585));
#5152 = VECTOR('',#5153,1.);
#5153 = DIRECTION('',(1.,0.,0.));
#5154 = ORIENTED_EDGE('',*,*,#5155,.T.);
#5155 = EDGE_CURVE('',#5148,#5156,#5158,.T.);
#5156 = VERTEX_POINT('',#5157);
#5157 = CARTESIAN_POINT('',(117.956901,-149.696873,1.585));
#5158 = LINE('',#5159,#5160);
#5159 = CARTESIAN_POINT('',(117.956901,-149.501723,1.585));
#5160 = VECTOR('',#5161,1.);
#5161 = DIRECTION('',(0.,-1.,0.));
#5162 = ORIENTED_EDGE('',*,*,#5163,.T.);
#5163 = EDGE_CURVE('',#5156,#5164,#5166,.T.);
#5164 = VERTEX_POINT('',#5165);
#5165 = CARTESIAN_POINT('',(116.43826,-149.696873,1.585));
#5166 = LINE('',#5167,#5168);
#5167 = CARTESIAN_POINT('',(117.956901,-149.696873,1.585));
#5168 = VECTOR('',#5169,1.);
#5169 = DIRECTION('',(-1.,0.,0.));
#5170 = ORIENTED_EDGE('',*,*,#5171,.T.);
#5171 = EDGE_CURVE('',#5164,#5172,#5174,.T.);
#5172 = VERTEX_POINT('',#5173);
#5173 = CARTESIAN_POINT('',(116.43826,-150.458374,1.585));
#5174 = LINE('',#5175,#5176);
#5175 = CARTESIAN_POINT('',(116.43826,-149.696873,1.585));
#5176 = VECTOR('',#5177,1.);
#5177 = DIRECTION('',(0.,-1.,0.));
#5178 = ORIENTED_EDGE('',*,*,#5179,.T.);
#5179 = EDGE_CURVE('',#5172,#5122,#5180,.T.);
#5180 = LINE('',#5181,#5182);
#5181 = CARTESIAN_POINT('',(116.43826,-150.458374,1.585));
#5182 = VECTOR('',#5183,1.);
#5183 = DIRECTION('',(-1.,0.,0.));
#5184 = PLANE('',#5185);
#5185 = AXIS2_PLACEMENT_3D('',#5186,#5187,#5188);
#5186 = CARTESIAN_POINT('',(0.,0.,1.585));
#5187 = DIRECTION('',(0.,0.,1.));
#5188 = DIRECTION('',(1.,0.,-0.));
#5189 = SHELL_BASED_SURFACE_MODEL('',(#5190));
#5190 = OPEN_SHELL('',(#5191));
#5191 = ADVANCED_FACE('',(#5192),#5226,.T.);
#5192 = FACE_BOUND('',#5193,.F.);
#5193 = EDGE_LOOP('',(#5194,#5204,#5212,#5220));
#5194 = ORIENTED_EDGE('',*,*,#5195,.T.);
#5195 = EDGE_CURVE('',#5196,#5198,#5200,.T.);
#5196 = VERTEX_POINT('',#5197);
#5197 = CARTESIAN_POINT('',(117.156993,-148.560021,1.585));
#5198 = VERTEX_POINT('',#5199);
#5199 = CARTESIAN_POINT('',(117.156993,-147.629944,1.585));
#5200 = LINE('',#5201,#5202);
#5201 = CARTESIAN_POINT('',(117.156993,-148.560021,1.585));
#5202 = VECTOR('',#5203,1.);
#5203 = DIRECTION('',(0.,1.,0.));
#5204 = ORIENTED_EDGE('',*,*,#5205,.T.);
#5205 = EDGE_CURVE('',#5198,#5206,#5208,.T.);
#5206 = VERTEX_POINT('',#5207);
#5207 = CARTESIAN_POINT('',(117.352351,-147.629944,1.585));
#5208 = LINE('',#5209,#5210);
#5209 = CARTESIAN_POINT('',(117.156993,-147.629944,1.585));
#5210 = VECTOR('',#5211,1.);
#5211 = DIRECTION('',(1.,0.,0.));
#5212 = ORIENTED_EDGE('',*,*,#5213,.T.);
#5213 = EDGE_CURVE('',#5206,#5214,#5216,.T.);
#5214 = VERTEX_POINT('',#5215);
#5215 = CARTESIAN_POINT('',(117.352351,-148.560021,1.585));
#5216 = LINE('',#5217,#5218);
#5217 = CARTESIAN_POINT('',(117.352351,-147.629944,1.585));
#5218 = VECTOR('',#5219,1.);
#5219 = DIRECTION('',(0.,-1.,0.));
#5220 = ORIENTED_EDGE('',*,*,#5221,.T.);
#5221 = EDGE_CURVE('',#5214,#5196,#5222,.T.);
#5222 = LINE('',#5223,#5224);
#5223 = CARTESIAN_POINT('',(117.352351,-148.560021,1.585));
#5224 = VECTOR('',#5225,1.);
#5225 = DIRECTION('',(-1.,0.,0.));
#5226 = PLANE('',#5227);
#5227 = AXIS2_PLACEMENT_3D('',#5228,#5229,#5230);
#5228 = CARTESIAN_POINT('',(0.,0.,1.585));
#5229 = DIRECTION('',(0.,0.,1.));
#5230 = DIRECTION('',(1.,0.,-0.));
#5231 = SHELL_BASED_SURFACE_MODEL('',(#5232));
#5232 = OPEN_SHELL('',(#5233));
#5233 = ADVANCED_FACE('',(#5234,#5360,#5418),#5476,.T.);
#5234 = FACE_BOUND('',#5235,.F.);
#5235 = EDGE_LOOP('',(#5236,#5247,#5255,#5263,#5272,#5280,#5289,#5297,
    #5305,#5313,#5321,#5330,#5338,#5346,#5354));
#5236 = ORIENTED_EDGE('',*,*,#5237,.T.);
#5237 = EDGE_CURVE('',#5238,#5240,#5242,.T.);
#5238 = VERTEX_POINT('',#5239);
#5239 = CARTESIAN_POINT('',(116.252808,-145.820264,1.585));
#5240 = VERTEX_POINT('',#5241);
#5241 = CARTESIAN_POINT('',(116.533447,-145.607857,1.585));
#5242 = CIRCLE('',#5243,0.293066607968);
#5243 = AXIS2_PLACEMENT_3D('',#5244,#5245,#5246);
#5244 = CARTESIAN_POINT('',(116.53455683025,-145.9009215065,1.585));
#5245 = DIRECTION('',(0.,0.,-1.));
#5246 = DIRECTION('',(-0.961381551464,0.275219026422,0.));
#5247 = ORIENTED_EDGE('',*,*,#5248,.T.);
#5248 = EDGE_CURVE('',#5240,#5249,#5251,.T.);
#5249 = VERTEX_POINT('',#5250);
#5250 = CARTESIAN_POINT('',(117.668847,-145.607857,1.585));
#5251 = LINE('',#5252,#5253);
#5252 = CARTESIAN_POINT('',(116.533447,-145.607857,1.585));
#5253 = VECTOR('',#5254,1.);
#5254 = DIRECTION('',(1.,0.,0.));
#5255 = ORIENTED_EDGE('',*,*,#5256,.T.);
#5256 = EDGE_CURVE('',#5249,#5257,#5259,.T.);
#5257 = VERTEX_POINT('',#5258);
#5258 = CARTESIAN_POINT('',(117.744405,-145.617761,1.585));
#5259 = LINE('',#5260,#5261);
#5260 = CARTESIAN_POINT('',(117.668847,-145.607857,1.585));
#5261 = VECTOR('',#5262,1.);
#5262 = DIRECTION('',(0.991518403824,-0.129966360564,0.));
#5263 = ORIENTED_EDGE('',*,*,#5264,.T.);
#5264 = EDGE_CURVE('',#5257,#5265,#5267,.T.);
#5265 = VERTEX_POINT('',#5266);
#5266 = CARTESIAN_POINT('',(117.956901,-145.895807,1.585));
#5267 = CIRCLE('',#5268,0.292734543063);
#5268 = AXIS2_PLACEMENT_3D('',#5269,#5270,#5271);
#5269 = CARTESIAN_POINT('',(117.66418717906,-145.899290064,1.585));
#5270 = DIRECTION('',(0.,0.,-1.));
#5271 = DIRECTION('',(0.274029228314,0.961721364029,0.));
#5272 = ORIENTED_EDGE('',*,*,#5273,.T.);
#5273 = EDGE_CURVE('',#5265,#5274,#5276,.T.);
#5274 = VERTEX_POINT('',#5275);
#5275 = CARTESIAN_POINT('',(117.956901,-147.049788,1.585));
#5276 = LINE('',#5277,#5278);
#5277 = CARTESIAN_POINT('',(117.956901,-145.895807,1.585));
#5278 = VECTOR('',#5279,1.);
#5279 = DIRECTION('',(0.,-1.,0.));
#5280 = ORIENTED_EDGE('',*,*,#5281,.T.);
#5281 = EDGE_CURVE('',#5274,#5282,#5284,.T.);
#5282 = VERTEX_POINT('',#5283);
#5283 = CARTESIAN_POINT('',(117.871818,-147.254658,1.585));
#5284 = CIRCLE('',#5285,0.281276267373);
#5285 = AXIS2_PLACEMENT_3D('',#5286,#5287,#5288);
#5286 = CARTESIAN_POINT('',(117.67564404342,-147.053083901,1.585));
#5287 = DIRECTION('',(0.,0.,-1.));
#5288 = DIRECTION('',(0.999931345806,1.171766508759E-02,0.));
#5289 = ORIENTED_EDGE('',*,*,#5290,.T.);
#5290 = EDGE_CURVE('',#5282,#5291,#5293,.T.);
#5291 = VERTEX_POINT('',#5292);
#5292 = CARTESIAN_POINT('',(117.812925,-147.299538,1.585));
#5293 = LINE('',#5294,#5295);
#5294 = CARTESIAN_POINT('',(117.871818,-147.254658,1.585));
#5295 = VECTOR('',#5296,1.);
#5296 = DIRECTION('',(-0.795372191778,-0.606121338138,0.));
#5297 = ORIENTED_EDGE('',*,*,#5298,.T.);
#5298 = EDGE_CURVE('',#5291,#5299,#5301,.T.);
#5299 = VERTEX_POINT('',#5300);
#5300 = CARTESIAN_POINT('',(117.744479,-147.328024,1.585));
#5301 = LINE('',#5302,#5303);
#5302 = CARTESIAN_POINT('',(117.812925,-147.299538,1.585));
#5303 = VECTOR('',#5304,1.);
#5304 = DIRECTION('',(-0.923235673762,-0.384234161277,0.));
#5305 = ORIENTED_EDGE('',*,*,#5306,.T.);
#5306 = EDGE_CURVE('',#5299,#5307,#5309,.T.);
#5307 = VERTEX_POINT('',#5308);
#5308 = CARTESIAN_POINT('',(117.668847,-147.337634,1.585));
#5309 = LINE('',#5310,#5311);
#5310 = CARTESIAN_POINT('',(117.744479,-147.328024,1.585));
#5311 = VECTOR('',#5312,1.);
#5312 = DIRECTION('',(-0.992023995429,-0.126049166967,0.));
#5313 = ORIENTED_EDGE('',*,*,#5314,.T.);
#5314 = EDGE_CURVE('',#5307,#5315,#5317,.T.);
#5315 = VERTEX_POINT('',#5316);
#5316 = CARTESIAN_POINT('',(116.533447,-147.337634,1.585));
#5317 = LINE('',#5318,#5319);
#5318 = CARTESIAN_POINT('',(117.668847,-147.337634,1.585));
#5319 = VECTOR('',#5320,1.);
#5320 = DIRECTION('',(-1.,0.,0.));
#5321 = ORIENTED_EDGE('',*,*,#5322,.T.);
#5322 = EDGE_CURVE('',#5315,#5323,#5325,.T.);
#5323 = VERTEX_POINT('',#5324);
#5324 = CARTESIAN_POINT('',(116.282243,-147.196046,1.585));
#5325 = CIRCLE('',#5326,0.287684696101);
#5326 = AXIS2_PLACEMENT_3D('',#5327,#5328,#5329);
#5327 = CARTESIAN_POINT('',(116.53008163932,-147.0499689887,1.585));
#5328 = DIRECTION('',(0.,0.,-1.));
#5329 = DIRECTION('',(1.169808723432E-02,-0.999931575037,0.));
#5330 = ORIENTED_EDGE('',*,*,#5331,.T.);
#5331 = EDGE_CURVE('',#5323,#5332,#5334,.T.);
#5332 = VERTEX_POINT('',#5333);
#5333 = CARTESIAN_POINT('',(116.252879,-147.127307,1.585));
#5334 = LINE('',#5335,#5336);
#5335 = CARTESIAN_POINT('',(116.282243,-147.196046,1.585));
#5336 = VECTOR('',#5337,1.);
#5337 = DIRECTION('',(-0.392838848434,0.919607328788,0.));
#5338 = ORIENTED_EDGE('',*,*,#5339,.T.);
#5339 = EDGE_CURVE('',#5332,#5340,#5342,.T.);
#5340 = VERTEX_POINT('',#5341);
#5341 = CARTESIAN_POINT('',(116.242902,-147.049684,1.585));
#5342 = LINE('',#5343,#5344);
#5343 = CARTESIAN_POINT('',(116.252879,-147.127307,1.585));
#5344 = VECTOR('',#5345,1.);
#5345 = DIRECTION('',(-0.127482775818,0.991840784536,0.));
#5346 = ORIENTED_EDGE('',*,*,#5347,.T.);
#5347 = EDGE_CURVE('',#5340,#5348,#5350,.T.);
#5348 = VERTEX_POINT('',#5349);
#5349 = CARTESIAN_POINT('',(116.242902,-145.895807,1.585));
#5350 = LINE('',#5351,#5352);
#5351 = CARTESIAN_POINT('',(116.242902,-147.049684,1.585));
#5352 = VECTOR('',#5353,1.);
#5353 = DIRECTION('',(0.,1.,0.));
#5354 = ORIENTED_EDGE('',*,*,#5355,.T.);
#5355 = EDGE_CURVE('',#5348,#5238,#5356,.T.);
#5356 = LINE('',#5357,#5358);
#5357 = CARTESIAN_POINT('',(116.242902,-145.895807,1.585));
#5358 = VECTOR('',#5359,1.);
#5359 = DIRECTION('',(0.13001753761,0.99151169429,0.));
#5360 = FACE_BOUND('',#5361,.F.);
#5361 = EDGE_LOOP('',(#5362,#5372,#5380,#5388,#5396,#5404,#5412));
#5362 = ORIENTED_EDGE('',*,*,#5363,.T.);
#5363 = EDGE_CURVE('',#5364,#5366,#5368,.T.);
#5364 = VERTEX_POINT('',#5365);
#5365 = CARTESIAN_POINT('',(116.531371,-147.142484,1.585));
#5366 = VERTEX_POINT('',#5367);
#5367 = CARTESIAN_POINT('',(117.525494,-147.142484,1.585));
#5368 = LINE('',#5369,#5370);
#5369 = CARTESIAN_POINT('',(116.531371,-147.142484,1.585));
#5370 = VECTOR('',#5371,1.);
#5371 = DIRECTION('',(1.,0.,0.));
#5372 = ORIENTED_EDGE('',*,*,#5373,.T.);
#5373 = EDGE_CURVE('',#5366,#5374,#5376,.T.);
#5374 = VERTEX_POINT('',#5375);
#5375 = CARTESIAN_POINT('',(116.43826,-145.829166,1.585));
#5376 = LINE('',#5377,#5378);
#5377 = CARTESIAN_POINT('',(117.525494,-147.142484,1.585));
#5378 = VECTOR('',#5379,1.);
#5379 = DIRECTION('',(-0.637689591433,0.770293440825,0.));
#5380 = ORIENTED_EDGE('',*,*,#5381,.T.);
#5381 = EDGE_CURVE('',#5374,#5382,#5384,.T.);
#5382 = VERTEX_POINT('',#5383);
#5383 = CARTESIAN_POINT('',(116.43826,-147.049684,1.585));
#5384 = LINE('',#5385,#5386);
#5385 = CARTESIAN_POINT('',(116.43826,-145.829166,1.585));
#5386 = VECTOR('',#5387,1.);
#5387 = DIRECTION('',(0.,-1.,0.));
#5388 = ORIENTED_EDGE('',*,*,#5389,.T.);
#5389 = EDGE_CURVE('',#5382,#5390,#5392,.T.);
#5390 = VERTEX_POINT('',#5391);
#5391 = CARTESIAN_POINT('',(116.44508,-147.085034,1.585));
#5392 = LINE('',#5393,#5394);
#5393 = CARTESIAN_POINT('',(116.43826,-147.049684,1.585));
#5394 = VECTOR('',#5395,1.);
#5395 = DIRECTION('',(0.189434585625,-0.981893343378,0.));
#5396 = ORIENTED_EDGE('',*,*,#5397,.T.);
#5397 = EDGE_CURVE('',#5390,#5398,#5400,.T.);
#5398 = VERTEX_POINT('',#5399);
#5399 = CARTESIAN_POINT('',(116.465664,-147.115184,1.585));
#5400 = LINE('',#5401,#5402);
#5401 = CARTESIAN_POINT('',(116.44508,-147.085034,1.585));
#5402 = VECTOR('',#5403,1.);
#5403 = DIRECTION('',(0.563845003393,-0.825880628269,0.));
#5404 = ORIENTED_EDGE('',*,*,#5405,.T.);
#5405 = EDGE_CURVE('',#5398,#5406,#5408,.T.);
#5406 = VERTEX_POINT('',#5407);
#5407 = CARTESIAN_POINT('',(116.495834,-147.135676,1.585));
#5408 = LINE('',#5409,#5410);
#5409 = CARTESIAN_POINT('',(116.465664,-147.115184,1.585));
#5410 = VECTOR('',#5411,1.);
#5411 = DIRECTION('',(0.827227271272,-0.561867459161,0.));
#5412 = ORIENTED_EDGE('',*,*,#5413,.T.);
#5413 = EDGE_CURVE('',#5406,#5364,#5414,.T.);
#5414 = LINE('',#5415,#5416);
#5415 = CARTESIAN_POINT('',(116.495834,-147.135676,1.585));
#5416 = VECTOR('',#5417,1.);
#5417 = DIRECTION('',(0.982139656251,-0.188153383228,0.));
#5418 = FACE_BOUND('',#5419,.F.);
#5419 = EDGE_LOOP('',(#5420,#5430,#5438,#5446,#5454,#5462,#5470));
#5420 = ORIENTED_EDGE('',*,*,#5421,.T.);
#5421 = EDGE_CURVE('',#5422,#5424,#5426,.T.);
#5422 = VERTEX_POINT('',#5423);
#5423 = CARTESIAN_POINT('',(117.703975,-145.809833,1.585));
#5424 = VERTEX_POINT('',#5425);
#5425 = CARTESIAN_POINT('',(117.668535,-145.803007,1.585));
#5426 = LINE('',#5427,#5428);
#5427 = CARTESIAN_POINT('',(117.703975,-145.809833,1.585));
#5428 = VECTOR('',#5429,1.);
#5429 = DIRECTION('',(-0.981951860692,0.189131021475,0.));
#5430 = ORIENTED_EDGE('',*,*,#5431,.T.);
#5431 = EDGE_CURVE('',#5424,#5432,#5434,.T.);
#5432 = VERTEX_POINT('',#5433);
#5433 = CARTESIAN_POINT('',(116.674308,-145.803007,1.585));
#5434 = LINE('',#5435,#5436);
#5435 = CARTESIAN_POINT('',(117.668535,-145.803007,1.585));
#5436 = VECTOR('',#5437,1.);
#5437 = DIRECTION('',(-1.,0.,0.));
#5438 = ORIENTED_EDGE('',*,*,#5439,.T.);
#5439 = EDGE_CURVE('',#5432,#5440,#5442,.T.);
#5440 = VERTEX_POINT('',#5441);
#5441 = CARTESIAN_POINT('',(117.761543,-147.118713,1.585));
#5442 = LINE('',#5443,#5444);
#5443 = CARTESIAN_POINT('',(116.674308,-145.803007,1.585));
#5444 = VECTOR('',#5445,1.);
#5445 = DIRECTION('',(0.637002431145,-0.770861792227,0.));
#5446 = ORIENTED_EDGE('',*,*,#5447,.T.);
#5447 = EDGE_CURVE('',#5440,#5448,#5450,.T.);
#5448 = VERTEX_POINT('',#5449);
#5449 = CARTESIAN_POINT('',(117.761543,-145.895807,1.585));
#5450 = LINE('',#5451,#5452);
#5451 = CARTESIAN_POINT('',(117.761543,-147.118713,1.585));
#5452 = VECTOR('',#5453,1.);
#5453 = DIRECTION('',(0.,1.,0.));
#5454 = ORIENTED_EDGE('',*,*,#5455,.T.);
#5455 = EDGE_CURVE('',#5448,#5456,#5458,.T.);
#5456 = VERTEX_POINT('',#5457);
#5457 = CARTESIAN_POINT('',(117.754719,-145.860475,1.585));
#5458 = LINE('',#5459,#5460);
#5459 = CARTESIAN_POINT('',(117.761543,-145.895807,1.585));
#5460 = VECTOR('',#5461,1.);
#5461 = DIRECTION('',(-0.189634791458,0.981854696922,0.));
#5462 = ORIENTED_EDGE('',*,*,#5463,.T.);
#5463 = EDGE_CURVE('',#5456,#5464,#5466,.T.);
#5464 = VERTEX_POINT('',#5465);
#5465 = CARTESIAN_POINT('',(117.734139,-145.830411,1.585));
#5466 = LINE('',#5467,#5468);
#5467 = CARTESIAN_POINT('',(117.754719,-145.860475,1.585));
#5468 = VECTOR('',#5469,1.);
#5469 = DIRECTION('',(-0.564868886982,0.825180671441,0.));
#5470 = ORIENTED_EDGE('',*,*,#5471,.T.);
#5471 = EDGE_CURVE('',#5464,#5422,#5472,.T.);
#5472 = LINE('',#5473,#5474);
#5473 = CARTESIAN_POINT('',(117.734139,-145.830411,1.585));
#5474 = VECTOR('',#5475,1.);
#5475 = DIRECTION('',(-0.826078988049,0.563554350089,0.));
#5476 = PLANE('',#5477);
#5477 = AXIS2_PLACEMENT_3D('',#5478,#5479,#5480);
#5478 = CARTESIAN_POINT('',(0.,0.,1.585));
#5479 = DIRECTION('',(0.,0.,1.));
#5480 = DIRECTION('',(1.,0.,-0.));
#5481 = SHELL_BASED_SURFACE_MODEL('',(#5482));
#5482 = OPEN_SHELL('',(#5483));
#5483 = ADVANCED_FACE('',(#5484),#5979,.T.);
#5484 = FACE_BOUND('',#5485,.F.);
#5485 = EDGE_LOOP('',(#5486,#5496,#5504,#5512,#5521,#5529,#5537,#5545,
    #5554,#5562,#5570,#5578,#5586,#5594,#5602,#5610,#5618,#5626,#5634,
    #5642,#5650,#5658,#5666,#5674,#5682,#5690,#5698,#5706,#5714,#5722,
    #5730,#5738,#5746,#5754,#5762,#5770,#5778,#5786,#5794,#5802,#5810,
    #5818,#5826,#5834,#5842,#5850,#5858,#5866,#5874,#5883,#5891,#5899,
    #5907,#5915,#5924,#5932,#5940,#5949,#5957,#5965,#5973));
#5486 = ORIENTED_EDGE('',*,*,#5487,.T.);
#5487 = EDGE_CURVE('',#5488,#5490,#5492,.T.);
#5488 = VERTEX_POINT('',#5489);
#5489 = CARTESIAN_POINT('',(117.209779,-143.631111,1.585));
#5490 = VERTEX_POINT('',#5491);
#5491 = CARTESIAN_POINT('',(117.272007,-143.625631,1.585));
#5492 = LINE('',#5493,#5494);
#5493 = CARTESIAN_POINT('',(117.209779,-143.631111,1.585));
#5494 = VECTOR('',#5495,1.);
#5495 = DIRECTION('',(0.996144840419,8.77237533827E-02,0.));
#5496 = ORIENTED_EDGE('',*,*,#5497,.T.);
#5497 = EDGE_CURVE('',#5490,#5498,#5500,.T.);
#5498 = VERTEX_POINT('',#5499);
#5499 = CARTESIAN_POINT('',(117.669158,-143.625631,1.585));
#5500 = LINE('',#5501,#5502);
#5501 = CARTESIAN_POINT('',(117.272007,-143.625631,1.585));
#5502 = VECTOR('',#5503,1.);
#5503 = DIRECTION('',(1.,0.,0.));
#5504 = ORIENTED_EDGE('',*,*,#5505,.T.);
#5505 = EDGE_CURVE('',#5498,#5506,#5508,.T.);
#5506 = VERTEX_POINT('',#5507);
#5507 = CARTESIAN_POINT('',(117.744611,-143.635534,1.585));
#5508 = LINE('',#5509,#5510);
#5509 = CARTESIAN_POINT('',(117.669158,-143.625631,1.585));
#5510 = VECTOR('',#5511,1.);
#5511 = DIRECTION('',(0.991496777557,-0.130131241808,0.));
#5512 = ORIENTED_EDGE('',*,*,#5513,.T.);
#5513 = EDGE_CURVE('',#5506,#5514,#5516,.T.);
#5514 = VERTEX_POINT('',#5515);
#5515 = CARTESIAN_POINT('',(117.917663,-143.769814,1.585));
#5516 = CIRCLE('',#5517,0.295226692993);
#5517 = AXIS2_PLACEMENT_3D('',#5518,#5519,#5520);
#5518 = CARTESIAN_POINT('',(117.66306495733,-143.9192751552,1.585));
#5519 = DIRECTION('',(0.,0.,-1.));
#5520 = DIRECTION('',(0.276215005613,0.961095869658,0.));
#5521 = ORIENTED_EDGE('',*,*,#5522,.T.);
#5522 = EDGE_CURVE('',#5514,#5523,#5525,.T.);
#5523 = VERTEX_POINT('',#5524);
#5524 = CARTESIAN_POINT('',(117.947015,-143.838254,1.585));
#5525 = LINE('',#5526,#5527);
#5526 = CARTESIAN_POINT('',(117.917663,-143.769814,1.585));
#5527 = VECTOR('',#5528,1.);
#5528 = DIRECTION('',(0.394152663554,-0.919044981387,0.));
#5529 = ORIENTED_EDGE('',*,*,#5530,.T.);
#5530 = EDGE_CURVE('',#5523,#5531,#5533,.T.);
#5531 = VERTEX_POINT('',#5532);
#5532 = CARTESIAN_POINT('',(117.956901,-143.913893,1.585));
#5533 = LINE('',#5534,#5535);
#5534 = CARTESIAN_POINT('',(117.947015,-143.838254,1.585));
#5535 = VECTOR('',#5536,1.);
#5536 = DIRECTION('',(0.129597538104,-0.991566678604,0.));
#5537 = ORIENTED_EDGE('',*,*,#5538,.T.);
#5538 = EDGE_CURVE('',#5531,#5539,#5541,.T.);
#5539 = VERTEX_POINT('',#5540);
#5540 = CARTESIAN_POINT('',(117.956901,-145.069015,1.585));
#5541 = LINE('',#5542,#5543);
#5542 = CARTESIAN_POINT('',(117.956901,-143.913893,1.585));
#5543 = VECTOR('',#5544,1.);
#5544 = DIRECTION('',(0.,-1.,0.));
#5545 = ORIENTED_EDGE('',*,*,#5546,.T.);
#5546 = EDGE_CURVE('',#5539,#5547,#5549,.T.);
#5547 = VERTEX_POINT('',#5548);
#5548 = CARTESIAN_POINT('',(117.87189,-145.274359,1.585));
#5549 = CIRCLE('',#5550,0.282803149233);
#5550 = AXIS2_PLACEMENT_3D('',#5551,#5552,#5553);
#5551 = CARTESIAN_POINT('',(117.67411593223,-145.0722129158,1.585));
#5552 = DIRECTION('',(0.,0.,-1.));
#5553 = DIRECTION('',(0.99993606341,1.130792164504E-02,0.));
#5554 = ORIENTED_EDGE('',*,*,#5555,.T.);
#5555 = EDGE_CURVE('',#5547,#5556,#5558,.T.);
#5556 = VERTEX_POINT('',#5557);
#5557 = CARTESIAN_POINT('',(117.813029,-145.320219,1.585));
#5558 = LINE('',#5559,#5560);
#5559 = CARTESIAN_POINT('',(117.87189,-145.274359,1.585));
#5560 = VECTOR('',#5561,1.);
#5561 = DIRECTION('',(-0.788837418014,-0.614601926405,0.));
#5562 = ORIENTED_EDGE('',*,*,#5563,.T.);
#5563 = EDGE_CURVE('',#5556,#5564,#5566,.T.);
#5564 = VERTEX_POINT('',#5565);
#5565 = CARTESIAN_POINT('',(117.744523,-145.34966,1.585));
#5566 = LINE('',#5567,#5568);
#5567 = CARTESIAN_POINT('',(117.813029,-145.320219,1.585));
#5568 = VECTOR('',#5569,1.);
#5569 = DIRECTION('',(-0.918749862174,-0.394840082508,0.));
#5570 = ORIENTED_EDGE('',*,*,#5571,.T.);
#5571 = EDGE_CURVE('',#5564,#5572,#5574,.T.);
#5572 = VERTEX_POINT('',#5573);
#5573 = CARTESIAN_POINT('',(117.669054,-145.35956,1.585));
#5574 = LINE('',#5575,#5576);
#5575 = CARTESIAN_POINT('',(117.744523,-145.34966,1.585));
#5576 = VECTOR('',#5577,1.);
#5577 = DIRECTION('',(-0.991505420385,-0.130065373356,0.));
#5578 = ORIENTED_EDGE('',*,*,#5579,.T.);
#5579 = EDGE_CURVE('',#5572,#5580,#5582,.T.);
#5580 = VERTEX_POINT('',#5581);
#5581 = CARTESIAN_POINT('',(117.630958,-145.35956,1.585));
#5582 = LINE('',#5583,#5584);
#5583 = CARTESIAN_POINT('',(117.669054,-145.35956,1.585));
#5584 = VECTOR('',#5585,1.);
#5585 = DIRECTION('',(-1.,0.,0.));
#5586 = ORIENTED_EDGE('',*,*,#5587,.T.);
#5587 = EDGE_CURVE('',#5580,#5588,#5590,.T.);
#5588 = VERTEX_POINT('',#5589);
#5589 = CARTESIAN_POINT('',(117.630958,-145.16441,1.585));
#5590 = LINE('',#5591,#5592);
#5591 = CARTESIAN_POINT('',(117.630958,-145.35956,1.585));
#5592 = VECTOR('',#5593,1.);
#5593 = DIRECTION('',(0.,1.,0.));
#5594 = ORIENTED_EDGE('',*,*,#5595,.T.);
#5595 = EDGE_CURVE('',#5588,#5596,#5598,.T.);
#5596 = VERTEX_POINT('',#5597);
#5597 = CARTESIAN_POINT('',(117.66895,-145.16441,1.585));
#5598 = LINE('',#5599,#5600);
#5599 = CARTESIAN_POINT('',(117.630958,-145.16441,1.585));
#5600 = VECTOR('',#5601,1.);
#5601 = DIRECTION('',(1.,0.,0.));
#5602 = ORIENTED_EDGE('',*,*,#5603,.T.);
#5603 = EDGE_CURVE('',#5596,#5604,#5606,.T.);
#5604 = VERTEX_POINT('',#5605);
#5605 = CARTESIAN_POINT('',(117.704194,-145.157591,1.585));
#5606 = LINE('',#5607,#5608);
#5607 = CARTESIAN_POINT('',(117.66895,-145.16441,1.585));
#5608 = VECTOR('',#5609,1.);
#5609 = DIRECTION('',(0.981792421815,0.189956943717,0.));
#5610 = ORIENTED_EDGE('',*,*,#5611,.T.);
#5611 = EDGE_CURVE('',#5604,#5612,#5614,.T.);
#5612 = VERTEX_POINT('',#5613);
#5613 = CARTESIAN_POINT('',(117.734243,-145.137006,1.585));
#5614 = LINE('',#5615,#5616);
#5615 = CARTESIAN_POINT('',(117.704194,-145.157591,1.585));
#5616 = VECTOR('',#5617,1.);
#5617 = DIRECTION('',(0.824985234161,0.565154282844,0.));
#5618 = ORIENTED_EDGE('',*,*,#5619,.T.);
#5619 = EDGE_CURVE('',#5612,#5620,#5622,.T.);
#5620 = VERTEX_POINT('',#5621);
#5621 = CARTESIAN_POINT('',(117.754748,-145.106778,1.585));
#5622 = LINE('',#5623,#5624);
#5623 = CARTESIAN_POINT('',(117.734243,-145.137006,1.585));
#5624 = VECTOR('',#5625,1.);
#5625 = DIRECTION('',(0.561372869454,0.82756298941,0.));
#5626 = ORIENTED_EDGE('',*,*,#5627,.T.);
#5627 = EDGE_CURVE('',#5620,#5628,#5630,.T.);
#5628 = VERTEX_POINT('',#5629);
#5629 = CARTESIAN_POINT('',(117.761543,-145.071402,1.585));
#5630 = LINE('',#5631,#5632);
#5631 = CARTESIAN_POINT('',(117.754748,-145.106778,1.585));
#5632 = VECTOR('',#5633,1.);
#5633 = DIRECTION('',(0.188631167701,0.982048004209,0.));
#5634 = ORIENTED_EDGE('',*,*,#5635,.T.);
#5635 = EDGE_CURVE('',#5628,#5636,#5638,.T.);
#5636 = VERTEX_POINT('',#5637);
#5637 = CARTESIAN_POINT('',(117.761543,-143.913893,1.585));
#5638 = LINE('',#5639,#5640);
#5639 = CARTESIAN_POINT('',(117.761543,-145.071402,1.585));
#5640 = VECTOR('',#5641,1.);
#5641 = DIRECTION('',(0.,1.,0.));
#5642 = ORIENTED_EDGE('',*,*,#5643,.T.);
#5643 = EDGE_CURVE('',#5636,#5644,#5646,.T.);
#5644 = VERTEX_POINT('',#5645);
#5645 = CARTESIAN_POINT('',(117.75474,-143.878445,1.585));
#5646 = LINE('',#5647,#5648);
#5647 = CARTESIAN_POINT('',(117.761543,-143.913893,1.585));
#5648 = VECTOR('',#5649,1.);
#5649 = DIRECTION('',(-0.188475401373,0.9820779109,0.));
#5650 = ORIENTED_EDGE('',*,*,#5651,.T.);
#5651 = EDGE_CURVE('',#5644,#5652,#5654,.T.);
#5652 = VERTEX_POINT('',#5653);
#5653 = CARTESIAN_POINT('',(117.734243,-143.848289,1.585));
#5654 = LINE('',#5655,#5656);
#5655 = CARTESIAN_POINT('',(117.75474,-143.878445,1.585));
#5656 = VECTOR('',#5657,1.);
#5657 = DIRECTION('',(-0.562139725562,0.827042277604,0.));
#5658 = ORIENTED_EDGE('',*,*,#5659,.T.);
#5659 = EDGE_CURVE('',#5652,#5660,#5662,.T.);
#5660 = VERTEX_POINT('',#5661);
#5661 = CARTESIAN_POINT('',(117.704186,-143.827623,1.585));
#5662 = LINE('',#5663,#5664);
#5663 = CARTESIAN_POINT('',(117.734243,-143.848289,1.585));
#5664 = VECTOR('',#5665,1.);
#5665 = DIRECTION('',(-0.82401872603,0.566562564199,0.));
#5666 = ORIENTED_EDGE('',*,*,#5667,.T.);
#5667 = EDGE_CURVE('',#5660,#5668,#5670,.T.);
#5668 = VERTEX_POINT('',#5669);
#5669 = CARTESIAN_POINT('',(117.66895,-143.820781,1.585));
#5670 = LINE('',#5671,#5672);
#5671 = CARTESIAN_POINT('',(117.704186,-143.827623,1.585));
#5672 = VECTOR('',#5673,1.);
#5673 = DIRECTION('',(-0.981664655146,0.19061611904,0.));
#5674 = ORIENTED_EDGE('',*,*,#5675,.T.);
#5675 = EDGE_CURVE('',#5668,#5676,#5678,.T.);
#5676 = VERTEX_POINT('',#5677);
#5677 = CARTESIAN_POINT('',(117.272215,-143.820781,1.585));
#5678 = LINE('',#5679,#5680);
#5679 = CARTESIAN_POINT('',(117.66895,-143.820781,1.585));
#5680 = VECTOR('',#5681,1.);
#5681 = DIRECTION('',(-1.,0.,0.));
#5682 = ORIENTED_EDGE('',*,*,#5683,.T.);
#5683 = EDGE_CURVE('',#5676,#5684,#5686,.T.);
#5684 = VERTEX_POINT('',#5685);
#5685 = CARTESIAN_POINT('',(117.236979,-143.827623,1.585));
#5686 = LINE('',#5687,#5688);
#5687 = CARTESIAN_POINT('',(117.272215,-143.820781,1.585));
#5688 = VECTOR('',#5689,1.);
#5689 = DIRECTION('',(-0.981664655146,-0.19061611904,0.));
#5690 = ORIENTED_EDGE('',*,*,#5691,.T.);
#5691 = EDGE_CURVE('',#5684,#5692,#5694,.T.);
#5692 = VERTEX_POINT('',#5693);
#5693 = CARTESIAN_POINT('',(117.206922,-143.848289,1.585));
#5694 = LINE('',#5695,#5696);
#5695 = CARTESIAN_POINT('',(117.236979,-143.827623,1.585));
#5696 = VECTOR('',#5697,1.);
#5697 = DIRECTION('',(-0.82401872603,-0.566562564199,0.));
#5698 = ORIENTED_EDGE('',*,*,#5699,.T.);
#5699 = EDGE_CURVE('',#5692,#5700,#5702,.T.);
#5700 = VERTEX_POINT('',#5701);
#5701 = CARTESIAN_POINT('',(117.186425,-143.878445,1.585));
#5702 = LINE('',#5703,#5704);
#5703 = CARTESIAN_POINT('',(117.206922,-143.848289,1.585));
#5704 = VECTOR('',#5705,1.);
#5705 = DIRECTION('',(-0.562139725562,-0.827042277604,0.));
#5706 = ORIENTED_EDGE('',*,*,#5707,.T.);
#5707 = EDGE_CURVE('',#5700,#5708,#5710,.T.);
#5708 = VERTEX_POINT('',#5709);
#5709 = CARTESIAN_POINT('',(117.179622,-143.913893,1.585));
#5710 = LINE('',#5711,#5712);
#5711 = CARTESIAN_POINT('',(117.186425,-143.878445,1.585));
#5712 = VECTOR('',#5713,1.);
#5713 = DIRECTION('',(-0.188475401373,-0.9820779109,0.));
#5714 = ORIENTED_EDGE('',*,*,#5715,.T.);
#5715 = EDGE_CURVE('',#5708,#5716,#5718,.T.);
#5716 = VERTEX_POINT('',#5717);
#5717 = CARTESIAN_POINT('',(117.179622,-145.033203,1.585));
#5718 = LINE('',#5719,#5720);
#5719 = CARTESIAN_POINT('',(117.179622,-143.913893,1.585));
#5720 = VECTOR('',#5721,1.);
#5721 = DIRECTION('',(0.,-1.,0.));
#5722 = ORIENTED_EDGE('',*,*,#5723,.T.);
#5723 = EDGE_CURVE('',#5716,#5724,#5726,.T.);
#5724 = VERTEX_POINT('',#5725);
#5725 = CARTESIAN_POINT('',(116.984264,-145.033203,1.585));
#5726 = LINE('',#5727,#5728);
#5727 = CARTESIAN_POINT('',(117.179622,-145.033203,1.585));
#5728 = VECTOR('',#5729,1.);
#5729 = DIRECTION('',(-1.,0.,0.));
#5730 = ORIENTED_EDGE('',*,*,#5731,.T.);
#5731 = EDGE_CURVE('',#5724,#5732,#5734,.T.);
#5732 = VERTEX_POINT('',#5733);
#5733 = CARTESIAN_POINT('',(116.984264,-143.991018,1.585));
#5734 = LINE('',#5735,#5736);
#5735 = CARTESIAN_POINT('',(116.984264,-145.033203,1.585));
#5736 = VECTOR('',#5737,1.);
#5737 = DIRECTION('',(0.,1.,0.));
#5738 = ORIENTED_EDGE('',*,*,#5739,.T.);
#5739 = EDGE_CURVE('',#5732,#5740,#5742,.T.);
#5740 = VERTEX_POINT('',#5741);
#5741 = CARTESIAN_POINT('',(116.977439,-143.955579,1.585));
#5742 = LINE('',#5743,#5744);
#5743 = CARTESIAN_POINT('',(116.984264,-143.991018,1.585));
#5744 = VECTOR('',#5745,1.);
#5745 = DIRECTION('',(-0.189109450154,0.981956015238,0.));
#5746 = ORIENTED_EDGE('',*,*,#5747,.T.);
#5747 = EDGE_CURVE('',#5740,#5748,#5750,.T.);
#5748 = VERTEX_POINT('',#5749);
#5749 = CARTESIAN_POINT('',(116.95686,-143.925415,1.585));
#5750 = LINE('',#5751,#5752);
#5751 = CARTESIAN_POINT('',(116.977439,-143.955579,1.585));
#5752 = VECTOR('',#5753,1.);
#5753 = DIRECTION('',(-0.563573038214,0.826066238626,0.));
#5754 = ORIENTED_EDGE('',*,*,#5755,.T.);
#5755 = EDGE_CURVE('',#5748,#5756,#5758,.T.);
#5756 = VERTEX_POINT('',#5757);
#5757 = CARTESIAN_POINT('',(116.926682,-143.904841,1.585));
#5758 = LINE('',#5759,#5760);
#5759 = CARTESIAN_POINT('',(116.95686,-143.925415,1.585));
#5760 = VECTOR('',#5761,1.);
#5761 = DIRECTION('',(-0.826251670587,0.563301142244,0.));
#5762 = ORIENTED_EDGE('',*,*,#5763,.T.);
#5763 = EDGE_CURVE('',#5756,#5764,#5766,.T.);
#5764 = VERTEX_POINT('',#5765);
#5765 = CARTESIAN_POINT('',(116.891153,-143.898011,1.585));
#5766 = LINE('',#5767,#5768);
#5767 = CARTESIAN_POINT('',(116.926682,-143.904841,1.585));
#5768 = VECTOR('',#5769,1.);
#5769 = DIRECTION('',(-0.98201925924,0.188780757708,0.));
#5770 = ORIENTED_EDGE('',*,*,#5771,.T.);
#5771 = EDGE_CURVE('',#5764,#5772,#5774,.T.);
#5772 = VERTEX_POINT('',#5773);
#5773 = CARTESIAN_POINT('',(116.531267,-143.898011,1.585));
#5774 = LINE('',#5775,#5776);
#5775 = CARTESIAN_POINT('',(116.891153,-143.898011,1.585));
#5776 = VECTOR('',#5777,1.);
#5777 = DIRECTION('',(-1.,0.,0.));
#5778 = ORIENTED_EDGE('',*,*,#5779,.T.);
#5779 = EDGE_CURVE('',#5772,#5780,#5782,.T.);
#5780 = VERTEX_POINT('',#5781);
#5781 = CARTESIAN_POINT('',(116.495756,-143.904844,1.585));
#5782 = LINE('',#5783,#5784);
#5783 = CARTESIAN_POINT('',(116.531267,-143.898011,1.585));
#5784 = VECTOR('',#5785,1.);
#5785 = DIRECTION('',(-0.981986125604,-0.188953034166,0.));
#5786 = ORIENTED_EDGE('',*,*,#5787,.T.);
#5787 = EDGE_CURVE('',#5780,#5788,#5790,.T.);
#5788 = VERTEX_POINT('',#5789);
#5789 = CARTESIAN_POINT('',(116.465664,-143.925415,1.585));
#5790 = LINE('',#5791,#5792);
#5791 = CARTESIAN_POINT('',(116.495756,-143.904844,1.585));
#5792 = VECTOR('',#5793,1.);
#5793 = DIRECTION('',(-0.82554068935,-0.564342600047,0.));
#5794 = ORIENTED_EDGE('',*,*,#5795,.T.);
#5795 = EDGE_CURVE('',#5788,#5796,#5798,.T.);
#5796 = VERTEX_POINT('',#5797);
#5797 = CARTESIAN_POINT('',(116.445085,-143.955579,1.585));
#5798 = LINE('',#5799,#5800);
#5799 = CARTESIAN_POINT('',(116.465664,-143.925415,1.585));
#5800 = VECTOR('',#5801,1.);
#5801 = DIRECTION('',(-0.563573038214,-0.826066238626,0.));
#5802 = ORIENTED_EDGE('',*,*,#5803,.T.);
#5803 = EDGE_CURVE('',#5796,#5804,#5806,.T.);
#5804 = VERTEX_POINT('',#5805);
#5805 = CARTESIAN_POINT('',(116.43826,-143.991018,1.585));
#5806 = LINE('',#5807,#5808);
#5807 = CARTESIAN_POINT('',(116.445085,-143.955579,1.585));
#5808 = VECTOR('',#5809,1.);
#5809 = DIRECTION('',(-0.189109450154,-0.981956015238,0.));
#5810 = ORIENTED_EDGE('',*,*,#5811,.T.);
#5811 = EDGE_CURVE('',#5804,#5812,#5814,.T.);
#5812 = VERTEX_POINT('',#5813);
#5813 = CARTESIAN_POINT('',(116.43826,-145.071402,1.585));
#5814 = LINE('',#5815,#5816);
#5815 = CARTESIAN_POINT('',(116.43826,-143.991018,1.585));
#5816 = VECTOR('',#5817,1.);
#5817 = DIRECTION('',(0.,-1.,0.));
#5818 = ORIENTED_EDGE('',*,*,#5819,.T.);
#5819 = EDGE_CURVE('',#5812,#5820,#5822,.T.);
#5820 = VERTEX_POINT('',#5821);
#5821 = CARTESIAN_POINT('',(116.445077,-145.10677,1.585));
#5822 = LINE('',#5823,#5824);
#5823 = CARTESIAN_POINT('',(116.43826,-145.071402,1.585));
#5824 = VECTOR('',#5825,1.);
#5825 = DIRECTION('',(0.189261328861,-0.981926753581,0.));
#5826 = ORIENTED_EDGE('',*,*,#5827,.T.);
#5827 = EDGE_CURVE('',#5820,#5828,#5830,.T.);
#5828 = VERTEX_POINT('',#5829);
#5829 = CARTESIAN_POINT('',(116.465664,-145.137006,1.585));
#5830 = LINE('',#5831,#5832);
#5831 = CARTESIAN_POINT('',(116.445077,-145.10677,1.585));
#5832 = VECTOR('',#5833,1.);
#5833 = DIRECTION('',(0.562805681799,-0.826589235676,0.));
#5834 = ORIENTED_EDGE('',*,*,#5835,.T.);
#5835 = EDGE_CURVE('',#5828,#5836,#5838,.T.);
#5836 = VERTEX_POINT('',#5837);
#5837 = CARTESIAN_POINT('',(116.495756,-145.157576,1.585));
#5838 = LINE('',#5839,#5840);
#5839 = CARTESIAN_POINT('',(116.465664,-145.137006,1.585));
#5840 = VECTOR('',#5841,1.);
#5841 = DIRECTION('',(0.825553470451,-0.564323902937,0.));
#5842 = ORIENTED_EDGE('',*,*,#5843,.T.);
#5843 = EDGE_CURVE('',#5836,#5844,#5846,.T.);
#5844 = VERTEX_POINT('',#5845);
#5845 = CARTESIAN_POINT('',(116.531267,-145.16441,1.585));
#5846 = LINE('',#5847,#5848);
#5847 = CARTESIAN_POINT('',(116.495756,-145.157576,1.585));
#5848 = VECTOR('',#5849,1.);
#5849 = DIRECTION('',(0.981980994273,-0.188979699667,0.));
#5850 = ORIENTED_EDGE('',*,*,#5851,.T.);
#5851 = EDGE_CURVE('',#5844,#5852,#5854,.T.);
#5852 = VERTEX_POINT('',#5853);
#5853 = CARTESIAN_POINT('',(116.593134,-145.16441,1.585));
#5854 = LINE('',#5855,#5856);
#5855 = CARTESIAN_POINT('',(116.531267,-145.16441,1.585));
#5856 = VECTOR('',#5857,1.);
#5857 = DIRECTION('',(1.,0.,0.));
#5858 = ORIENTED_EDGE('',*,*,#5859,.T.);
#5859 = EDGE_CURVE('',#5852,#5860,#5862,.T.);
#5860 = VERTEX_POINT('',#5861);
#5861 = CARTESIAN_POINT('',(116.593134,-145.35956,1.585));
#5862 = LINE('',#5863,#5864);
#5863 = CARTESIAN_POINT('',(116.593134,-145.16441,1.585));
#5864 = VECTOR('',#5865,1.);
#5865 = DIRECTION('',(0.,-1.,0.));
#5866 = ORIENTED_EDGE('',*,*,#5867,.T.);
#5867 = EDGE_CURVE('',#5860,#5868,#5870,.T.);
#5868 = VERTEX_POINT('',#5869);
#5869 = CARTESIAN_POINT('',(116.531682,-145.35956,1.585));
#5870 = LINE('',#5871,#5872);
#5871 = CARTESIAN_POINT('',(116.593134,-145.35956,1.585));
#5872 = VECTOR('',#5873,1.);
#5873 = DIRECTION('',(-1.,0.,0.));
#5874 = ORIENTED_EDGE('',*,*,#5875,.T.);
#5875 = EDGE_CURVE('',#5868,#5876,#5878,.T.);
#5876 = VERTEX_POINT('',#5877);
#5877 = CARTESIAN_POINT('',(116.327484,-145.274476,1.585));
#5878 = CIRCLE('',#5879,0.280014754745);
#5879 = AXIS2_PLACEMENT_3D('',#5880,#5881,#5882);
#5880 = CARTESIAN_POINT('',(116.52852430667,-145.0795630502,1.585));
#5881 = DIRECTION('',(0.,0.,-1.));
#5882 = DIRECTION('',(1.127688190494E-02,-0.999936413946,0.));
#5883 = ORIENTED_EDGE('',*,*,#5884,.T.);
#5884 = EDGE_CURVE('',#5876,#5885,#5887,.T.);
#5885 = VERTEX_POINT('',#5886);
#5886 = CARTESIAN_POINT('',(116.281932,-145.215585,1.585));
#5887 = LINE('',#5888,#5889);
#5888 = CARTESIAN_POINT('',(116.327484,-145.274476,1.585));
#5889 = VECTOR('',#5890,1.);
#5890 = DIRECTION('',(-0.611828549183,0.790990408542,0.));
#5891 = ORIENTED_EDGE('',*,*,#5892,.T.);
#5892 = EDGE_CURVE('',#5885,#5893,#5895,.T.);
#5893 = VERTEX_POINT('',#5894);
#5894 = CARTESIAN_POINT('',(116.252802,-145.146776,1.585));
#5895 = LINE('',#5896,#5897);
#5896 = CARTESIAN_POINT('',(116.281932,-145.215585,1.585));
#5897 = VECTOR('',#5898,1.);
#5898 = DIRECTION('',(-0.389849979663,0.920878381415,0.));
#5899 = ORIENTED_EDGE('',*,*,#5900,.T.);
#5900 = EDGE_CURVE('',#5893,#5901,#5903,.T.);
#5901 = VERTEX_POINT('',#5902);
#5902 = CARTESIAN_POINT('',(116.242902,-145.069222,1.585));
#5903 = LINE('',#5904,#5905);
#5904 = CARTESIAN_POINT('',(116.252802,-145.146776,1.585));
#5905 = VECTOR('',#5906,1.);
#5906 = DIRECTION('',(-0.126625460195,0.991950599995,0.));
#5907 = ORIENTED_EDGE('',*,*,#5908,.T.);
#5908 = EDGE_CURVE('',#5901,#5909,#5911,.T.);
#5909 = VERTEX_POINT('',#5910);
#5910 = CARTESIAN_POINT('',(116.242902,-143.990811,1.585));
#5911 = LINE('',#5912,#5913);
#5912 = CARTESIAN_POINT('',(116.242902,-145.069222,1.585));
#5913 = VECTOR('',#5914,1.);
#5914 = DIRECTION('',(0.,1.,0.));
#5915 = ORIENTED_EDGE('',*,*,#5916,.T.);
#5916 = EDGE_CURVE('',#5909,#5917,#5919,.T.);
#5917 = VERTEX_POINT('',#5918);
#5918 = CARTESIAN_POINT('',(116.327891,-143.785852,1.585));
#5919 = CIRCLE('',#5920,0.281892116563);
#5920 = AXIS2_PLACEMENT_3D('',#5921,#5922,#5923);
#5921 = CARTESIAN_POINT('',(116.52477575172,-143.9875933193,1.585));
#5922 = DIRECTION('',(0.,0.,-1.));
#5923 = DIRECTION('',(-0.999934851536,-1.141458202124E-02,-0.));
#5924 = ORIENTED_EDGE('',*,*,#5925,.T.);
#5925 = EDGE_CURVE('',#5917,#5926,#5928,.T.);
#5926 = VERTEX_POINT('',#5927);
#5927 = CARTESIAN_POINT('',(116.386669,-143.740956,1.585));
#5928 = LINE('',#5929,#5930);
#5929 = CARTESIAN_POINT('',(116.327891,-143.785852,1.585));
#5930 = VECTOR('',#5931,1.);
#5931 = DIRECTION('',(0.794696189481,0.607007385807,0.));
#5932 = ORIENTED_EDGE('',*,*,#5933,.T.);
#5933 = EDGE_CURVE('',#5926,#5934,#5936,.T.);
#5934 = VERTEX_POINT('',#5935);
#5935 = CARTESIAN_POINT('',(116.455246,-143.712544,1.585));
#5936 = LINE('',#5937,#5938);
#5937 = CARTESIAN_POINT('',(116.386669,-143.740956,1.585));
#5938 = VECTOR('',#5939,1.);
#5939 = DIRECTION('',(0.923848682011,0.382757903572,0.));
#5940 = ORIENTED_EDGE('',*,*,#5941,.T.);
#5941 = EDGE_CURVE('',#5934,#5942,#5944,.T.);
#5942 = VERTEX_POINT('',#5943);
#5943 = CARTESIAN_POINT('',(116.956964,-143.711165,1.585));
#5944 = CIRCLE('',#5945,1.751136534456);
#5945 = AXIS2_PLACEMENT_3D('',#5946,#5947,#5948);
#5946 = CARTESIAN_POINT('',(116.71086843522,-145.4449228075,1.585));
#5947 = DIRECTION('',(0.,0.,-1.));
#5948 = DIRECTION('',(-0.145975159674,0.989288255645,0.));
#5949 = ORIENTED_EDGE('',*,*,#5950,.T.);
#5950 = EDGE_CURVE('',#5942,#5951,#5953,.T.);
#5951 = VERTEX_POINT('',#5952);
#5952 = CARTESIAN_POINT('',(117.015198,-143.731199,1.585));
#5953 = LINE('',#5954,#5955);
#5954 = CARTESIAN_POINT('',(116.956964,-143.711165,1.585));
#5955 = VECTOR('',#5956,1.);
#5956 = DIRECTION('',(0.945606387206,-0.325313019221,0.));
#5957 = ORIENTED_EDGE('',*,*,#5958,.T.);
#5958 = EDGE_CURVE('',#5951,#5959,#5961,.T.);
#5959 = VERTEX_POINT('',#5960);
#5960 = CARTESIAN_POINT('',(117.076298,-143.679848,1.585));
#5961 = LINE('',#5962,#5963);
#5962 = CARTESIAN_POINT('',(117.015198,-143.731199,1.585));
#5963 = VECTOR('',#5964,1.);
#5964 = DIRECTION('',(0.765538232756,0.643390405733,0.));
#5965 = ORIENTED_EDGE('',*,*,#5966,.T.);
#5966 = EDGE_CURVE('',#5959,#5967,#5969,.T.);
#5967 = VERTEX_POINT('',#5968);
#5968 = CARTESIAN_POINT('',(117.141319,-143.648468,1.585));
#5969 = LINE('',#5970,#5971);
#5970 = CARTESIAN_POINT('',(117.076298,-143.679848,1.585));
#5971 = VECTOR('',#5972,1.);
#5972 = DIRECTION('',(0.900602866619,0.434642930045,0.));
#5973 = ORIENTED_EDGE('',*,*,#5974,.T.);
#5974 = EDGE_CURVE('',#5967,#5488,#5975,.T.);
#5975 = LINE('',#5976,#5977);
#5976 = CARTESIAN_POINT('',(117.141319,-143.648468,1.585));
#5977 = VECTOR('',#5978,1.);
#5978 = DIRECTION('',(0.969330905059,0.245759224644,0.));
#5979 = PLANE('',#5980);
#5980 = AXIS2_PLACEMENT_3D('',#5981,#5982,#5983);
#5981 = CARTESIAN_POINT('',(0.,0.,1.585));
#5982 = DIRECTION('',(0.,0.,1.));
#5983 = DIRECTION('',(1.,0.,-0.));
#5984 = SHELL_BASED_SURFACE_MODEL('',(#5985));
#5985 = OPEN_SHELL('',(#5986));
#5986 = ADVANCED_FACE('',(#5987,#6214),#6225,.T.);
#5987 = FACE_BOUND('',#5988,.F.);
#5988 = EDGE_LOOP('',(#5989,#6000,#6008,#6017,#6025,#6034,#6042,#6050,
    #6058,#6066,#6074,#6083,#6091,#6100,#6108,#6117,#6125,#6133,#6142,
    #6150,#6159,#6167,#6175,#6183,#6191,#6199,#6208));
#5989 = ORIENTED_EDGE('',*,*,#5990,.T.);
#5990 = EDGE_CURVE('',#5991,#5993,#5995,.T.);
#5991 = VERTEX_POINT('',#5992);
#5992 = CARTESIAN_POINT('',(137.926812,-117.966873,1.585));
#5993 = VERTEX_POINT('',#5994);
#5994 = CARTESIAN_POINT('',(143.85,-123.,1.585));
#5995 = CIRCLE('',#5996,5.100000555429);
#5996 = AXIS2_PLACEMENT_3D('',#5997,#5998,#5999);
#5997 = CARTESIAN_POINT('',(138.74999944457,-123.0000000693,1.585));
#5998 = DIRECTION('',(0.,0.,-1.));
#5999 = DIRECTION('',(-0.161409285278,0.986887553182,0.));
#6000 = ORIENTED_EDGE('',*,*,#6001,.T.);
#6001 = EDGE_CURVE('',#5993,#6002,#6004,.T.);
#6002 = VERTEX_POINT('',#6003);
#6003 = CARTESIAN_POINT('',(143.85,-135.,1.585));
#6004 = LINE('',#6005,#6006);
#6005 = CARTESIAN_POINT('',(143.85,-123.,1.585));
#6006 = VECTOR('',#6007,1.);
#6007 = DIRECTION('',(0.,-1.,0.));
#6008 = ORIENTED_EDGE('',*,*,#6009,.T.);
#6009 = EDGE_CURVE('',#6002,#6010,#6012,.T.);
#6010 = VERTEX_POINT('',#6011);
#6011 = CARTESIAN_POINT('',(137.926812,-140.033127,1.585));
#6012 = CIRCLE('',#6013,5.10000164573);
#6013 = AXIS2_PLACEMENT_3D('',#6014,#6015,#6016);
#6014 = CARTESIAN_POINT('',(138.74999835427,-134.9999986475,1.585));
#6015 = DIRECTION('',(0.,0.,-1.));
#6016 = DIRECTION('',(1.,-2.651931715822E-07,0.));
#6017 = ORIENTED_EDGE('',*,*,#6018,.T.);
#6018 = EDGE_CURVE('',#6010,#6019,#6021,.T.);
#6019 = VERTEX_POINT('',#6020);
#6020 = CARTESIAN_POINT('',(120.852213,-137.240507,1.585));
#6021 = LINE('',#6022,#6023);
#6022 = CARTESIAN_POINT('',(137.926812,-140.033127,1.585));
#6023 = VECTOR('',#6024,1.);
#6024 = DIRECTION('',(-0.986887524282,0.161409461977,0.));
#6025 = ORIENTED_EDGE('',*,*,#6026,.T.);
#6026 = EDGE_CURVE('',#6019,#6027,#6029,.T.);
#6027 = VERTEX_POINT('',#6028);
#6028 = CARTESIAN_POINT('',(115.136823,-133.453541,1.585));
#6029 = CIRCLE('',#6030,8.350000110641);
#6030 = AXIS2_PLACEMENT_3D('',#6031,#6032,#6033);
#6031 = CARTESIAN_POINT('',(122.19999969962,-128.9999989537,1.585));
#6032 = DIRECTION('',(0.,0.,-1.));
#6033 = DIRECTION('',(-0.161411578655,-0.986887178089,-0.));
#6034 = ORIENTED_EDGE('',*,*,#6035,.T.);
#6035 = EDGE_CURVE('',#6027,#6036,#6038,.T.);
#6036 = VERTEX_POINT('',#6037);
#6037 = CARTESIAN_POINT('',(115.001384,-133.222396,1.585));
#6038 = LINE('',#6039,#6040);
#6039 = CARTESIAN_POINT('',(115.136823,-133.453541,1.585));
#6040 = VECTOR('',#6041,1.);
#6041 = DIRECTION('',(-0.50555338181,0.86279532807,0.));
#6042 = ORIENTED_EDGE('',*,*,#6043,.T.);
#6043 = EDGE_CURVE('',#6036,#6044,#6046,.T.);
#6044 = VERTEX_POINT('',#6045);
#6045 = CARTESIAN_POINT('',(115.001384,-132.851482,1.585));
#6046 = LINE('',#6047,#6048);
#6047 = CARTESIAN_POINT('',(115.001384,-133.222396,1.585));
#6048 = VECTOR('',#6049,1.);
#6049 = DIRECTION('',(0.,1.,0.));
#6050 = ORIENTED_EDGE('',*,*,#6051,.T.);
#6051 = EDGE_CURVE('',#6044,#6052,#6054,.T.);
#6052 = VERTEX_POINT('',#6053);
#6053 = CARTESIAN_POINT('',(115.002245,-132.851737,1.585));
#6054 = LINE('',#6055,#6056);
#6055 = CARTESIAN_POINT('',(115.001384,-132.851482,1.585));
#6056 = VECTOR('',#6057,1.);
#6057 = DIRECTION('',(0.958831809639,-0.283974577778,0.));
#6058 = ORIENTED_EDGE('',*,*,#6059,.T.);
#6059 = EDGE_CURVE('',#6052,#6060,#6062,.T.);
#6060 = VERTEX_POINT('',#6061);
#6061 = CARTESIAN_POINT('',(115.037879,-132.889283,1.585));
#6062 = LINE('',#6063,#6064);
#6063 = CARTESIAN_POINT('',(115.002245,-132.851737,1.585));
#6064 = VECTOR('',#6065,1.);
#6065 = DIRECTION('',(0.688397026562,-0.725334084282,0.));
#6066 = ORIENTED_EDGE('',*,*,#6067,.T.);
#6067 = EDGE_CURVE('',#6060,#6068,#6070,.T.);
#6068 = VERTEX_POINT('',#6069);
#6069 = CARTESIAN_POINT('',(115.164527,-133.122419,1.585));
#6070 = LINE('',#6071,#6072);
#6071 = CARTESIAN_POINT('',(115.037879,-132.889283,1.585));
#6072 = VECTOR('',#6073,1.);
#6073 = DIRECTION('',(0.477349358188,-0.878713599666,0.));
#6074 = ORIENTED_EDGE('',*,*,#6075,.T.);
#6075 = EDGE_CURVE('',#6068,#6076,#6078,.T.);
#6076 = VERTEX_POINT('',#6077);
#6077 = CARTESIAN_POINT('',(120.622684,-137.000268,1.585));
#6078 = CIRCLE('',#6079,8.154279120292);
#6079 = AXIS2_PLACEMENT_3D('',#6080,#6081,#6082);
#6080 = CARTESIAN_POINT('',(122.20000171395,-128.9999969545,1.585));
#6081 = DIRECTION('',(0.,0.,1.));
#6082 = DIRECTION('',(-0.862795424362,-0.505553217476,0.));
#6083 = ORIENTED_EDGE('',*,*,#6084,.T.);
#6084 = EDGE_CURVE('',#6076,#6085,#6087,.T.);
#6085 = VERTEX_POINT('',#6086);
#6086 = CARTESIAN_POINT('',(137.268756,-139.722841,1.585));
#6087 = LINE('',#6088,#6089);
#6088 = CARTESIAN_POINT('',(120.622684,-137.000268,1.585));
#6089 = VECTOR('',#6090,1.);
#6090 = DIRECTION('',(0.986887143397,-0.161411790761,0.));
#6091 = ORIENTED_EDGE('',*,*,#6092,.T.);
#6092 = EDGE_CURVE('',#6085,#6093,#6095,.T.);
#6093 = VERTEX_POINT('',#6094);
#6094 = CARTESIAN_POINT('',(135.736631,-138.927099,1.585));
#6095 = CIRCLE('',#6096,4.93952115509);
#6096 = AXIS2_PLACEMENT_3D('',#6097,#6098,#6099);
#6097 = CARTESIAN_POINT('',(138.74435082227,-135.0088735455,1.585));
#6098 = DIRECTION('',(0.,0.,-1.));
#6099 = DIRECTION('',(-0.298732362095,-0.954336929935,-0.));
#6100 = ORIENTED_EDGE('',*,*,#6101,.T.);
#6101 = EDGE_CURVE('',#6093,#6102,#6104,.T.);
#6102 = VERTEX_POINT('',#6103);
#6103 = CARTESIAN_POINT('',(135.405828,-138.649523,1.585));
#6104 = LINE('',#6105,#6106);
#6105 = CARTESIAN_POINT('',(135.736631,-138.927099,1.585));
#6106 = VECTOR('',#6107,1.);
#6107 = DIRECTION('',(-0.766045213132,0.64278669202,0.));
#6108 = ORIENTED_EDGE('',*,*,#6109,.T.);
#6109 = EDGE_CURVE('',#6102,#6110,#6112,.T.);
#6110 = VERTEX_POINT('',#6111);
#6111 = CARTESIAN_POINT('',(143.582665,-133.928624,1.585));
#6112 = CIRCLE('',#6113,4.950000134387);
#6113 = AXIS2_PLACEMENT_3D('',#6114,#6115,#6116);
#6114 = CARTESIAN_POINT('',(138.74999962783,-135.0000000922,1.585));
#6115 = DIRECTION('',(0.,0.,-1.));
#6116 = DIRECTION('',(-0.675590209504,-0.73727733508,-0.));
#6117 = ORIENTED_EDGE('',*,*,#6118,.T.);
#6118 = EDGE_CURVE('',#6110,#6119,#6121,.T.);
#6119 = VERTEX_POINT('',#6120);
#6120 = CARTESIAN_POINT('',(143.65,-134.310498,1.585));
#6121 = LINE('',#6122,#6123);
#6122 = CARTESIAN_POINT('',(143.582665,-133.928624,1.585));
#6123 = VECTOR('',#6124,1.);
#6124 = DIRECTION('',(0.173648954437,-0.984807616046,0.));
#6125 = ORIENTED_EDGE('',*,*,#6126,.T.);
#6126 = EDGE_CURVE('',#6119,#6127,#6129,.T.);
#6127 = VERTEX_POINT('',#6128);
#6128 = CARTESIAN_POINT('',(143.649939,-122.787588,1.585));
#6129 = LINE('',#6130,#6131);
#6130 = CARTESIAN_POINT('',(143.65,-134.310498,1.585));
#6131 = VECTOR('',#6132,1.);
#6132 = DIRECTION('',(-5.293801653893E-06,0.999999999986,0.));
#6133 = ORIENTED_EDGE('',*,*,#6134,.T.);
#6134 = EDGE_CURVE('',#6127,#6135,#6137,.T.);
#6135 = VERTEX_POINT('',#6136);
#6136 = CARTESIAN_POINT('',(138.168731,-118.130026,1.585));
#6137 = CIRCLE('',#6138,4.904541046739);
#6138 = AXIS2_PLACEMENT_3D('',#6139,#6140,#6141);
#6139 = CARTESIAN_POINT('',(138.7499998264,-123.0000002741,1.585));
#6140 = DIRECTION('',(0.,0.,1.));
#6141 = DIRECTION('',(0.999061711769,4.330930704769E-02,-0.));
#6142 = ORIENTED_EDGE('',*,*,#6143,.T.);
#6143 = EDGE_CURVE('',#6135,#6144,#6146,.T.);
#6144 = VERTEX_POINT('',#6145);
#6145 = CARTESIAN_POINT('',(120.622683,-120.999732,1.585));
#6146 = LINE('',#6147,#6148);
#6147 = CARTESIAN_POINT('',(138.168731,-118.130026,1.585));
#6148 = VECTOR('',#6149,1.);
#6149 = DIRECTION('',(-0.986887716001,-0.161408289772,0.));
#6150 = ORIENTED_EDGE('',*,*,#6151,.T.);
#6151 = EDGE_CURVE('',#6144,#6152,#6154,.T.);
#6152 = VERTEX_POINT('',#6153);
#6153 = CARTESIAN_POINT('',(115.164527,-124.877582,1.585));
#6154 = CIRCLE('',#6155,8.154278675279);
#6155 = AXIS2_PLACEMENT_3D('',#6156,#6157,#6158);
#6156 = CARTESIAN_POINT('',(122.20000222438,-129.000002294,1.585));
#6157 = DIRECTION('',(0.,0.,1.));
#6158 = DIRECTION('',(-0.193434549787,0.981113181518,0.));
#6159 = ORIENTED_EDGE('',*,*,#6160,.T.);
#6160 = EDGE_CURVE('',#6152,#6161,#6163,.T.);
#6161 = VERTEX_POINT('',#6162);
#6162 = CARTESIAN_POINT('',(115.037879,-125.110718,1.585));
#6163 = LINE('',#6164,#6165);
#6164 = CARTESIAN_POINT('',(115.164527,-124.877582,1.585));
#6165 = VECTOR('',#6166,1.);
#6166 = DIRECTION('',(-0.477349358188,-0.878713599666,0.));
#6167 = ORIENTED_EDGE('',*,*,#6168,.T.);
#6168 = EDGE_CURVE('',#6161,#6169,#6171,.T.);
#6169 = VERTEX_POINT('',#6170);
#6170 = CARTESIAN_POINT('',(115.002245,-125.148264,1.585));
#6171 = LINE('',#6172,#6173);
#6172 = CARTESIAN_POINT('',(115.037879,-125.110718,1.585));
#6173 = VECTOR('',#6174,1.);
#6174 = DIRECTION('',(-0.688397026562,-0.725334084282,0.));
#6175 = ORIENTED_EDGE('',*,*,#6176,.T.);
#6176 = EDGE_CURVE('',#6169,#6177,#6179,.T.);
#6177 = VERTEX_POINT('',#6178);
#6178 = CARTESIAN_POINT('',(115.001384,-125.148518,1.585));
#6179 = LINE('',#6180,#6181);
#6180 = CARTESIAN_POINT('',(115.002245,-125.148264,1.585));
#6181 = VECTOR('',#6182,1.);
#6182 = DIRECTION('',(-0.959134580766,-0.282950271211,0.));
#6183 = ORIENTED_EDGE('',*,*,#6184,.T.);
#6184 = EDGE_CURVE('',#6177,#6185,#6187,.T.);
#6185 = VERTEX_POINT('',#6186);
#6186 = CARTESIAN_POINT('',(115.001384,-124.777604,1.585));
#6187 = LINE('',#6188,#6189);
#6188 = CARTESIAN_POINT('',(115.001384,-125.148518,1.585));
#6189 = VECTOR('',#6190,1.);
#6190 = DIRECTION('',(0.,1.,0.));
#6191 = ORIENTED_EDGE('',*,*,#6192,.T.);
#6192 = EDGE_CURVE('',#6185,#6193,#6195,.T.);
#6193 = VERTEX_POINT('',#6194);
#6194 = CARTESIAN_POINT('',(115.136823,-124.54646,1.585));
#6195 = LINE('',#6196,#6197);
#6196 = CARTESIAN_POINT('',(115.001384,-124.777604,1.585));
#6197 = VECTOR('',#6198,1.);
#6198 = DIRECTION('',(0.505555009978,0.862794374046,0.));
#6199 = ORIENTED_EDGE('',*,*,#6200,.T.);
#6200 = EDGE_CURVE('',#6193,#6201,#6203,.T.);
#6201 = VERTEX_POINT('',#6202);
#6202 = CARTESIAN_POINT('',(120.852231,-120.759489,1.585));
#6203 = CIRCLE('',#6204,8.35000096067);
#6204 = AXIS2_PLACEMENT_3D('',#6205,#6206,#6207);
#6205 = CARTESIAN_POINT('',(122.20000165996,-129.0000005309,1.585));
#6206 = DIRECTION('',(0.,0.,-1.));
#6207 = DIRECTION('',(-0.845889562556,0.533358086053,0.));
#6208 = ORIENTED_EDGE('',*,*,#6209,.T.);
#6209 = EDGE_CURVE('',#6201,#5991,#6210,.T.);
#6210 = LINE('',#6211,#6212);
#6211 = CARTESIAN_POINT('',(120.852231,-120.759489,1.585));
#6212 = VECTOR('',#6213,1.);
#6213 = DIRECTION('',(0.986887534005,0.16140940253,0.));
#6214 = FACE_BOUND('',#6215,.F.);
#6215 = EDGE_LOOP('',(#6216));
#6216 = ORIENTED_EDGE('',*,*,#6217,.T.);
#6217 = EDGE_CURVE('',#6218,#6218,#6220,.T.);
#6218 = VERTEX_POINT('',#6219);
#6219 = CARTESIAN_POINT('',(141.8,-135.,1.585));
#6220 = CIRCLE('',#6221,3.);
#6221 = AXIS2_PLACEMENT_3D('',#6222,#6223,#6224);
#6222 = CARTESIAN_POINT('',(138.8,-135.,1.585));
#6223 = DIRECTION('',(0.,0.,1.));
#6224 = DIRECTION('',(1.,0.,-0.));
#6225 = PLANE('',#6226);
#6226 = AXIS2_PLACEMENT_3D('',#6227,#6228,#6229);
#6227 = CARTESIAN_POINT('',(0.,0.,1.585));
#6228 = DIRECTION('',(0.,0.,1.));
#6229 = DIRECTION('',(1.,0.,-0.));
#6230 = SHELL_BASED_SURFACE_MODEL('',(#6231));
#6231 = OPEN_SHELL('',(#6232));
#6232 = ADVANCED_FACE('',(#6233),#6292,.T.);
#6233 = FACE_BOUND('',#6234,.F.);
#6234 = EDGE_LOOP('',(#6235,#6246,#6254,#6262,#6270,#6278,#6286));
#6235 = ORIENTED_EDGE('',*,*,#6236,.T.);
#6236 = EDGE_CURVE('',#6237,#6239,#6241,.T.);
#6237 = VERTEX_POINT('',#6238);
#6238 = CARTESIAN_POINT('',(118.937776,-134.944574,1.585));
#6239 = VERTEX_POINT('',#6240);
#6240 = CARTESIAN_POINT('',(118.68296,-134.797456,1.585));
#6241 = CIRCLE('',#6242,0.150000237588);
#6242 = AXIS2_PLACEMENT_3D('',#6243,#6244,#6245);
#6243 = CARTESIAN_POINT('',(118.82499969145,-134.8456721521,1.585));
#6244 = DIRECTION('',(-0.,0.,-1.));
#6245 = DIRECTION('',(0.751840866148,-0.659344607918,-0.));
#6246 = ORIENTED_EDGE('',*,*,#6247,.T.);
#6247 = EDGE_CURVE('',#6239,#6248,#6250,.T.);
#6248 = VERTEX_POINT('',#6249);
#6249 = CARTESIAN_POINT('',(120.337224,-131.932187,1.585));
#6250 = LINE('',#6251,#6252);
#6251 = CARTESIAN_POINT('',(118.68296,-134.797456,1.585));
#6252 = VECTOR('',#6253,1.);
#6253 = DIRECTION('',(0.500000038888,0.866025381332,0.));
#6254 = ORIENTED_EDGE('',*,*,#6255,.T.);
#6255 = EDGE_CURVE('',#6248,#6256,#6258,.T.);
#6256 = VERTEX_POINT('',#6257);
#6257 = CARTESIAN_POINT('',(120.340059,-131.930011,1.585));
#6258 = LINE('',#6259,#6260);
#6259 = CARTESIAN_POINT('',(120.337224,-131.932187,1.585));
#6260 = VECTOR('',#6261,1.);
#6261 = DIRECTION('',(0.793268466725,0.608872022431,0.));
#6262 = ORIENTED_EDGE('',*,*,#6263,.T.);
#6263 = EDGE_CURVE('',#6256,#6264,#6266,.T.);
#6264 = VERTEX_POINT('',#6265);
#6265 = CARTESIAN_POINT('',(120.447872,-132.00205,1.585));
#6266 = LINE('',#6267,#6268);
#6267 = CARTESIAN_POINT('',(120.340059,-131.930011,1.585));
#6268 = VECTOR('',#6269,1.);
#6269 = DIRECTION('',(0.831467273454,-0.555573733338,0.));
#6270 = ORIENTED_EDGE('',*,*,#6271,.T.);
#6271 = EDGE_CURVE('',#6264,#6272,#6274,.T.);
#6272 = VERTEX_POINT('',#6273);
#6273 = CARTESIAN_POINT('',(120.592064,-132.079122,1.585));
#6274 = LINE('',#6275,#6276);
#6275 = CARTESIAN_POINT('',(120.447872,-132.00205,1.585));
#6276 = VECTOR('',#6277,1.);
#6277 = DIRECTION('',(0.881921848458,-0.471395644033,0.));
#6278 = ORIENTED_EDGE('',*,*,#6279,.T.);
#6279 = EDGE_CURVE('',#6272,#6280,#6282,.T.);
#6280 = VERTEX_POINT('',#6281);
#6281 = CARTESIAN_POINT('',(120.59204,-132.079305,1.585));
#6282 = LINE('',#6283,#6284);
#6283 = CARTESIAN_POINT('',(120.592064,-132.079122,1.585));
#6284 = VECTOR('',#6285,1.);
#6285 = DIRECTION('',(-0.130034036785,-0.991509530603,0.));
#6286 = ORIENTED_EDGE('',*,*,#6287,.T.);
#6287 = EDGE_CURVE('',#6280,#6237,#6288,.T.);
#6288 = LINE('',#6289,#6290);
#6289 = CARTESIAN_POINT('',(120.59204,-132.079305,1.585));
#6290 = VECTOR('',#6291,1.);
#6291 = DIRECTION('',(-0.500000038888,-0.866025381332,0.));
#6292 = PLANE('',#6293);
#6293 = AXIS2_PLACEMENT_3D('',#6294,#6295,#6296);
#6294 = CARTESIAN_POINT('',(0.,0.,1.585));
#6295 = DIRECTION('',(0.,0.,1.));
#6296 = DIRECTION('',(1.,0.,-0.));
#6297 = SHELL_BASED_SURFACE_MODEL('',(#6298));
#6298 = OPEN_SHELL('',(#6299));
#6299 = ADVANCED_FACE('',(#6300),#6343,.T.);
#6300 = FACE_BOUND('',#6301,.F.);
#6301 = EDGE_LOOP('',(#6302,#6312,#6320,#6328,#6337));
#6302 = ORIENTED_EDGE('',*,*,#6303,.T.);
#6303 = EDGE_CURVE('',#6304,#6306,#6308,.T.);
#6304 = VERTEX_POINT('',#6305);
#6305 = CARTESIAN_POINT('',(123.83015,-132.11774,1.585));
#6306 = VERTEX_POINT('',#6307);
#6307 = CARTESIAN_POINT('',(124.046592,-132.00205,1.585));
#6308 = LINE('',#6309,#6310);
#6309 = CARTESIAN_POINT('',(123.83015,-132.11774,1.585));
#6310 = VECTOR('',#6311,1.);
#6311 = DIRECTION('',(0.881922381158,0.471394647417,0.));
#6312 = ORIENTED_EDGE('',*,*,#6313,.T.);
#6313 = EDGE_CURVE('',#6306,#6314,#6316,.T.);
#6314 = VERTEX_POINT('',#6315);
#6315 = CARTESIAN_POINT('',(124.087377,-131.974797,1.585));
#6316 = LINE('',#6317,#6318);
#6317 = CARTESIAN_POINT('',(124.046592,-132.00205,1.585));
#6318 = VECTOR('',#6319,1.);
#6319 = DIRECTION('',(0.831457047083,0.555589037739,0.));
#6320 = ORIENTED_EDGE('',*,*,#6321,.T.);
#6321 = EDGE_CURVE('',#6314,#6322,#6324,.T.);
#6322 = VERTEX_POINT('',#6323);
#6323 = CARTESIAN_POINT('',(125.71704,-134.797456,1.585));
#6324 = LINE('',#6325,#6326);
#6325 = CARTESIAN_POINT('',(124.087377,-131.974797,1.585));
#6326 = VECTOR('',#6327,1.);
#6327 = DIRECTION('',(0.500000015307,-0.866025394947,0.));
#6328 = ORIENTED_EDGE('',*,*,#6329,.T.);
#6329 = EDGE_CURVE('',#6322,#6330,#6332,.T.);
#6330 = VERTEX_POINT('',#6331);
#6331 = CARTESIAN_POINT('',(125.462224,-134.944574,1.585));
#6332 = CIRCLE('',#6333,0.150000349199);
#6333 = AXIS2_PLACEMENT_3D('',#6334,#6335,#6336);
#6334 = CARTESIAN_POINT('',(125.5750000225,-134.8456716567,1.585));
#6335 = DIRECTION('',(0.,0.,-1.));
#6336 = DIRECTION('',(0.946930978882,0.321436963079,0.));
#6337 = ORIENTED_EDGE('',*,*,#6338,.T.);
#6338 = EDGE_CURVE('',#6330,#6304,#6339,.T.);
#6339 = LINE('',#6340,#6341);
#6340 = CARTESIAN_POINT('',(125.462224,-134.944574,1.585));
#6341 = VECTOR('',#6342,1.);
#6342 = DIRECTION('',(-0.500000144558,0.866025320324,0.));
#6343 = PLANE('',#6344);
#6344 = AXIS2_PLACEMENT_3D('',#6345,#6346,#6347);
#6345 = CARTESIAN_POINT('',(0.,0.,1.585));
#6346 = DIRECTION('',(0.,0.,1.));
#6347 = DIRECTION('',(1.,0.,-0.));
#6348 = SHELL_BASED_SURFACE_MODEL('',(#6349));
#6349 = OPEN_SHELL('',(#6350));
#6350 = ADVANCED_FACE('',(#6351),#6410,.T.);
#6351 = FACE_BOUND('',#6352,.F.);
#6352 = EDGE_LOOP('',(#6353,#6364,#6372,#6380,#6388,#6396,#6404));
#6353 = ORIENTED_EDGE('',*,*,#6354,.T.);
#6354 = EDGE_CURVE('',#6355,#6357,#6359,.T.);
#6355 = VERTEX_POINT('',#6356);
#6356 = CARTESIAN_POINT('',(117.15681,-134.251246,1.585));
#6357 = VERTEX_POINT('',#6358);
#6358 = CARTESIAN_POINT('',(116.948754,-134.04319,1.585));
#6359 = CIRCLE('',#6360,0.150000166887);
#6360 = AXIS2_PLACEMENT_3D('',#6361,#6362,#6363);
#6361 = CARTESIAN_POINT('',(117.073475,-134.126525,1.585));
#6362 = DIRECTION('',(0.,0.,-1.));
#6363 = DIRECTION('',(0.555566048557,-0.831472408256,0.));
#6364 = ORIENTED_EDGE('',*,*,#6365,.T.);
#6365 = EDGE_CURVE('',#6357,#6366,#6368,.T.);
#6366 = VERTEX_POINT('',#6367);
#6367 = CARTESIAN_POINT('',(119.641791,-131.350153,1.585));
#6368 = LINE('',#6369,#6370);
#6369 = CARTESIAN_POINT('',(116.948754,-134.04319,1.585));
#6370 = VECTOR('',#6371,1.);
#6371 = DIRECTION('',(0.707106781187,0.707106781187,0.));
#6372 = ORIENTED_EDGE('',*,*,#6373,.T.);
#6373 = EDGE_CURVE('',#6366,#6374,#6376,.T.);
#6374 = VERTEX_POINT('',#6375);
#6375 = CARTESIAN_POINT('',(119.650644,-131.346485,1.585));
#6376 = LINE('',#6377,#6378);
#6377 = CARTESIAN_POINT('',(119.641791,-131.350153,1.585));
#6378 = VECTOR('',#6379,1.);
#6379 = DIRECTION('',(0.92384383913,0.382769592447,0.));
#6380 = ORIENTED_EDGE('',*,*,#6381,.T.);
#6381 = EDGE_CURVE('',#6374,#6382,#6384,.T.);
#6382 = VERTEX_POINT('',#6383);
#6383 = CARTESIAN_POINT('',(119.653903,-131.350456,1.585));
#6384 = LINE('',#6385,#6386);
#6385 = CARTESIAN_POINT('',(119.650644,-131.346485,1.585));
#6386 = VECTOR('',#6387,1.);
#6387 = DIRECTION('',(0.634403115605,-0.773002384803,0.));
#6388 = ORIENTED_EDGE('',*,*,#6389,.T.);
#6389 = EDGE_CURVE('',#6382,#6390,#6392,.T.);
#6390 = VERTEX_POINT('',#6391);
#6391 = CARTESIAN_POINT('',(119.853305,-131.549858,1.585));
#6392 = LINE('',#6393,#6394);
#6393 = CARTESIAN_POINT('',(119.653903,-131.350456,1.585));
#6394 = VECTOR('',#6395,1.);
#6395 = DIRECTION('',(0.707106781187,-0.707106781187,0.));
#6396 = ORIENTED_EDGE('',*,*,#6397,.T.);
#6397 = EDGE_CURVE('',#6390,#6398,#6400,.T.);
#6398 = VERTEX_POINT('',#6399);
#6399 = CARTESIAN_POINT('',(119.849847,-131.558209,1.585));
#6400 = LINE('',#6401,#6402);
#6401 = CARTESIAN_POINT('',(119.853305,-131.549858,1.585));
#6402 = VECTOR('',#6403,1.);
#6403 = DIRECTION('',(-0.382579792636,-0.923922454683,0.));
#6404 = ORIENTED_EDGE('',*,*,#6405,.T.);
#6405 = EDGE_CURVE('',#6398,#6355,#6406,.T.);
#6406 = LINE('',#6407,#6408);
#6407 = CARTESIAN_POINT('',(119.849847,-131.558209,1.585));
#6408 = VECTOR('',#6409,1.);
#6409 = DIRECTION('',(-0.707106781187,-0.707106781187,0.));
#6410 = PLANE('',#6411);
#6411 = AXIS2_PLACEMENT_3D('',#6412,#6413,#6414);
#6412 = CARTESIAN_POINT('',(0.,0.,1.585));
#6413 = DIRECTION('',(0.,0.,1.));
#6414 = DIRECTION('',(1.,0.,-0.));
#6415 = SHELL_BASED_SURFACE_MODEL('',(#6416));
#6416 = OPEN_SHELL('',(#6417));
#6417 = ADVANCED_FACE('',(#6418),#6461,.T.);
#6418 = FACE_BOUND('',#6419,.F.);
#6419 = EDGE_LOOP('',(#6420,#6430,#6438,#6446,#6455));
#6420 = ORIENTED_EDGE('',*,*,#6421,.T.);
#6421 = EDGE_CURVE('',#6422,#6424,#6426,.T.);
#6422 = VERTEX_POINT('',#6423);
#6423 = CARTESIAN_POINT('',(124.590868,-131.598925,1.585));
#6424 = VERTEX_POINT('',#6425);
#6425 = CARTESIAN_POINT('',(124.597688,-131.593329,1.585));
#6426 = LINE('',#6427,#6428);
#6427 = CARTESIAN_POINT('',(124.590868,-131.598925,1.585));
#6428 = VECTOR('',#6429,1.);
#6429 = DIRECTION('',(0.773067669396,0.634323559814,0.));
#6430 = ORIENTED_EDGE('',*,*,#6431,.T.);
#6431 = EDGE_CURVE('',#6424,#6432,#6434,.T.);
#6432 = VERTEX_POINT('',#6433);
#6433 = CARTESIAN_POINT('',(124.799536,-131.391481,1.585));
#6434 = LINE('',#6435,#6436);
#6435 = CARTESIAN_POINT('',(124.597688,-131.593329,1.585));
#6436 = VECTOR('',#6437,1.);
#6437 = DIRECTION('',(0.707106781187,0.707106781187,0.));
#6438 = ORIENTED_EDGE('',*,*,#6439,.T.);
#6439 = EDGE_CURVE('',#6432,#6440,#6442,.T.);
#6440 = VERTEX_POINT('',#6441);
#6441 = CARTESIAN_POINT('',(127.451245,-134.04319,1.585));
#6442 = LINE('',#6443,#6444);
#6443 = CARTESIAN_POINT('',(124.799536,-131.391481,1.585));
#6444 = VECTOR('',#6445,1.);
#6445 = DIRECTION('',(0.707106781187,-0.707106781187,0.));
#6446 = ORIENTED_EDGE('',*,*,#6447,.T.);
#6447 = EDGE_CURVE('',#6440,#6448,#6450,.T.);
#6448 = VERTEX_POINT('',#6449);
#6449 = CARTESIAN_POINT('',(127.243189,-134.251246,1.585));
#6450 = CIRCLE('',#6451,0.150000166887);
#6451 = AXIS2_PLACEMENT_3D('',#6452,#6453,#6454);
#6452 = CARTESIAN_POINT('',(127.326524,-134.126525,1.585));
#6453 = DIRECTION('',(0.,0.,-1.));
#6454 = DIRECTION('',(0.831472408256,0.555566048557,0.));
#6455 = ORIENTED_EDGE('',*,*,#6456,.T.);
#6456 = EDGE_CURVE('',#6448,#6422,#6457,.T.);
#6457 = LINE('',#6458,#6459);
#6458 = CARTESIAN_POINT('',(127.243189,-134.251246,1.585));
#6459 = VECTOR('',#6460,1.);
#6460 = DIRECTION('',(-0.707106781187,0.707106781187,0.));
#6461 = PLANE('',#6462);
#6462 = AXIS2_PLACEMENT_3D('',#6463,#6464,#6465);
#6463 = CARTESIAN_POINT('',(0.,0.,1.585));
#6464 = DIRECTION('',(0.,0.,1.));
#6465 = DIRECTION('',(1.,0.,-0.));
#6466 = SHELL_BASED_SURFACE_MODEL('',(#6467));
#6467 = OPEN_SHELL('',(#6468));
#6468 = ADVANCED_FACE('',(#6469),#6528,.T.);
#6469 = FACE_BOUND('',#6470,.F.);
#6470 = EDGE_LOOP('',(#6471,#6482,#6490,#6498,#6506,#6514,#6522));
#6471 = ORIENTED_EDGE('',*,*,#6472,.T.);
#6472 = EDGE_CURVE('',#6473,#6475,#6477,.T.);
#6473 = VERTEX_POINT('',#6474);
#6474 = CARTESIAN_POINT('',(116.386472,-132.469693,1.585));
#6475 = VERTEX_POINT('',#6476);
#6476 = CARTESIAN_POINT('',(116.288393,-132.299816,1.585));
#6477 = CIRCLE('',#6478,0.100000105172);
#6478 = AXIS2_PLACEMENT_3D('',#6479,#6480,#6481);
#6479 = CARTESIAN_POINT('',(116.3543277386,-132.3749999828,1.585));
#6480 = DIRECTION('',(0.,0.,-1.));
#6481 = DIRECTION('',(0.321442275912,-0.946929175417,0.));
#6482 = ORIENTED_EDGE('',*,*,#6483,.T.);
#6483 = EDGE_CURVE('',#6475,#6484,#6486,.T.);
#6484 = VERTEX_POINT('',#6485);
#6485 = CARTESIAN_POINT('',(119.136766,-130.655307,1.585));
#6486 = LINE('',#6487,#6488);
#6487 = CARTESIAN_POINT('',(116.288393,-132.299816,1.585));
#6488 = VECTOR('',#6489,1.);
#6489 = DIRECTION('',(0.866025393029,0.50000001863,0.));
#6490 = ORIENTED_EDGE('',*,*,#6491,.T.);
#6491 = EDGE_CURVE('',#6484,#6492,#6494,.T.);
#6492 = VERTEX_POINT('',#6493);
#6493 = CARTESIAN_POINT('',(119.166118,-130.651442,1.585));
#6494 = LINE('',#6495,#6496);
#6495 = CARTESIAN_POINT('',(119.136766,-130.655307,1.585));
#6496 = VECTOR('',#6497,1.);
#6497 = DIRECTION('',(0.991441644384,0.130550625359,0.));
#6498 = ORIENTED_EDGE('',*,*,#6499,.T.);
#6499 = EDGE_CURVE('',#6492,#6500,#6502,.T.);
#6500 = VERTEX_POINT('',#6501);
#6501 = CARTESIAN_POINT('',(119.245182,-130.79936,1.585));
#6502 = LINE('',#6503,#6504);
#6503 = CARTESIAN_POINT('',(119.166118,-130.651442,1.585));
#6504 = VECTOR('',#6505,1.);
#6505 = DIRECTION('',(0.471397579858,-0.881920813738,0.));
#6506 = ORIENTED_EDGE('',*,*,#6507,.T.);
#6507 = EDGE_CURVE('',#6500,#6508,#6510,.T.);
#6508 = VERTEX_POINT('',#6509);
#6509 = CARTESIAN_POINT('',(119.249594,-130.805963,1.585));
#6510 = LINE('',#6511,#6512);
#6511 = CARTESIAN_POINT('',(119.245182,-130.79936,1.585));
#6512 = VECTOR('',#6513,1.);
#6513 = DIRECTION('',(0.555571665419,-0.831468655202,0.));
#6514 = ORIENTED_EDGE('',*,*,#6515,.T.);
#6515 = EDGE_CURVE('',#6508,#6516,#6518,.T.);
#6516 = VERTEX_POINT('',#6517);
#6517 = CARTESIAN_POINT('',(119.234845,-130.825185,1.585));
#6518 = LINE('',#6519,#6520);
#6519 = CARTESIAN_POINT('',(119.249594,-130.805963,1.585));
#6520 = VECTOR('',#6521,1.);
#6521 = DIRECTION('',(-0.608746897716,-0.793364490333,0.));
#6522 = ORIENTED_EDGE('',*,*,#6523,.T.);
#6523 = EDGE_CURVE('',#6516,#6473,#6524,.T.);
#6524 = LINE('',#6525,#6526);
#6525 = CARTESIAN_POINT('',(119.234845,-130.825185,1.585));
#6526 = VECTOR('',#6527,1.);
#6527 = DIRECTION('',(-0.866025524683,-0.499999790598,0.));
#6528 = PLANE('',#6529);
#6529 = AXIS2_PLACEMENT_3D('',#6530,#6531,#6532);
#6530 = CARTESIAN_POINT('',(0.,0.,1.585));
#6531 = DIRECTION('',(0.,0.,1.));
#6532 = DIRECTION('',(1.,0.,-0.));
#6533 = SHELL_BASED_SURFACE_MODEL('',(#6534));
#6534 = OPEN_SHELL('',(#6535));
#6535 = ADVANCED_FACE('',(#6536),#6579,.T.);
#6536 = FACE_BOUND('',#6537,.F.);
#6537 = EDGE_LOOP('',(#6538,#6548,#6556,#6564,#6573));
#6538 = ORIENTED_EDGE('',*,*,#6539,.T.);
#6539 = EDGE_CURVE('',#6540,#6542,#6544,.T.);
#6540 = VERTEX_POINT('',#6541);
#6541 = CARTESIAN_POINT('',(125.21341,-130.853045,1.585));
#6542 = VERTEX_POINT('',#6543);
#6543 = CARTESIAN_POINT('',(125.249282,-130.79936,1.585));
#6544 = LINE('',#6545,#6546);
#6545 = CARTESIAN_POINT('',(125.21341,-130.853045,1.585));
#6546 = VECTOR('',#6547,1.);
#6547 = DIRECTION('',(0.555579118219,0.831463675334,0.));
#6548 = ORIENTED_EDGE('',*,*,#6549,.T.);
#6549 = EDGE_CURVE('',#6542,#6550,#6552,.T.);
#6550 = VERTEX_POINT('',#6551);
#6551 = CARTESIAN_POINT('',(125.311411,-130.683123,1.585));
#6552 = LINE('',#6553,#6554);
#6553 = CARTESIAN_POINT('',(125.249282,-130.79936,1.585));
#6554 = VECTOR('',#6555,1.);
#6555 = DIRECTION('',(0.471391007203,0.881924326872,0.));
#6556 = ORIENTED_EDGE('',*,*,#6557,.T.);
#6557 = EDGE_CURVE('',#6550,#6558,#6560,.T.);
#6558 = VERTEX_POINT('',#6559);
#6559 = CARTESIAN_POINT('',(128.111605,-132.299815,1.585));
#6560 = LINE('',#6561,#6562);
#6561 = CARTESIAN_POINT('',(125.311411,-130.683123,1.585));
#6562 = VECTOR('',#6563,1.);
#6563 = DIRECTION('',(0.866025505521,-0.499999823788,0.));
#6564 = ORIENTED_EDGE('',*,*,#6565,.T.);
#6565 = EDGE_CURVE('',#6558,#6566,#6568,.T.);
#6566 = VERTEX_POINT('',#6567);
#6567 = CARTESIAN_POINT('',(128.013526,-132.469693,1.585));
#6568 = CIRCLE('',#6569,0.100000442863);
#6569 = AXIS2_PLACEMENT_3D('',#6570,#6571,#6572);
#6570 = CARTESIAN_POINT('',(128.04567062275,-132.3749997489,1.585));
#6571 = DIRECTION('',(0.,0.,-1.));
#6572 = DIRECTION('',(0.659340852522,0.751844159514,0.));
#6573 = ORIENTED_EDGE('',*,*,#6574,.T.);
#6574 = EDGE_CURVE('',#6566,#6540,#6575,.T.);
#6575 = LINE('',#6576,#6577);
#6576 = CARTESIAN_POINT('',(128.013526,-132.469693,1.585));
#6577 = VECTOR('',#6578,1.);
#6578 = DIRECTION('',(-0.866025367138,0.500000063473,0.));
#6579 = PLANE('',#6580);
#6580 = AXIS2_PLACEMENT_3D('',#6581,#6582,#6583);
#6581 = CARTESIAN_POINT('',(0.,0.,1.585));
#6582 = DIRECTION('',(0.,0.,1.));
#6583 = DIRECTION('',(1.,0.,-0.));
#6584 = SHELL_BASED_SURFACE_MODEL('',(#6585));
#6585 = OPEN_SHELL('',(#6586));
#6586 = ADVANCED_FACE('',(#6587),#6646,.T.);
#6587 = FACE_BOUND('',#6588,.F.);
#6588 = EDGE_LOOP('',(#6589,#6600,#6608,#6616,#6624,#6632,#6640));
#6589 = ORIENTED_EDGE('',*,*,#6590,.T.);
#6590 = EDGE_CURVE('',#6591,#6593,#6595,.T.);
#6591 = VERTEX_POINT('',#6592);
#6592 = CARTESIAN_POINT('',(115.68654,-130.846815,1.585));
#6593 = VERTEX_POINT('',#6594);
#6594 = CARTESIAN_POINT('',(115.635771,-130.657341,1.585));
#6595 = CIRCLE('',#6596,0.100000305378);
#6596 = AXIS2_PLACEMENT_3D('',#6597,#6598,#6599);
#6597 = CARTESIAN_POINT('',(115.67999945958,-130.7470288165,1.585));
#6598 = DIRECTION('',(0.,0.,-1.));
#6599 = DIRECTION('',(6.540520438742E-02,-0.997858787223,0.));
#6600 = ORIENTED_EDGE('',*,*,#6601,.T.);
#6601 = EDGE_CURVE('',#6593,#6602,#6604,.T.);
#6602 = VERTEX_POINT('',#6603);
#6603 = CARTESIAN_POINT('',(118.812718,-129.806081,1.585));
#6604 = LINE('',#6605,#6606);
#6605 = CARTESIAN_POINT('',(115.635771,-130.657341,1.585));
#6606 = VECTOR('',#6607,1.);
#6607 = DIRECTION('',(0.965925855405,0.258818936442,0.));
#6608 = ORIENTED_EDGE('',*,*,#6609,.T.);
#6609 = EDGE_CURVE('',#6602,#6610,#6612,.T.);
#6610 = VERTEX_POINT('',#6611);
#6611 = CARTESIAN_POINT('',(118.844123,-129.810215,1.585));
#6612 = LINE('',#6613,#6614);
#6613 = CARTESIAN_POINT('',(118.812718,-129.806081,1.585));
#6614 = VECTOR('',#6615,1.);
#6615 = DIRECTION('',(0.991447094675,-0.130509227492,0.));
#6616 = ORIENTED_EDGE('',*,*,#6617,.T.);
#6617 = EDGE_CURVE('',#6610,#6618,#6620,.T.);
#6618 = VERTEX_POINT('',#6619);
#6619 = CARTESIAN_POINT('',(118.852123,-129.850431,1.585));
#6620 = LINE('',#6621,#6622);
#6621 = CARTESIAN_POINT('',(118.844123,-129.810215,1.585));
#6622 = VECTOR('',#6623,1.);
#6623 = DIRECTION('',(0.195102995697,-0.980782759366,0.));
#6624 = ORIENTED_EDGE('',*,*,#6625,.T.);
#6625 = EDGE_CURVE('',#6618,#6626,#6628,.T.);
#6626 = VERTEX_POINT('',#6627);
#6627 = CARTESIAN_POINT('',(118.889979,-129.975227,1.585));
#6628 = LINE('',#6629,#6630);
#6629 = CARTESIAN_POINT('',(118.852123,-129.850431,1.585));
#6630 = VECTOR('',#6631,1.);
#6631 = DIRECTION('',(0.290281498248,-0.956941300068,0.));
#6632 = ORIENTED_EDGE('',*,*,#6633,.T.);
#6633 = EDGE_CURVE('',#6626,#6634,#6636,.T.);
#6634 = VERTEX_POINT('',#6635);
#6635 = CARTESIAN_POINT('',(118.863488,-129.995555,1.585));
#6636 = LINE('',#6637,#6638);
#6637 = CARTESIAN_POINT('',(118.889979,-129.975227,1.585));
#6638 = VECTOR('',#6639,1.);
#6639 = DIRECTION('',(-0.793342626095,-0.608775391766,0.));
#6640 = ORIENTED_EDGE('',*,*,#6641,.T.);
#6641 = EDGE_CURVE('',#6634,#6591,#6642,.T.);
#6642 = LINE('',#6643,#6644);
#6643 = CARTESIAN_POINT('',(118.863488,-129.995555,1.585));
#6644 = VECTOR('',#6645,1.);
#6645 = DIRECTION('',(-0.965925875772,-0.258818860431,0.));
#6646 = PLANE('',#6647);
#6647 = AXIS2_PLACEMENT_3D('',#6648,#6649,#6650);
#6648 = CARTESIAN_POINT('',(0.,0.,1.585));
#6649 = DIRECTION('',(0.,0.,1.));
#6650 = DIRECTION('',(1.,0.,-0.));
#6651 = SHELL_BASED_SURFACE_MODEL('',(#6652));
#6652 = OPEN_SHELL('',(#6653));
#6653 = ADVANCED_FACE('',(#6654),#6697,.T.);
#6654 = FACE_BOUND('',#6655,.F.);
#6655 = EDGE_LOOP('',(#6656,#6666,#6674,#6682,#6691));
#6656 = ORIENTED_EDGE('',*,*,#6657,.T.);
#6657 = EDGE_CURVE('',#6658,#6660,#6662,.T.);
#6658 = VERTEX_POINT('',#6659);
#6659 = CARTESIAN_POINT('',(125.593671,-130.010871,1.585));
#6660 = VERTEX_POINT('',#6661);
#6661 = CARTESIAN_POINT('',(125.642341,-129.850431,1.585));
#6662 = LINE('',#6663,#6664);
#6663 = CARTESIAN_POINT('',(125.593671,-130.010871,1.585));
#6664 = VECTOR('',#6665,1.);
#6665 = DIRECTION('',(0.290290456353,0.956938582643,0.));
#6666 = ORIENTED_EDGE('',*,*,#6667,.T.);
#6667 = EDGE_CURVE('',#6660,#6668,#6670,.T.);
#6668 = VERTEX_POINT('',#6669);
#6669 = CARTESIAN_POINT('',(125.648301,-129.820468,1.585));
#6670 = LINE('',#6671,#6672);
#6671 = CARTESIAN_POINT('',(125.642341,-129.850431,1.585));
#6672 = VECTOR('',#6673,1.);
#6673 = DIRECTION('',(0.195089967349,0.980785350951,0.));
#6674 = ORIENTED_EDGE('',*,*,#6675,.T.);
#6675 = EDGE_CURVE('',#6668,#6676,#6678,.T.);
#6676 = VERTEX_POINT('',#6677);
#6677 = CARTESIAN_POINT('',(128.764228,-130.657341,1.585));
#6678 = LINE('',#6679,#6680);
#6679 = CARTESIAN_POINT('',(125.648301,-129.820468,1.585));
#6680 = VECTOR('',#6681,1.);
#6681 = DIRECTION('',(0.965773562357,-0.259386634684,0.));
#6682 = ORIENTED_EDGE('',*,*,#6683,.T.);
#6683 = EDGE_CURVE('',#6676,#6684,#6686,.T.);
#6684 = VERTEX_POINT('',#6685);
#6685 = CARTESIAN_POINT('',(128.713458,-130.846815,1.585));
#6686 = CIRCLE('',#6687,0.100000529732);
#6687 = AXIS2_PLACEMENT_3D('',#6688,#6689,#6690);
#6688 = CARTESIAN_POINT('',(128.71999858287,-130.7470285945,1.585));
#6689 = DIRECTION('',(0.,0.,-1.));
#6690 = DIRECTION('',(0.442291828285,0.896871194003,0.));
#6691 = ORIENTED_EDGE('',*,*,#6692,.T.);
#6692 = EDGE_CURVE('',#6684,#6658,#6693,.T.);
#6693 = LINE('',#6694,#6695);
#6694 = CARTESIAN_POINT('',(128.713458,-130.846815,1.585));
#6695 = VECTOR('',#6696,1.);
#6696 = DIRECTION('',(-0.965925857808,0.258818927472,0.));
#6697 = PLANE('',#6698);
#6698 = AXIS2_PLACEMENT_3D('',#6699,#6700,#6701);
#6699 = CARTESIAN_POINT('',(0.,0.,1.585));
#6700 = DIRECTION('',(0.,0.,1.));
#6701 = DIRECTION('',(1.,0.,-0.));
#6702 = SHELL_BASED_SURFACE_MODEL('',(#6703));
#6703 = OPEN_SHELL('',(#6704));
#6704 = ADVANCED_FACE('',(#6705),#6755,.T.);
#6705 = FACE_BOUND('',#6706,.F.);
#6706 = EDGE_LOOP('',(#6707,#6717,#6725,#6733,#6741,#6749));
#6707 = ORIENTED_EDGE('',*,*,#6708,.T.);
#6708 = EDGE_CURVE('',#6709,#6711,#6713,.T.);
#6709 = VERTEX_POINT('',#6710);
#6710 = CARTESIAN_POINT('',(115.001384,-129.147118,1.585));
#6711 = VERTEX_POINT('',#6712);
#6712 = CARTESIAN_POINT('',(115.001384,-128.852882,1.585));
#6713 = LINE('',#6714,#6715);
#6714 = CARTESIAN_POINT('',(115.001384,-129.147118,1.585));
#6715 = VECTOR('',#6716,1.);
#6716 = DIRECTION('',(0.,1.,0.));
#6717 = ORIENTED_EDGE('',*,*,#6718,.T.);
#6718 = EDGE_CURVE('',#6711,#6719,#6721,.T.);
#6719 = VERTEX_POINT('',#6720);
#6720 = CARTESIAN_POINT('',(118.729264,-128.852882,1.585));
#6721 = LINE('',#6722,#6723);
#6722 = CARTESIAN_POINT('',(115.001384,-128.852882,1.585));
#6723 = VECTOR('',#6724,1.);
#6724 = DIRECTION('',(1.,0.,0.));
#6725 = ORIENTED_EDGE('',*,*,#6726,.T.);
#6726 = EDGE_CURVE('',#6719,#6727,#6729,.T.);
#6727 = VERTEX_POINT('',#6728);
#6728 = CARTESIAN_POINT('',(118.751448,-128.862071,1.585));
#6729 = LINE('',#6730,#6731);
#6730 = CARTESIAN_POINT('',(118.729264,-128.852882,1.585));
#6731 = VECTOR('',#6732,1.);
#6732 = DIRECTION('',(0.923878261337,-0.382686501236,0.));
#6733 = ORIENTED_EDGE('',*,*,#6734,.T.);
#6734 = EDGE_CURVE('',#6727,#6735,#6737,.T.);
#6735 = VERTEX_POINT('',#6736);
#6736 = CARTESIAN_POINT('',(118.751448,-129.137928,1.585));
#6737 = LINE('',#6738,#6739);
#6738 = CARTESIAN_POINT('',(118.751448,-128.862071,1.585));
#6739 = VECTOR('',#6740,1.);
#6740 = DIRECTION('',(0.,-1.,0.));
#6741 = ORIENTED_EDGE('',*,*,#6742,.T.);
#6742 = EDGE_CURVE('',#6735,#6743,#6745,.T.);
#6743 = VERTEX_POINT('',#6744);
#6744 = CARTESIAN_POINT('',(118.729264,-129.147118,1.585));
#6745 = LINE('',#6746,#6747);
#6746 = CARTESIAN_POINT('',(118.751448,-129.137928,1.585));
#6747 = VECTOR('',#6748,1.);
#6748 = DIRECTION('',(-0.923863536651,-0.382722047505,0.));
#6749 = ORIENTED_EDGE('',*,*,#6750,.T.);
#6750 = EDGE_CURVE('',#6743,#6709,#6751,.T.);
#6751 = LINE('',#6752,#6753);
#6752 = CARTESIAN_POINT('',(118.729264,-129.147118,1.585));
#6753 = VECTOR('',#6754,1.);
#6754 = DIRECTION('',(-1.,0.,0.));
#6755 = PLANE('',#6756);
#6756 = AXIS2_PLACEMENT_3D('',#6757,#6758,#6759);
#6757 = CARTESIAN_POINT('',(0.,0.,1.585));
#6758 = DIRECTION('',(0.,0.,1.));
#6759 = DIRECTION('',(1.,0.,-0.));
#6760 = SHELL_BASED_SURFACE_MODEL('',(#6761));
#6761 = OPEN_SHELL('',(#6762));
#6762 = ADVANCED_FACE('',(#6763),#6798,.T.);
#6763 = FACE_BOUND('',#6764,.F.);
#6764 = EDGE_LOOP('',(#6765,#6775,#6783,#6792));
#6765 = ORIENTED_EDGE('',*,*,#6766,.T.);
#6766 = EDGE_CURVE('',#6767,#6769,#6771,.T.);
#6767 = VERTEX_POINT('',#6768);
#6768 = CARTESIAN_POINT('',(125.743016,-129.147118,1.585));
#6769 = VERTEX_POINT('',#6770);
#6770 = CARTESIAN_POINT('',(125.743016,-128.852882,1.585));
#6771 = LINE('',#6772,#6773);
#6772 = CARTESIAN_POINT('',(125.743016,-129.147118,1.585));
#6773 = VECTOR('',#6774,1.);
#6774 = DIRECTION('',(0.,1.,0.));
#6775 = ORIENTED_EDGE('',*,*,#6776,.T.);
#6776 = EDGE_CURVE('',#6769,#6777,#6779,.T.);
#6777 = VERTEX_POINT('',#6778);
#6778 = CARTESIAN_POINT('',(129.479264,-128.852882,1.585));
#6779 = LINE('',#6780,#6781);
#6780 = CARTESIAN_POINT('',(125.743016,-128.852882,1.585));
#6781 = VECTOR('',#6782,1.);
#6782 = DIRECTION('',(1.,0.,0.));
#6783 = ORIENTED_EDGE('',*,*,#6784,.T.);
#6784 = EDGE_CURVE('',#6777,#6785,#6787,.T.);
#6785 = VERTEX_POINT('',#6786);
#6786 = CARTESIAN_POINT('',(129.479264,-129.147118,1.585));
#6787 = CIRCLE('',#6788,0.150000292066);
#6788 = AXIS2_PLACEMENT_3D('',#6789,#6790,#6791);
#6789 = CARTESIAN_POINT('',(129.45,-129.,1.585));
#6790 = DIRECTION('',(0.,0.,-1.));
#6791 = DIRECTION('',(0.195092953466,0.980784756972,0.));
#6792 = ORIENTED_EDGE('',*,*,#6793,.T.);
#6793 = EDGE_CURVE('',#6785,#6767,#6794,.T.);
#6794 = LINE('',#6795,#6796);
#6795 = CARTESIAN_POINT('',(129.479264,-129.147118,1.585));
#6796 = VECTOR('',#6797,1.);
#6797 = DIRECTION('',(-1.,0.,0.));
#6798 = PLANE('',#6799);
#6799 = AXIS2_PLACEMENT_3D('',#6800,#6801,#6802);
#6800 = CARTESIAN_POINT('',(0.,0.,1.585));
#6801 = DIRECTION('',(0.,0.,1.));
#6802 = DIRECTION('',(1.,0.,-0.));
#6803 = SHELL_BASED_SURFACE_MODEL('',(#6804));
#6804 = OPEN_SHELL('',(#6805));
#6805 = ADVANCED_FACE('',(#6806),#6865,.T.);
#6806 = FACE_BOUND('',#6807,.F.);
#6807 = EDGE_LOOP('',(#6808,#6818,#6826,#6834,#6842,#6850,#6859));
#6808 = ORIENTED_EDGE('',*,*,#6809,.T.);
#6809 = EDGE_CURVE('',#6810,#6812,#6814,.T.);
#6810 = VERTEX_POINT('',#6811);
#6811 = CARTESIAN_POINT('',(118.863488,-128.004446,1.585));
#6812 = VERTEX_POINT('',#6813);
#6813 = CARTESIAN_POINT('',(118.889979,-128.024773,1.585));
#6814 = LINE('',#6815,#6816);
#6815 = CARTESIAN_POINT('',(118.863488,-128.004446,1.585));
#6816 = VECTOR('',#6817,1.);
#6817 = DIRECTION('',(0.793357089865,-0.608756542437,0.));
#6818 = ORIENTED_EDGE('',*,*,#6819,.T.);
#6819 = EDGE_CURVE('',#6812,#6820,#6822,.T.);
#6820 = VERTEX_POINT('',#6821);
#6821 = CARTESIAN_POINT('',(118.852123,-128.149569,1.585));
#6822 = LINE('',#6823,#6824);
#6823 = CARTESIAN_POINT('',(118.889979,-128.024773,1.585));
#6824 = VECTOR('',#6825,1.);
#6825 = DIRECTION('',(-0.290281498248,-0.956941300068,0.));
#6826 = ORIENTED_EDGE('',*,*,#6827,.T.);
#6827 = EDGE_CURVE('',#6820,#6828,#6830,.T.);
#6828 = VERTEX_POINT('',#6829);
#6829 = CARTESIAN_POINT('',(118.844123,-128.189785,1.585));
#6830 = LINE('',#6831,#6832);
#6831 = CARTESIAN_POINT('',(118.852123,-128.149569,1.585));
#6832 = VECTOR('',#6833,1.);
#6833 = DIRECTION('',(-0.195102995697,-0.980782759366,0.));
#6834 = ORIENTED_EDGE('',*,*,#6835,.T.);
#6835 = EDGE_CURVE('',#6828,#6836,#6838,.T.);
#6836 = VERTEX_POINT('',#6837);
#6837 = CARTESIAN_POINT('',(118.812718,-128.19392,1.585));
#6838 = LINE('',#6839,#6840);
#6839 = CARTESIAN_POINT('',(118.844123,-128.189785,1.585));
#6840 = VECTOR('',#6841,1.);
#6841 = DIRECTION('',(-0.991443009305,-0.130540259305,0.));
#6842 = ORIENTED_EDGE('',*,*,#6843,.T.);
#6843 = EDGE_CURVE('',#6836,#6844,#6846,.T.);
#6844 = VERTEX_POINT('',#6845);
#6845 = CARTESIAN_POINT('',(115.635771,-127.34266,1.585));
#6846 = LINE('',#6847,#6848);
#6847 = CARTESIAN_POINT('',(118.812718,-128.19392,1.585));
#6848 = VECTOR('',#6849,1.);
#6849 = DIRECTION('',(-0.965925855405,0.258818936442,0.));
#6850 = ORIENTED_EDGE('',*,*,#6851,.T.);
#6851 = EDGE_CURVE('',#6844,#6852,#6854,.T.);
#6852 = VERTEX_POINT('',#6853);
#6853 = CARTESIAN_POINT('',(115.705882,-127.156379,1.585));
#6854 = CIRCLE('',#6855,0.100000663228);
#6855 = AXIS2_PLACEMENT_3D('',#6856,#6857,#6858);
#6856 = CARTESIAN_POINT('',(115.68000085574,-127.2529724729,1.585));
#6857 = DIRECTION('',(0.,0.,-1.));
#6858 = DIRECTION('',(-0.44229562399,-0.896869322142,-0.));
#6859 = ORIENTED_EDGE('',*,*,#6860,.T.);
#6860 = EDGE_CURVE('',#6852,#6810,#6861,.T.);
#6861 = LINE('',#6862,#6863);
#6862 = CARTESIAN_POINT('',(115.705882,-127.156379,1.585));
#6863 = VECTOR('',#6864,1.);
#6864 = DIRECTION('',(0.965773570789,-0.259386603287,0.));
#6865 = PLANE('',#6866);
#6866 = AXIS2_PLACEMENT_3D('',#6867,#6868,#6869);
#6867 = CARTESIAN_POINT('',(0.,0.,1.585));
#6868 = DIRECTION('',(0.,0.,1.));
#6869 = DIRECTION('',(1.,0.,-0.));
#6870 = SHELL_BASED_SURFACE_MODEL('',(#6871));
#6871 = OPEN_SHELL('',(#6872));
#6872 = ADVANCED_FACE('',(#6873),#6916,.T.);
#6873 = FACE_BOUND('',#6874,.F.);
#6874 = EDGE_LOOP('',(#6875,#6885,#6893,#6902,#6910));
#6875 = ORIENTED_EDGE('',*,*,#6876,.T.);
#6876 = EDGE_CURVE('',#6877,#6879,#6881,.T.);
#6877 = VERTEX_POINT('',#6878);
#6878 = CARTESIAN_POINT('',(125.642341,-128.149569,1.585));
#6879 = VERTEX_POINT('',#6880);
#6880 = CARTESIAN_POINT('',(125.593672,-127.989129,1.585));
#6881 = LINE('',#6882,#6883);
#6882 = CARTESIAN_POINT('',(125.642341,-128.149569,1.585));
#6883 = VECTOR('',#6884,1.);
#6884 = DIRECTION('',(-0.290284994491,0.956940239499,0.));
#6885 = ORIENTED_EDGE('',*,*,#6886,.T.);
#6886 = EDGE_CURVE('',#6879,#6887,#6889,.T.);
#6887 = VERTEX_POINT('',#6888);
#6888 = CARTESIAN_POINT('',(128.713458,-127.153186,1.585));
#6889 = LINE('',#6890,#6891);
#6890 = CARTESIAN_POINT('',(125.593672,-127.989129,1.585));
#6891 = VECTOR('',#6892,1.);
#6892 = DIRECTION('',(0.965925914471,0.258818716002,0.));
#6893 = ORIENTED_EDGE('',*,*,#6894,.T.);
#6894 = EDGE_CURVE('',#6887,#6895,#6897,.T.);
#6895 = VERTEX_POINT('',#6896);
#6896 = CARTESIAN_POINT('',(128.764228,-127.34266,1.585));
#6897 = CIRCLE('',#6898,0.100000347819);
#6898 = AXIS2_PLACEMENT_3D('',#6899,#6900,#6901);
#6899 = CARTESIAN_POINT('',(128.71999948357,-127.2529721641,1.585));
#6900 = DIRECTION('',(0.,0.,-1.));
#6901 = DIRECTION('',(-6.541460824581E-02,0.997858170798,-0.));
#6902 = ORIENTED_EDGE('',*,*,#6903,.T.);
#6903 = EDGE_CURVE('',#6895,#6904,#6906,.T.);
#6904 = VERTEX_POINT('',#6905);
#6905 = CARTESIAN_POINT('',(125.64793,-128.177668,1.585));
#6906 = LINE('',#6907,#6908);
#6907 = CARTESIAN_POINT('',(128.764228,-127.34266,1.585));
#6908 = VECTOR('',#6909,1.);
#6909 = DIRECTION('',(-0.96592594504,-0.258818601917,0.));
#6910 = ORIENTED_EDGE('',*,*,#6911,.T.);
#6911 = EDGE_CURVE('',#6904,#6877,#6912,.T.);
#6912 = LINE('',#6913,#6914);
#6913 = CARTESIAN_POINT('',(125.64793,-128.177668,1.585));
#6914 = VECTOR('',#6915,1.);
#6915 = DIRECTION('',(-0.195082310357,0.980786873987,0.));
#6916 = PLANE('',#6917);
#6917 = AXIS2_PLACEMENT_3D('',#6918,#6919,#6920);
#6918 = CARTESIAN_POINT('',(0.,0.,1.585));
#6919 = DIRECTION('',(0.,0.,1.));
#6920 = DIRECTION('',(1.,0.,-0.));
#6921 = SHELL_BASED_SURFACE_MODEL('',(#6922));
#6922 = OPEN_SHELL('',(#6923));
#6923 = ADVANCED_FACE('',(#6924),#6983,.T.);
#6924 = FACE_BOUND('',#6925,.F.);
#6925 = EDGE_LOOP('',(#6926,#6936,#6944,#6952,#6960,#6968,#6977));
#6926 = ORIENTED_EDGE('',*,*,#6927,.T.);
#6927 = EDGE_CURVE('',#6928,#6930,#6932,.T.);
#6928 = VERTEX_POINT('',#6929);
#6929 = CARTESIAN_POINT('',(119.234845,-127.174815,1.585));
#6930 = VERTEX_POINT('',#6931);
#6931 = CARTESIAN_POINT('',(119.249594,-127.194036,1.585));
#6932 = LINE('',#6933,#6934);
#6933 = CARTESIAN_POINT('',(119.234845,-127.174815,1.585));
#6934 = VECTOR('',#6935,1.);
#6935 = DIRECTION('',(0.608766831684,-0.793349194644,0.));
#6936 = ORIENTED_EDGE('',*,*,#6937,.T.);
#6937 = EDGE_CURVE('',#6930,#6938,#6940,.T.);
#6938 = VERTEX_POINT('',#6939);
#6939 = CARTESIAN_POINT('',(119.245182,-127.20064,1.585));
#6940 = LINE('',#6941,#6942);
#6941 = CARTESIAN_POINT('',(119.249594,-127.194036,1.585));
#6942 = VECTOR('',#6943,1.);
#6943 = DIRECTION('',(-0.555513501288,-0.831507516434,0.));
#6944 = ORIENTED_EDGE('',*,*,#6945,.T.);
#6945 = EDGE_CURVE('',#6938,#6946,#6948,.T.);
#6946 = VERTEX_POINT('',#6947);
#6947 = CARTESIAN_POINT('',(119.166118,-127.348557,1.585));
#6948 = LINE('',#6949,#6950);
#6949 = CARTESIAN_POINT('',(119.245182,-127.20064,1.585));
#6950 = VECTOR('',#6951,1.);
#6951 = DIRECTION('',(-0.471400058578,-0.881919488827,0.));
#6952 = ORIENTED_EDGE('',*,*,#6953,.T.);
#6953 = EDGE_CURVE('',#6946,#6954,#6956,.T.);
#6954 = VERTEX_POINT('',#6955);
#6955 = CARTESIAN_POINT('',(119.136766,-127.344693,1.585));
#6956 = LINE('',#6957,#6958);
#6957 = CARTESIAN_POINT('',(119.166118,-127.348557,1.585));
#6958 = VECTOR('',#6959,1.);
#6959 = DIRECTION('',(-0.991446015801,0.130517423176,0.));
#6960 = ORIENTED_EDGE('',*,*,#6961,.T.);
#6961 = EDGE_CURVE('',#6954,#6962,#6964,.T.);
#6962 = VERTEX_POINT('',#6963);
#6963 = CARTESIAN_POINT('',(116.288393,-125.700184,1.585));
#6964 = LINE('',#6965,#6966);
#6965 = CARTESIAN_POINT('',(119.136766,-127.344693,1.585));
#6966 = VECTOR('',#6967,1.);
#6967 = DIRECTION('',(-0.866025393029,0.50000001863,0.));
#6968 = ORIENTED_EDGE('',*,*,#6969,.T.);
#6969 = EDGE_CURVE('',#6962,#6970,#6972,.T.);
#6970 = VERTEX_POINT('',#6971);
#6971 = CARTESIAN_POINT('',(116.386472,-125.530307,1.585));
#6972 = CIRCLE('',#6973,0.100000191056);
#6973 = AXIS2_PLACEMENT_3D('',#6974,#6975,#6976);
#6974 = CARTESIAN_POINT('',(116.35432811984,-125.6250002372,1.585));
#6975 = DIRECTION('',(0.,0.,-1.));
#6976 = DIRECTION('',(-0.659349938755,-0.75183619111,-0.));
#6977 = ORIENTED_EDGE('',*,*,#6978,.T.);
#6978 = EDGE_CURVE('',#6970,#6928,#6979,.T.);
#6979 = LINE('',#6980,#6981);
#6980 = CARTESIAN_POINT('',(116.386472,-125.530307,1.585));
#6981 = VECTOR('',#6982,1.);
#6982 = DIRECTION('',(0.866025524683,-0.499999790598,0.));
#6983 = PLANE('',#6984);
#6984 = AXIS2_PLACEMENT_3D('',#6985,#6986,#6987);
#6985 = CARTESIAN_POINT('',(0.,0.,1.585));
#6986 = DIRECTION('',(0.,0.,1.));
#6987 = DIRECTION('',(1.,0.,-0.));
#6988 = SHELL_BASED_SURFACE_MODEL('',(#6989));
#6989 = OPEN_SHELL('',(#6990));
#6990 = ADVANCED_FACE('',(#6991),#7034,.T.);
#6991 = FACE_BOUND('',#6992,.F.);
#6992 = EDGE_LOOP('',(#6993,#7003,#7012,#7020,#7028));
#6993 = ORIENTED_EDGE('',*,*,#6994,.T.);
#6994 = EDGE_CURVE('',#6995,#6997,#6999,.T.);
#6995 = VERTEX_POINT('',#6996);
#6996 = CARTESIAN_POINT('',(125.21341,-127.146954,1.585));
#6997 = VERTEX_POINT('',#6998);
#6998 = CARTESIAN_POINT('',(128.013526,-125.530307,1.585));
#6999 = LINE('',#7000,#7001);
#7000 = CARTESIAN_POINT('',(125.21341,-127.146954,1.585));
#7001 = VECTOR('',#7002,1.);
#7002 = DIRECTION('',(0.866025501061,0.499999831512,0.));
#7003 = ORIENTED_EDGE('',*,*,#7004,.T.);
#7004 = EDGE_CURVE('',#6997,#7005,#7007,.T.);
#7005 = VERTEX_POINT('',#7006);
#7006 = CARTESIAN_POINT('',(128.111605,-125.700185,1.585));
#7007 = CIRCLE('',#7008,0.100000369189);
#7008 = AXIS2_PLACEMENT_3D('',#7009,#7010,#7011);
#7009 = CARTESIAN_POINT('',(128.04567094981,-125.6250000622,1.585));
#7010 = DIRECTION('',(0.,0.,-1.));
#7011 = DIRECTION('',(-0.321448311344,0.946927126623,-0.));
#7012 = ORIENTED_EDGE('',*,*,#7013,.T.);
#7013 = EDGE_CURVE('',#7005,#7014,#7016,.T.);
#7014 = VERTEX_POINT('',#7015);
#7015 = CARTESIAN_POINT('',(125.311411,-127.316876,1.585));
#7016 = LINE('',#7017,#7018);
#7017 = CARTESIAN_POINT('',(128.111605,-125.700185,1.585));
#7018 = VECTOR('',#7019,1.);
#7019 = DIRECTION('',(-0.86602563944,-0.499999591832,0.));
#7020 = ORIENTED_EDGE('',*,*,#7021,.T.);
#7021 = EDGE_CURVE('',#7014,#7022,#7024,.T.);
#7022 = VERTEX_POINT('',#7023);
#7023 = CARTESIAN_POINT('',(125.249282,-127.20064,1.585));
#7024 = LINE('',#7025,#7026);
#7025 = CARTESIAN_POINT('',(125.311411,-127.316876,1.585));
#7026 = VECTOR('',#7027,1.);
#7027 = DIRECTION('',(-0.471394161496,0.881922640886,0.));
#7028 = ORIENTED_EDGE('',*,*,#7029,.T.);
#7029 = EDGE_CURVE('',#7022,#6995,#7030,.T.);
#7030 = LINE('',#7031,#7032);
#7031 = CARTESIAN_POINT('',(125.249282,-127.20064,1.585));
#7032 = VECTOR('',#7033,1.);
#7033 = DIRECTION('',(-0.555571963786,0.831468455839,0.));
#7034 = PLANE('',#7035);
#7035 = AXIS2_PLACEMENT_3D('',#7036,#7037,#7038);
#7036 = CARTESIAN_POINT('',(0.,0.,1.585));
#7037 = DIRECTION('',(0.,0.,1.));
#7038 = DIRECTION('',(1.,0.,-0.));
#7039 = SHELL_BASED_SURFACE_MODEL('',(#7040));
#7040 = OPEN_SHELL('',(#7041));
#7041 = ADVANCED_FACE('',(#7042),#7101,.T.);
#7042 = FACE_BOUND('',#7043,.F.);
#7043 = EDGE_LOOP('',(#7044,#7054,#7062,#7070,#7078,#7086,#7095));
#7044 = ORIENTED_EDGE('',*,*,#7045,.T.);
#7045 = EDGE_CURVE('',#7046,#7048,#7050,.T.);
#7046 = VERTEX_POINT('',#7047);
#7047 = CARTESIAN_POINT('',(119.849847,-126.441792,1.585));
#7048 = VERTEX_POINT('',#7049);
#7049 = CARTESIAN_POINT('',(119.853305,-126.450141,1.585));
#7050 = LINE('',#7051,#7052);
#7051 = CARTESIAN_POINT('',(119.849847,-126.441792,1.585));
#7052 = VECTOR('',#7053,1.);
#7053 = DIRECTION('',(0.382658021273,-0.923890057721,0.));
#7054 = ORIENTED_EDGE('',*,*,#7055,.T.);
#7055 = EDGE_CURVE('',#7048,#7056,#7058,.T.);
#7056 = VERTEX_POINT('',#7057);
#7057 = CARTESIAN_POINT('',(119.653903,-126.649544,1.585));
#7058 = LINE('',#7059,#7060);
#7059 = CARTESIAN_POINT('',(119.853305,-126.450141,1.585));
#7060 = VECTOR('',#7061,1.);
#7061 = DIRECTION('',(-0.70710500812,-0.707108554248,0.));
#7062 = ORIENTED_EDGE('',*,*,#7063,.T.);
#7063 = EDGE_CURVE('',#7056,#7064,#7066,.T.);
#7064 = VERTEX_POINT('',#7065);
#7065 = CARTESIAN_POINT('',(119.650644,-126.653515,1.585));
#7066 = LINE('',#7067,#7068);
#7067 = CARTESIAN_POINT('',(119.653903,-126.649544,1.585));
#7068 = VECTOR('',#7069,1.);
#7069 = DIRECTION('',(-0.634403115606,-0.773002384802,0.));
#7070 = ORIENTED_EDGE('',*,*,#7071,.T.);
#7071 = EDGE_CURVE('',#7064,#7072,#7074,.T.);
#7072 = VERTEX_POINT('',#7073);
#7073 = CARTESIAN_POINT('',(119.641791,-126.649848,1.585));
#7074 = LINE('',#7075,#7076);
#7075 = CARTESIAN_POINT('',(119.650644,-126.653515,1.585));
#7076 = VECTOR('',#7077,1.);
#7077 = DIRECTION('',(-0.923880737817,0.382680522486,0.));
#7078 = ORIENTED_EDGE('',*,*,#7079,.T.);
#7079 = EDGE_CURVE('',#7072,#7080,#7082,.T.);
#7080 = VERTEX_POINT('',#7081);
#7081 = CARTESIAN_POINT('',(116.948754,-123.956811,1.585));
#7082 = LINE('',#7083,#7084);
#7083 = CARTESIAN_POINT('',(119.641791,-126.649848,1.585));
#7084 = VECTOR('',#7085,1.);
#7085 = DIRECTION('',(-0.707106781187,0.707106781187,0.));
#7086 = ORIENTED_EDGE('',*,*,#7087,.T.);
#7087 = EDGE_CURVE('',#7080,#7088,#7090,.T.);
#7088 = VERTEX_POINT('',#7089);
#7089 = CARTESIAN_POINT('',(117.15681,-123.748755,1.585));
#7090 = CIRCLE('',#7091,0.150000188319);
#7091 = AXIS2_PLACEMENT_3D('',#7092,#7093,#7094);
#7092 = CARTESIAN_POINT('',(117.07347507768,-123.8734760776,1.585));
#7093 = DIRECTION('',(0.,0.,-1.));
#7094 = DIRECTION('',(-0.831472807322,-0.555565451305,-0.));
#7095 = ORIENTED_EDGE('',*,*,#7096,.T.);
#7096 = EDGE_CURVE('',#7088,#7046,#7097,.T.);
#7097 = LINE('',#7098,#7099);
#7098 = CARTESIAN_POINT('',(117.15681,-123.748755,1.585));
#7099 = VECTOR('',#7100,1.);
#7100 = DIRECTION('',(0.707106781187,-0.707106781187,0.));
#7101 = PLANE('',#7102);
#7102 = AXIS2_PLACEMENT_3D('',#7103,#7104,#7105);
#7103 = CARTESIAN_POINT('',(0.,0.,1.585));
#7104 = DIRECTION('',(0.,0.,1.));
#7105 = DIRECTION('',(1.,0.,-0.));
#7106 = SHELL_BASED_SURFACE_MODEL('',(#7107));
#7107 = OPEN_SHELL('',(#7108));
#7108 = ADVANCED_FACE('',(#7109),#7152,.T.);
#7109 = FACE_BOUND('',#7110,.F.);
#7110 = EDGE_LOOP('',(#7111,#7122,#7130,#7138,#7146));
#7111 = ORIENTED_EDGE('',*,*,#7112,.T.);
#7112 = EDGE_CURVE('',#7113,#7115,#7117,.T.);
#7113 = VERTEX_POINT('',#7114);
#7114 = CARTESIAN_POINT('',(127.243189,-123.748755,1.585));
#7115 = VERTEX_POINT('',#7116);
#7116 = CARTESIAN_POINT('',(127.451245,-123.956811,1.585));
#7117 = CIRCLE('',#7118,0.150000166887);
#7118 = AXIS2_PLACEMENT_3D('',#7119,#7120,#7121);
#7119 = CARTESIAN_POINT('',(127.326524,-123.873476,1.585));
#7120 = DIRECTION('',(0.,0.,-1.));
#7121 = DIRECTION('',(-0.555566048557,0.831472408256,0.));
#7122 = ORIENTED_EDGE('',*,*,#7123,.T.);
#7123 = EDGE_CURVE('',#7115,#7124,#7126,.T.);
#7124 = VERTEX_POINT('',#7125);
#7125 = CARTESIAN_POINT('',(124.799536,-126.608519,1.585));
#7126 = LINE('',#7127,#7128);
#7127 = CARTESIAN_POINT('',(127.451245,-123.956811,1.585));
#7128 = VECTOR('',#7129,1.);
#7129 = DIRECTION('',(-0.707106914517,-0.707106647856,0.));
#7130 = ORIENTED_EDGE('',*,*,#7131,.T.);
#7131 = EDGE_CURVE('',#7124,#7132,#7134,.T.);
#7132 = VERTEX_POINT('',#7133);
#7133 = CARTESIAN_POINT('',(124.597688,-126.406671,1.585));
#7134 = LINE('',#7135,#7136);
#7135 = CARTESIAN_POINT('',(124.799536,-126.608519,1.585));
#7136 = VECTOR('',#7137,1.);
#7137 = DIRECTION('',(-0.707106781187,0.707106781187,0.));
#7138 = ORIENTED_EDGE('',*,*,#7139,.T.);
#7139 = EDGE_CURVE('',#7132,#7140,#7142,.T.);
#7140 = VERTEX_POINT('',#7141);
#7141 = CARTESIAN_POINT('',(124.590869,-126.401074,1.585));
#7142 = LINE('',#7143,#7144);
#7143 = CARTESIAN_POINT('',(124.597688,-126.406671,1.585));
#7144 = VECTOR('',#7145,1.);
#7145 = DIRECTION('',(-0.772966463022,0.634446882759,0.));
#7146 = ORIENTED_EDGE('',*,*,#7147,.T.);
#7147 = EDGE_CURVE('',#7140,#7113,#7148,.T.);
#7148 = LINE('',#7149,#7150);
#7149 = CARTESIAN_POINT('',(124.590869,-126.401074,1.585));
#7150 = VECTOR('',#7151,1.);
#7151 = DIRECTION('',(0.707106914486,0.707106647887,0.));
#7152 = PLANE('',#7153);
#7153 = AXIS2_PLACEMENT_3D('',#7154,#7155,#7156);
#7154 = CARTESIAN_POINT('',(0.,0.,1.585));
#7155 = DIRECTION('',(0.,0.,1.));
#7156 = DIRECTION('',(1.,0.,-0.));
#7157 = SHELL_BASED_SURFACE_MODEL('',(#7158));
#7158 = OPEN_SHELL('',(#7159));
#7159 = ADVANCED_FACE('',(#7160),#7219,.T.);
#7160 = FACE_BOUND('',#7161,.F.);
#7161 = EDGE_LOOP('',(#7162,#7172,#7180,#7188,#7196,#7204,#7213));
#7162 = ORIENTED_EDGE('',*,*,#7163,.T.);
#7163 = EDGE_CURVE('',#7164,#7166,#7168,.T.);
#7164 = VERTEX_POINT('',#7165);
#7165 = CARTESIAN_POINT('',(120.544693,-125.936767,1.585));
#7166 = VERTEX_POINT('',#7167);
#7167 = CARTESIAN_POINT('',(120.545852,-125.945577,1.585));
#7168 = LINE('',#7169,#7170);
#7169 = CARTESIAN_POINT('',(120.544693,-125.936767,1.585));
#7170 = VECTOR('',#7171,1.);
#7171 = DIRECTION('',(0.130431223585,-0.991457359605,0.));
#7172 = ORIENTED_EDGE('',*,*,#7173,.T.);
#7173 = EDGE_CURVE('',#7166,#7174,#7176,.T.);
#7174 = VERTEX_POINT('',#7175);
#7175 = CARTESIAN_POINT('',(120.447872,-125.99795,1.585));
#7176 = LINE('',#7177,#7178);
#7177 = CARTESIAN_POINT('',(120.545852,-125.945577,1.585));
#7178 = VECTOR('',#7179,1.);
#7179 = DIRECTION('',(-0.881915281167,-0.4714079304,0.));
#7180 = ORIENTED_EDGE('',*,*,#7181,.T.);
#7181 = EDGE_CURVE('',#7174,#7182,#7184,.T.);
#7182 = VERTEX_POINT('',#7183);
#7183 = CARTESIAN_POINT('',(120.383118,-126.041217,1.585));
#7184 = LINE('',#7185,#7186);
#7185 = CARTESIAN_POINT('',(120.447872,-125.99795,1.585));
#7186 = VECTOR('',#7187,1.);
#7187 = DIRECTION('',(-0.831471033016,-0.555568106766,0.));
#7188 = ORIENTED_EDGE('',*,*,#7189,.T.);
#7189 = EDGE_CURVE('',#7182,#7190,#7192,.T.);
#7190 = VERTEX_POINT('',#7191);
#7191 = CARTESIAN_POINT('',(120.374815,-126.034846,1.585));
#7192 = LINE('',#7193,#7194);
#7193 = CARTESIAN_POINT('',(120.383118,-126.041217,1.585));
#7194 = VECTOR('',#7195,1.);
#7195 = DIRECTION('',(-0.793358692504,0.608754453805,0.));
#7196 = ORIENTED_EDGE('',*,*,#7197,.T.);
#7197 = EDGE_CURVE('',#7190,#7198,#7200,.T.);
#7198 = VERTEX_POINT('',#7199);
#7199 = CARTESIAN_POINT('',(118.730307,-123.186473,1.585));
#7200 = LINE('',#7201,#7202);
#7201 = CARTESIAN_POINT('',(120.374815,-126.034846,1.585));
#7202 = VECTOR('',#7203,1.);
#7203 = DIRECTION('',(-0.499999790598,0.866025524683,0.));
#7204 = ORIENTED_EDGE('',*,*,#7205,.T.);
#7205 = EDGE_CURVE('',#7198,#7206,#7208,.T.);
#7206 = VERTEX_POINT('',#7207);
#7207 = CARTESIAN_POINT('',(118.900184,-123.088394,1.585));
#7208 = CIRCLE('',#7209,0.100000115017);
#7209 = AXIS2_PLACEMENT_3D('',#7210,#7211,#7212);
#7210 = CARTESIAN_POINT('',(118.82500004236,-123.1543287823,1.585));
#7211 = DIRECTION('',(0.,0.,-1.));
#7212 = DIRECTION('',(-0.946929334517,-0.321441807224,-0.));
#7213 = ORIENTED_EDGE('',*,*,#7214,.T.);
#7214 = EDGE_CURVE('',#7206,#7164,#7215,.T.);
#7215 = LINE('',#7216,#7217);
#7216 = CARTESIAN_POINT('',(118.900184,-123.088394,1.585));
#7217 = VECTOR('',#7218,1.);
#7218 = DIRECTION('',(0.50000001863,-0.866025393029,0.));
#7219 = PLANE('',#7220);
#7220 = AXIS2_PLACEMENT_3D('',#7221,#7222,#7223);
#7221 = CARTESIAN_POINT('',(0.,0.,1.585));
#7222 = DIRECTION('',(0.,0.,1.));
#7223 = DIRECTION('',(1.,0.,-0.));
#7224 = SHELL_BASED_SURFACE_MODEL('',(#7225));
#7225 = OPEN_SHELL('',(#7226));
#7226 = ADVANCED_FACE('',(#7227),#7262,.T.);
#7227 = FACE_BOUND('',#7228,.F.);
#7228 = EDGE_LOOP('',(#7229,#7240,#7248,#7256));
#7229 = ORIENTED_EDGE('',*,*,#7230,.T.);
#7230 = EDGE_CURVE('',#7231,#7233,#7235,.T.);
#7231 = VERTEX_POINT('',#7232);
#7232 = CARTESIAN_POINT('',(125.499815,-123.088395,1.585));
#7233 = VERTEX_POINT('',#7234);
#7234 = CARTESIAN_POINT('',(125.669693,-123.186474,1.585));
#7235 = CIRCLE('',#7236,0.100000442863);
#7236 = AXIS2_PLACEMENT_3D('',#7237,#7238,#7239);
#7237 = CARTESIAN_POINT('',(125.57499974891,-123.1543293772,1.585));
#7238 = DIRECTION('',(0.,0.,-1.));
#7239 = DIRECTION('',(-0.751844159514,0.659340852522,0.));
#7240 = ORIENTED_EDGE('',*,*,#7241,.T.);
#7241 = EDGE_CURVE('',#7233,#7242,#7244,.T.);
#7242 = VERTEX_POINT('',#7243);
#7243 = CARTESIAN_POINT('',(124.046511,-125.997906,1.585));
#7244 = LINE('',#7245,#7246);
#7245 = CARTESIAN_POINT('',(125.669693,-123.186474,1.585));
#7246 = VECTOR('',#7247,1.);
#7247 = DIRECTION('',(-0.500000225943,-0.866025273336,0.));
#7248 = ORIENTED_EDGE('',*,*,#7249,.T.);
#7249 = EDGE_CURVE('',#7242,#7250,#7252,.T.);
#7250 = VERTEX_POINT('',#7251);
#7251 = CARTESIAN_POINT('',(123.873423,-125.905389,1.585));
#7252 = LINE('',#7253,#7254);
#7253 = CARTESIAN_POINT('',(124.046511,-125.997906,1.585));
#7254 = VECTOR('',#7255,1.);
#7255 = DIRECTION('',(-0.88192224616,0.471394899981,0.));
#7256 = ORIENTED_EDGE('',*,*,#7257,.T.);
#7257 = EDGE_CURVE('',#7250,#7231,#7258,.T.);
#7258 = LINE('',#7259,#7260);
#7259 = CARTESIAN_POINT('',(123.873423,-125.905389,1.585));
#7260 = VECTOR('',#7261,1.);
#7261 = DIRECTION('',(0.499999943693,0.866025436293,0.));
#7262 = PLANE('',#7263);
#7263 = AXIS2_PLACEMENT_3D('',#7264,#7265,#7266);
#7264 = CARTESIAN_POINT('',(0.,0.,1.585));
#7265 = DIRECTION('',(0.,0.,1.));
#7266 = DIRECTION('',(1.,0.,-0.));
#7267 = SHELL_BASED_SURFACE_MODEL('',(#7268));
#7268 = OPEN_SHELL('',(#7269));
#7269 = ADVANCED_FACE('',(#7270),#7321,.T.);
#7270 = FACE_BOUND('',#7271,.F.);
#7271 = EDGE_LOOP('',(#7272,#7283,#7291,#7299,#7307,#7315));
#7272 = ORIENTED_EDGE('',*,*,#7273,.T.);
#7273 = EDGE_CURVE('',#7274,#7276,#7278,.T.);
#7274 = VERTEX_POINT('',#7275);
#7275 = CARTESIAN_POINT('',(120.377787,-122.414066,1.585));
#7276 = VERTEX_POINT('',#7277);
#7277 = CARTESIAN_POINT('',(120.542659,-122.435772,1.585));
#7278 = CIRCLE('',#7279,0.100001210234);
#7279 = AXIS2_PLACEMENT_3D('',#7280,#7281,#7282);
#7280 = CARTESIAN_POINT('',(120.45297108257,-122.4800023008,1.585));
#7281 = DIRECTION('',(0.,0.,-1.));
#7282 = DIRECTION('',(-0.751831726865,0.659355029161,0.));
#7283 = ORIENTED_EDGE('',*,*,#7284,.T.);
#7284 = EDGE_CURVE('',#7276,#7285,#7287,.T.);
#7285 = VERTEX_POINT('',#7286);
#7286 = CARTESIAN_POINT('',(121.392195,-125.606287,1.585));
#7287 = LINE('',#7288,#7289);
#7288 = CARTESIAN_POINT('',(120.542659,-122.435772,1.585));
#7289 = VECTOR('',#7290,1.);
#7290 = DIRECTION('',(0.258818779658,-0.965925897415,0.));
#7291 = ORIENTED_EDGE('',*,*,#7292,.T.);
#7292 = EDGE_CURVE('',#7285,#7293,#7295,.T.);
#7293 = VERTEX_POINT('',#7294);
#7294 = CARTESIAN_POINT('',(121.204383,-125.66326,1.585));
#7295 = LINE('',#7296,#7297);
#7296 = CARTESIAN_POINT('',(121.392195,-125.606287,1.585));
#7297 = VECTOR('',#7298,1.);
#7298 = DIRECTION('',(-0.956939128897,-0.290288655627,0.));
#7299 = ORIENTED_EDGE('',*,*,#7300,.T.);
#7300 = EDGE_CURVE('',#7293,#7301,#7303,.T.);
#7301 = VERTEX_POINT('',#7302);
#7302 = CARTESIAN_POINT('',(120.353185,-122.486541,1.585));
#7303 = LINE('',#7304,#7305);
#7304 = CARTESIAN_POINT('',(121.204383,-125.66326,1.585));
#7305 = VECTOR('',#7306,1.);
#7306 = DIRECTION('',(-0.258818678956,0.965925924398,0.));
#7307 = ORIENTED_EDGE('',*,*,#7308,.T.);
#7308 = EDGE_CURVE('',#7301,#7309,#7311,.T.);
#7309 = VERTEX_POINT('',#7310);
#7310 = CARTESIAN_POINT('',(120.358278,-122.447857,1.585));
#7311 = LINE('',#7312,#7313);
#7312 = CARTESIAN_POINT('',(120.353185,-122.486541,1.585));
#7313 = VECTOR('',#7314,1.);
#7314 = DIRECTION('',(0.130530091624,0.991444348,0.));
#7315 = ORIENTED_EDGE('',*,*,#7316,.T.);
#7316 = EDGE_CURVE('',#7309,#7274,#7317,.T.);
#7317 = LINE('',#7318,#7319);
#7318 = CARTESIAN_POINT('',(120.358278,-122.447857,1.585));
#7319 = VECTOR('',#7320,1.);
#7320 = DIRECTION('',(0.49999533015,0.866028099907,0.));
#7321 = PLANE('',#7322);
#7322 = AXIS2_PLACEMENT_3D('',#7323,#7324,#7325);
#7323 = CARTESIAN_POINT('',(0.,0.,1.585));
#7324 = DIRECTION('',(0.,0.,1.));
#7325 = DIRECTION('',(1.,0.,-0.));
#7326 = SHELL_BASED_SURFACE_MODEL('',(#7327));
#7327 = OPEN_SHELL('',(#7328));
#7328 = ADVANCED_FACE('',(#7329),#7380,.T.);
#7329 = FACE_BOUND('',#7330,.F.);
#7330 = EDGE_LOOP('',(#7331,#7342,#7350,#7358,#7366,#7374));
#7331 = ORIENTED_EDGE('',*,*,#7332,.T.);
#7332 = EDGE_CURVE('',#7333,#7335,#7337,.T.);
#7333 = VERTEX_POINT('',#7334);
#7334 = CARTESIAN_POINT('',(123.881093,-122.404817,1.585));
#7335 = VERTEX_POINT('',#7336);
#7336 = CARTESIAN_POINT('',(124.046814,-122.486542,1.585));
#7337 = CIRCLE('',#7338,9.999991917953E-02);
#7338 = AXIS2_PLACEMENT_3D('',#7339,#7340,#7341);
#7339 = CARTESIAN_POINT('',(123.9470282823,-122.4800002586,1.585));
#7340 = DIRECTION('',(0.,0.,-1.));
#7341 = DIRECTION('',(-0.659353355927,0.751833194285,0.));
#7342 = ORIENTED_EDGE('',*,*,#7343,.T.);
#7343 = EDGE_CURVE('',#7335,#7344,#7346,.T.);
#7344 = VERTEX_POINT('',#7345);
#7345 = CARTESIAN_POINT('',(123.202716,-125.636758,1.585));
#7346 = LINE('',#7347,#7348);
#7347 = CARTESIAN_POINT('',(124.046814,-122.486542,1.585));
#7348 = VECTOR('',#7349,1.);
#7349 = DIRECTION('',(-0.258819092826,-0.965925813502,0.));
#7350 = ORIENTED_EDGE('',*,*,#7351,.T.);
#7351 = EDGE_CURVE('',#7344,#7352,#7354,.T.);
#7352 = VERTEX_POINT('',#7353);
#7353 = CARTESIAN_POINT('',(123.097663,-125.604891,1.585));
#7354 = LINE('',#7355,#7356);
#7355 = CARTESIAN_POINT('',(123.202716,-125.636758,1.585));
#7356 = VECTOR('',#7357,1.);
#7357 = DIRECTION('',(-0.956941548164,0.290280680374,0.));
#7358 = ORIENTED_EDGE('',*,*,#7359,.T.);
#7359 = EDGE_CURVE('',#7352,#7360,#7362,.T.);
#7360 = VERTEX_POINT('',#7361);
#7361 = CARTESIAN_POINT('',(123.012705,-125.587991,1.585));
#7362 = LINE('',#7363,#7364);
#7363 = CARTESIAN_POINT('',(123.097663,-125.604891,1.585));
#7364 = VECTOR('',#7365,1.);
#7365 = DIRECTION('',(-0.980783506402,0.195099240309,0.));
#7366 = ORIENTED_EDGE('',*,*,#7367,.T.);
#7367 = EDGE_CURVE('',#7360,#7368,#7370,.T.);
#7368 = VERTEX_POINT('',#7369);
#7369 = CARTESIAN_POINT('',(123.85734,-122.435772,1.585));
#7370 = LINE('',#7371,#7372);
#7371 = CARTESIAN_POINT('',(123.012705,-125.587991,1.585));
#7372 = VECTOR('',#7373,1.);
#7373 = DIRECTION('',(0.258819177927,0.965925790699,0.));
#7374 = ORIENTED_EDGE('',*,*,#7375,.T.);
#7375 = EDGE_CURVE('',#7368,#7333,#7376,.T.);
#7376 = LINE('',#7377,#7378);
#7377 = CARTESIAN_POINT('',(123.85734,-122.435772,1.585));
#7378 = VECTOR('',#7379,1.);
#7379 = DIRECTION('',(0.608767769954,0.793348474673,0.));
#7380 = PLANE('',#7381);
#7381 = AXIS2_PLACEMENT_3D('',#7382,#7383,#7384);
#7382 = CARTESIAN_POINT('',(0.,0.,1.585));
#7383 = DIRECTION('',(0.,0.,1.));
#7384 = DIRECTION('',(1.,0.,-0.));
#7385 = SHELL_BASED_SURFACE_MODEL('',(#7386));
#7386 = OPEN_SHELL('',(#7387));
#7387 = ADVANCED_FACE('',(#7388),#7463,.T.);
#7388 = FACE_BOUND('',#7389,.F.);
#7389 = EDGE_LOOP('',(#7390,#7400,#7408,#7416,#7424,#7432,#7440,#7448,
    #7457));
#7390 = ORIENTED_EDGE('',*,*,#7391,.T.);
#7391 = EDGE_CURVE('',#7392,#7394,#7396,.T.);
#7392 = VERTEX_POINT('',#7393);
#7393 = CARTESIAN_POINT('',(122.45,-125.5,1.585));
#7394 = VERTEX_POINT('',#7395);
#7395 = CARTESIAN_POINT('',(122.44929,-125.507202,1.585));
#7396 = LINE('',#7397,#7398);
#7397 = CARTESIAN_POINT('',(122.45,-125.5,1.585));
#7398 = VECTOR('',#7399,1.);
#7399 = DIRECTION('',(-9.810813520977E-02,-0.995175760258,0.));
#7400 = ORIENTED_EDGE('',*,*,#7401,.T.);
#7401 = EDGE_CURVE('',#7394,#7402,#7404,.T.);
#7402 = VERTEX_POINT('',#7403);
#7403 = CARTESIAN_POINT('',(122.418969,-125.504216,1.585));
#7404 = LINE('',#7405,#7406);
#7405 = CARTESIAN_POINT('',(122.44929,-125.507202,1.585));
#7406 = VECTOR('',#7407,1.);
#7407 = DIRECTION('',(-0.995185872267,9.800550821528E-02,0.));
#7408 = ORIENTED_EDGE('',*,*,#7409,.T.);
#7409 = EDGE_CURVE('',#7402,#7410,#7412,.T.);
#7410 = VERTEX_POINT('',#7411);
#7411 = CARTESIAN_POINT('',(122.247232,-125.5,1.585));
#7412 = LINE('',#7413,#7414);
#7413 = CARTESIAN_POINT('',(122.418969,-125.504216,1.585));
#7414 = VECTOR('',#7415,1.);
#7415 = DIRECTION('',(-0.999698805374,2.454177121677E-02,0.));
#7416 = ORIENTED_EDGE('',*,*,#7417,.T.);
#7417 = EDGE_CURVE('',#7410,#7418,#7420,.T.);
#7418 = VERTEX_POINT('',#7419);
#7419 = CARTESIAN_POINT('',(122.075495,-125.504216,1.585));
#7420 = LINE('',#7421,#7422);
#7421 = CARTESIAN_POINT('',(122.247232,-125.5,1.585));
#7422 = VECTOR('',#7423,1.);
#7423 = DIRECTION('',(-0.999698805374,-2.454177121677E-02,0.));
#7424 = ORIENTED_EDGE('',*,*,#7425,.T.);
#7425 = EDGE_CURVE('',#7418,#7426,#7428,.T.);
#7426 = VERTEX_POINT('',#7427);
#7427 = CARTESIAN_POINT('',(121.951617,-125.516416,1.585));
#7428 = LINE('',#7429,#7430);
#7429 = CARTESIAN_POINT('',(122.075495,-125.504216,1.585));
#7430 = VECTOR('',#7431,1.);
#7431 = DIRECTION('',(-0.995185446076,-9.800983582344E-02,0.));
#7432 = ORIENTED_EDGE('',*,*,#7433,.T.);
#7433 = EDGE_CURVE('',#7426,#7434,#7436,.T.);
#7434 = VERTEX_POINT('',#7435);
#7435 = CARTESIAN_POINT('',(121.95,-125.5,1.585));
#7436 = LINE('',#7437,#7438);
#7437 = CARTESIAN_POINT('',(121.951617,-125.516416,1.585));
#7438 = VECTOR('',#7439,1.);
#7439 = DIRECTION('',(-9.802705433921E-02,0.995183750178,0.));
#7440 = ORIENTED_EDGE('',*,*,#7441,.T.);
#7441 = EDGE_CURVE('',#7434,#7442,#7444,.T.);
#7442 = VERTEX_POINT('',#7443);
#7443 = CARTESIAN_POINT('',(121.95,-121.75,1.585));
#7444 = LINE('',#7445,#7446);
#7445 = CARTESIAN_POINT('',(121.95,-125.5,1.585));
#7446 = VECTOR('',#7447,1.);
#7447 = DIRECTION('',(0.,1.,0.));
#7448 = ORIENTED_EDGE('',*,*,#7449,.T.);
#7449 = EDGE_CURVE('',#7442,#7450,#7452,.T.);
#7450 = VERTEX_POINT('',#7451);
#7451 = CARTESIAN_POINT('',(122.45,-121.75,1.585));
#7452 = CIRCLE('',#7453,0.250000000003);
#7453 = AXIS2_PLACEMENT_3D('',#7454,#7455,#7456);
#7454 = CARTESIAN_POINT('',(122.2,-121.7500011897,1.585));
#7455 = DIRECTION('',(0.,0.,-1.));
#7456 = DIRECTION('',(-0.999999999989,4.758985426125E-06,0.));
#7457 = ORIENTED_EDGE('',*,*,#7458,.T.);
#7458 = EDGE_CURVE('',#7450,#7392,#7459,.T.);
#7459 = LINE('',#7460,#7461);
#7460 = CARTESIAN_POINT('',(122.45,-121.75,1.585));
#7461 = VECTOR('',#7462,1.);
#7462 = DIRECTION('',(0.,-1.,0.));
#7463 = PLANE('',#7464);
#7464 = AXIS2_PLACEMENT_3D('',#7465,#7466,#7467);
#7465 = CARTESIAN_POINT('',(0.,0.,1.585));
#7466 = DIRECTION('',(0.,0.,1.));
#7467 = DIRECTION('',(1.,0.,-0.));
#7468 = SHELL_BASED_SURFACE_MODEL('',(#7469));
#7469 = OPEN_SHELL('',(#7470));
#7470 = ADVANCED_FACE('',(#7471,#7698),#7709,.T.);
#7471 = FACE_BOUND('',#7472,.F.);
#7472 = EDGE_LOOP('',(#7473,#7484,#7492,#7501,#7509,#7518,#7526,#7534,
    #7542,#7550,#7558,#7567,#7575,#7584,#7592,#7601,#7609,#7617,#7626,
    #7634,#7643,#7651,#7659,#7667,#7675,#7683,#7692));
#7473 = ORIENTED_EDGE('',*,*,#7474,.T.);
#7474 = EDGE_CURVE('',#7475,#7477,#7479,.T.);
#7475 = VERTEX_POINT('',#7476);
#7476 = CARTESIAN_POINT('',(137.926812,-91.966873,1.585));
#7477 = VERTEX_POINT('',#7478);
#7478 = CARTESIAN_POINT('',(143.85,-97.,1.585));
#7479 = CIRCLE('',#7480,5.100000555429);
#7480 = AXIS2_PLACEMENT_3D('',#7481,#7482,#7483);
#7481 = CARTESIAN_POINT('',(138.74999944457,-97.00000006937,1.585));
#7482 = DIRECTION('',(0.,0.,-1.));
#7483 = DIRECTION('',(-0.161409285278,0.986887553182,0.));
#7484 = ORIENTED_EDGE('',*,*,#7485,.T.);
#7485 = EDGE_CURVE('',#7477,#7486,#7488,.T.);
#7486 = VERTEX_POINT('',#7487);
#7487 = CARTESIAN_POINT('',(143.85,-109.,1.585));
#7488 = LINE('',#7489,#7490);
#7489 = CARTESIAN_POINT('',(143.85,-97.,1.585));
#7490 = VECTOR('',#7491,1.);
#7491 = DIRECTION('',(0.,-1.,0.));
#7492 = ORIENTED_EDGE('',*,*,#7493,.T.);
#7493 = EDGE_CURVE('',#7486,#7494,#7496,.T.);
#7494 = VERTEX_POINT('',#7495);
#7495 = CARTESIAN_POINT('',(137.926812,-114.033127,1.585));
#7496 = CIRCLE('',#7497,5.10000164573);
#7497 = AXIS2_PLACEMENT_3D('',#7498,#7499,#7500);
#7498 = CARTESIAN_POINT('',(138.74999835427,-108.9999986475,1.585));
#7499 = DIRECTION('',(0.,0.,-1.));
#7500 = DIRECTION('',(1.,-2.65193177155E-07,0.));
#7501 = ORIENTED_EDGE('',*,*,#7502,.T.);
#7502 = EDGE_CURVE('',#7494,#7503,#7505,.T.);
#7503 = VERTEX_POINT('',#7504);
#7504 = CARTESIAN_POINT('',(120.852213,-111.240507,1.585));
#7505 = LINE('',#7506,#7507);
#7506 = CARTESIAN_POINT('',(137.926812,-114.033127,1.585));
#7507 = VECTOR('',#7508,1.);
#7508 = DIRECTION('',(-0.986887524282,0.161409461977,0.));
#7509 = ORIENTED_EDGE('',*,*,#7510,.T.);
#7510 = EDGE_CURVE('',#7503,#7511,#7513,.T.);
#7511 = VERTEX_POINT('',#7512);
#7512 = CARTESIAN_POINT('',(115.136823,-107.453541,1.585));
#7513 = CIRCLE('',#7514,8.350000110641);
#7514 = AXIS2_PLACEMENT_3D('',#7515,#7516,#7517);
#7515 = CARTESIAN_POINT('',(122.19999969962,-102.9999989537,1.585));
#7516 = DIRECTION('',(0.,0.,-1.));
#7517 = DIRECTION('',(-0.161411578655,-0.986887178089,-0.));
#7518 = ORIENTED_EDGE('',*,*,#7519,.T.);
#7519 = EDGE_CURVE('',#7511,#7520,#7522,.T.);
#7520 = VERTEX_POINT('',#7521);
#7521 = CARTESIAN_POINT('',(115.001384,-107.222396,1.585));
#7522 = LINE('',#7523,#7524);
#7523 = CARTESIAN_POINT('',(115.136823,-107.453541,1.585));
#7524 = VECTOR('',#7525,1.);
#7525 = DIRECTION('',(-0.50555338181,0.86279532807,0.));
#7526 = ORIENTED_EDGE('',*,*,#7527,.T.);
#7527 = EDGE_CURVE('',#7520,#7528,#7530,.T.);
#7528 = VERTEX_POINT('',#7529);
#7529 = CARTESIAN_POINT('',(115.001384,-106.851482,1.585));
#7530 = LINE('',#7531,#7532);
#7531 = CARTESIAN_POINT('',(115.001384,-107.222396,1.585));
#7532 = VECTOR('',#7533,1.);
#7533 = DIRECTION('',(0.,1.,0.));
#7534 = ORIENTED_EDGE('',*,*,#7535,.T.);
#7535 = EDGE_CURVE('',#7528,#7536,#7538,.T.);
#7536 = VERTEX_POINT('',#7537);
#7537 = CARTESIAN_POINT('',(115.002245,-106.851737,1.585));
#7538 = LINE('',#7539,#7540);
#7539 = CARTESIAN_POINT('',(115.001384,-106.851482,1.585));
#7540 = VECTOR('',#7541,1.);
#7541 = DIRECTION('',(0.958831809643,-0.283974577764,0.));
#7542 = ORIENTED_EDGE('',*,*,#7543,.T.);
#7543 = EDGE_CURVE('',#7536,#7544,#7546,.T.);
#7544 = VERTEX_POINT('',#7545);
#7545 = CARTESIAN_POINT('',(115.037879,-106.889283,1.585));
#7546 = LINE('',#7547,#7548);
#7547 = CARTESIAN_POINT('',(115.002245,-106.851737,1.585));
#7548 = VECTOR('',#7549,1.);
#7549 = DIRECTION('',(0.688397026562,-0.725334084282,0.));
#7550 = ORIENTED_EDGE('',*,*,#7551,.T.);
#7551 = EDGE_CURVE('',#7544,#7552,#7554,.T.);
#7552 = VERTEX_POINT('',#7553);
#7553 = CARTESIAN_POINT('',(115.164527,-107.122419,1.585));
#7554 = LINE('',#7555,#7556);
#7555 = CARTESIAN_POINT('',(115.037879,-106.889283,1.585));
#7556 = VECTOR('',#7557,1.);
#7557 = DIRECTION('',(0.477349358188,-0.878713599666,0.));
#7558 = ORIENTED_EDGE('',*,*,#7559,.T.);
#7559 = EDGE_CURVE('',#7552,#7560,#7562,.T.);
#7560 = VERTEX_POINT('',#7561);
#7561 = CARTESIAN_POINT('',(120.622684,-111.000268,1.585));
#7562 = CIRCLE('',#7563,8.154279120292);
#7563 = AXIS2_PLACEMENT_3D('',#7564,#7565,#7566);
#7564 = CARTESIAN_POINT('',(122.20000171395,-102.9999969545,1.585));
#7565 = DIRECTION('',(0.,0.,1.));
#7566 = DIRECTION('',(-0.862795424362,-0.505553217476,0.));
#7567 = ORIENTED_EDGE('',*,*,#7568,.T.);
#7568 = EDGE_CURVE('',#7560,#7569,#7571,.T.);
#7569 = VERTEX_POINT('',#7570);
#7570 = CARTESIAN_POINT('',(137.268756,-113.722841,1.585));
#7571 = LINE('',#7572,#7573);
#7572 = CARTESIAN_POINT('',(120.622684,-111.000268,1.585));
#7573 = VECTOR('',#7574,1.);
#7574 = DIRECTION('',(0.986887143397,-0.161411790761,0.));
#7575 = ORIENTED_EDGE('',*,*,#7576,.T.);
#7576 = EDGE_CURVE('',#7569,#7577,#7579,.T.);
#7577 = VERTEX_POINT('',#7578);
#7578 = CARTESIAN_POINT('',(135.736631,-112.927099,1.585));
#7579 = CIRCLE('',#7580,4.93952115509);
#7580 = AXIS2_PLACEMENT_3D('',#7581,#7582,#7583);
#7581 = CARTESIAN_POINT('',(138.74435082227,-109.0088735455,1.585));
#7582 = DIRECTION('',(0.,0.,-1.));
#7583 = DIRECTION('',(-0.298732362095,-0.954336929935,-0.));
#7584 = ORIENTED_EDGE('',*,*,#7585,.T.);
#7585 = EDGE_CURVE('',#7577,#7586,#7588,.T.);
#7586 = VERTEX_POINT('',#7587);
#7587 = CARTESIAN_POINT('',(135.405828,-112.649523,1.585));
#7588 = LINE('',#7589,#7590);
#7589 = CARTESIAN_POINT('',(135.736631,-112.927099,1.585));
#7590 = VECTOR('',#7591,1.);
#7591 = DIRECTION('',(-0.766045213132,0.64278669202,0.));
#7592 = ORIENTED_EDGE('',*,*,#7593,.T.);
#7593 = EDGE_CURVE('',#7586,#7594,#7596,.T.);
#7594 = VERTEX_POINT('',#7595);
#7595 = CARTESIAN_POINT('',(143.582665,-107.928624,1.585));
#7596 = CIRCLE('',#7597,4.950000134387);
#7597 = AXIS2_PLACEMENT_3D('',#7598,#7599,#7600);
#7598 = CARTESIAN_POINT('',(138.74999962783,-109.0000000922,1.585));
#7599 = DIRECTION('',(0.,0.,-1.));
#7600 = DIRECTION('',(-0.675590209504,-0.73727733508,-0.));
#7601 = ORIENTED_EDGE('',*,*,#7602,.T.);
#7602 = EDGE_CURVE('',#7594,#7603,#7605,.T.);
#7603 = VERTEX_POINT('',#7604);
#7604 = CARTESIAN_POINT('',(143.65,-108.310498,1.585));
#7605 = LINE('',#7606,#7607);
#7606 = CARTESIAN_POINT('',(143.582665,-107.928624,1.585));
#7607 = VECTOR('',#7608,1.);
#7608 = DIRECTION('',(0.173648954437,-0.984807616046,0.));
#7609 = ORIENTED_EDGE('',*,*,#7610,.T.);
#7610 = EDGE_CURVE('',#7603,#7611,#7613,.T.);
#7611 = VERTEX_POINT('',#7612);
#7612 = CARTESIAN_POINT('',(143.649939,-96.787588,1.585));
#7613 = LINE('',#7614,#7615);
#7614 = CARTESIAN_POINT('',(143.65,-108.310498,1.585));
#7615 = VECTOR('',#7616,1.);
#7616 = DIRECTION('',(-5.293801653893E-06,0.999999999986,0.));
#7617 = ORIENTED_EDGE('',*,*,#7618,.T.);
#7618 = EDGE_CURVE('',#7611,#7619,#7621,.T.);
#7619 = VERTEX_POINT('',#7620);
#7620 = CARTESIAN_POINT('',(138.168731,-92.130026,1.585));
#7621 = CIRCLE('',#7622,4.904541046739);
#7622 = AXIS2_PLACEMENT_3D('',#7623,#7624,#7625);
#7623 = CARTESIAN_POINT('',(138.7499998264,-97.00000027412,1.585));
#7624 = DIRECTION('',(0.,0.,1.));
#7625 = DIRECTION('',(0.999061711769,4.330930704769E-02,-0.));
#7626 = ORIENTED_EDGE('',*,*,#7627,.T.);
#7627 = EDGE_CURVE('',#7619,#7628,#7630,.T.);
#7628 = VERTEX_POINT('',#7629);
#7629 = CARTESIAN_POINT('',(120.622683,-94.999732,1.585));
#7630 = LINE('',#7631,#7632);
#7631 = CARTESIAN_POINT('',(138.168731,-92.130026,1.585));
#7632 = VECTOR('',#7633,1.);
#7633 = DIRECTION('',(-0.986887716001,-0.161408289772,0.));
#7634 = ORIENTED_EDGE('',*,*,#7635,.T.);
#7635 = EDGE_CURVE('',#7628,#7636,#7638,.T.);
#7636 = VERTEX_POINT('',#7637);
#7637 = CARTESIAN_POINT('',(115.164527,-98.877582,1.585));
#7638 = CIRCLE('',#7639,8.154278675279);
#7639 = AXIS2_PLACEMENT_3D('',#7640,#7641,#7642);
#7640 = CARTESIAN_POINT('',(122.20000222438,-103.000002294,1.585));
#7641 = DIRECTION('',(0.,0.,1.));
#7642 = DIRECTION('',(-0.193434549787,0.981113181518,0.));
#7643 = ORIENTED_EDGE('',*,*,#7644,.T.);
#7644 = EDGE_CURVE('',#7636,#7645,#7647,.T.);
#7645 = VERTEX_POINT('',#7646);
#7646 = CARTESIAN_POINT('',(115.037879,-99.110718,1.585));
#7647 = LINE('',#7648,#7649);
#7648 = CARTESIAN_POINT('',(115.164527,-98.877582,1.585));
#7649 = VECTOR('',#7650,1.);
#7650 = DIRECTION('',(-0.477349358188,-0.878713599666,0.));
#7651 = ORIENTED_EDGE('',*,*,#7652,.T.);
#7652 = EDGE_CURVE('',#7645,#7653,#7655,.T.);
#7653 = VERTEX_POINT('',#7654);
#7654 = CARTESIAN_POINT('',(115.002245,-99.148264,1.585));
#7655 = LINE('',#7656,#7657);
#7656 = CARTESIAN_POINT('',(115.037879,-99.110718,1.585));
#7657 = VECTOR('',#7658,1.);
#7658 = DIRECTION('',(-0.688397026562,-0.725334084282,0.));
#7659 = ORIENTED_EDGE('',*,*,#7660,.T.);
#7660 = EDGE_CURVE('',#7653,#7661,#7663,.T.);
#7661 = VERTEX_POINT('',#7662);
#7662 = CARTESIAN_POINT('',(115.001384,-99.148518,1.585));
#7663 = LINE('',#7664,#7665);
#7664 = CARTESIAN_POINT('',(115.002245,-99.148264,1.585));
#7665 = VECTOR('',#7666,1.);
#7666 = DIRECTION('',(-0.959134580766,-0.282950271211,0.));
#7667 = ORIENTED_EDGE('',*,*,#7668,.T.);
#7668 = EDGE_CURVE('',#7661,#7669,#7671,.T.);
#7669 = VERTEX_POINT('',#7670);
#7670 = CARTESIAN_POINT('',(115.001384,-98.777604,1.585));
#7671 = LINE('',#7672,#7673);
#7672 = CARTESIAN_POINT('',(115.001384,-99.148518,1.585));
#7673 = VECTOR('',#7674,1.);
#7674 = DIRECTION('',(0.,1.,0.));
#7675 = ORIENTED_EDGE('',*,*,#7676,.T.);
#7676 = EDGE_CURVE('',#7669,#7677,#7679,.T.);
#7677 = VERTEX_POINT('',#7678);
#7678 = CARTESIAN_POINT('',(115.136823,-98.54646,1.585));
#7679 = LINE('',#7680,#7681);
#7680 = CARTESIAN_POINT('',(115.001384,-98.777604,1.585));
#7681 = VECTOR('',#7682,1.);
#7682 = DIRECTION('',(0.505555009978,0.862794374046,0.));
#7683 = ORIENTED_EDGE('',*,*,#7684,.T.);
#7684 = EDGE_CURVE('',#7677,#7685,#7687,.T.);
#7685 = VERTEX_POINT('',#7686);
#7686 = CARTESIAN_POINT('',(120.852231,-94.759489,1.585));
#7687 = CIRCLE('',#7688,8.35000096067);
#7688 = AXIS2_PLACEMENT_3D('',#7689,#7690,#7691);
#7689 = CARTESIAN_POINT('',(122.20000165996,-103.0000005309,1.585));
#7690 = DIRECTION('',(0.,0.,-1.));
#7691 = DIRECTION('',(-0.845889562556,0.533358086053,0.));
#7692 = ORIENTED_EDGE('',*,*,#7693,.T.);
#7693 = EDGE_CURVE('',#7685,#7475,#7694,.T.);
#7694 = LINE('',#7695,#7696);
#7695 = CARTESIAN_POINT('',(120.852231,-94.759489,1.585));
#7696 = VECTOR('',#7697,1.);
#7697 = DIRECTION('',(0.986887534005,0.16140940253,0.));
#7698 = FACE_BOUND('',#7699,.F.);
#7699 = EDGE_LOOP('',(#7700));
#7700 = ORIENTED_EDGE('',*,*,#7701,.T.);
#7701 = EDGE_CURVE('',#7702,#7702,#7704,.T.);
#7702 = VERTEX_POINT('',#7703);
#7703 = CARTESIAN_POINT('',(141.8,-109.,1.585));
#7704 = CIRCLE('',#7705,3.);
#7705 = AXIS2_PLACEMENT_3D('',#7706,#7707,#7708);
#7706 = CARTESIAN_POINT('',(138.8,-109.,1.585));
#7707 = DIRECTION('',(0.,0.,1.));
#7708 = DIRECTION('',(1.,0.,-0.));
#7709 = PLANE('',#7710);
#7710 = AXIS2_PLACEMENT_3D('',#7711,#7712,#7713);
#7711 = CARTESIAN_POINT('',(0.,0.,1.585));
#7712 = DIRECTION('',(0.,0.,1.));
#7713 = DIRECTION('',(1.,0.,-0.));
#7714 = SHELL_BASED_SURFACE_MODEL('',(#7715));
#7715 = OPEN_SHELL('',(#7716));
#7716 = ADVANCED_FACE('',(#7717),#7776,.T.);
#7717 = FACE_BOUND('',#7718,.F.);
#7718 = EDGE_LOOP('',(#7719,#7730,#7738,#7746,#7754,#7762,#7770));
#7719 = ORIENTED_EDGE('',*,*,#7720,.T.);
#7720 = EDGE_CURVE('',#7721,#7723,#7725,.T.);
#7721 = VERTEX_POINT('',#7722);
#7722 = CARTESIAN_POINT('',(118.937776,-108.944574,1.585));
#7723 = VERTEX_POINT('',#7724);
#7724 = CARTESIAN_POINT('',(118.68296,-108.797456,1.585));
#7725 = CIRCLE('',#7726,0.150000237588);
#7726 = AXIS2_PLACEMENT_3D('',#7727,#7728,#7729);
#7727 = CARTESIAN_POINT('',(118.82499969145,-108.8456721521,1.585));
#7728 = DIRECTION('',(-0.,0.,-1.));
#7729 = DIRECTION('',(0.751840866148,-0.659344607918,-0.));
#7730 = ORIENTED_EDGE('',*,*,#7731,.T.);
#7731 = EDGE_CURVE('',#7723,#7732,#7734,.T.);
#7732 = VERTEX_POINT('',#7733);
#7733 = CARTESIAN_POINT('',(120.337224,-105.932187,1.585));
#7734 = LINE('',#7735,#7736);
#7735 = CARTESIAN_POINT('',(118.68296,-108.797456,1.585));
#7736 = VECTOR('',#7737,1.);
#7737 = DIRECTION('',(0.500000038888,0.866025381332,0.));
#7738 = ORIENTED_EDGE('',*,*,#7739,.T.);
#7739 = EDGE_CURVE('',#7732,#7740,#7742,.T.);
#7740 = VERTEX_POINT('',#7741);
#7741 = CARTESIAN_POINT('',(120.340059,-105.930011,1.585));
#7742 = LINE('',#7743,#7744);
#7743 = CARTESIAN_POINT('',(120.337224,-105.932187,1.585));
#7744 = VECTOR('',#7745,1.);
#7745 = DIRECTION('',(0.793268466723,0.608872022434,0.));
#7746 = ORIENTED_EDGE('',*,*,#7747,.T.);
#7747 = EDGE_CURVE('',#7740,#7748,#7750,.T.);
#7748 = VERTEX_POINT('',#7749);
#7749 = CARTESIAN_POINT('',(120.447872,-106.00205,1.585));
#7750 = LINE('',#7751,#7752);
#7751 = CARTESIAN_POINT('',(120.340059,-105.930011,1.585));
#7752 = VECTOR('',#7753,1.);
#7753 = DIRECTION('',(0.831467273454,-0.555573733338,0.));
#7754 = ORIENTED_EDGE('',*,*,#7755,.T.);
#7755 = EDGE_CURVE('',#7748,#7756,#7758,.T.);
#7756 = VERTEX_POINT('',#7757);
#7757 = CARTESIAN_POINT('',(120.592064,-106.079122,1.585));
#7758 = LINE('',#7759,#7760);
#7759 = CARTESIAN_POINT('',(120.447872,-106.00205,1.585));
#7760 = VECTOR('',#7761,1.);
#7761 = DIRECTION('',(0.881921848458,-0.471395644033,0.));
#7762 = ORIENTED_EDGE('',*,*,#7763,.T.);
#7763 = EDGE_CURVE('',#7756,#7764,#7766,.T.);
#7764 = VERTEX_POINT('',#7765);
#7765 = CARTESIAN_POINT('',(120.59204,-106.079305,1.585));
#7766 = LINE('',#7767,#7768);
#7767 = CARTESIAN_POINT('',(120.592064,-106.079122,1.585));
#7768 = VECTOR('',#7769,1.);
#7769 = DIRECTION('',(-0.130034036775,-0.991509530605,0.));
#7770 = ORIENTED_EDGE('',*,*,#7771,.T.);
#7771 = EDGE_CURVE('',#7764,#7721,#7772,.T.);
#7772 = LINE('',#7773,#7774);
#7773 = CARTESIAN_POINT('',(120.59204,-106.079305,1.585));
#7774 = VECTOR('',#7775,1.);
#7775 = DIRECTION('',(-0.500000038888,-0.866025381332,0.));
#7776 = PLANE('',#7777);
#7777 = AXIS2_PLACEMENT_3D('',#7778,#7779,#7780);
#7778 = CARTESIAN_POINT('',(0.,0.,1.585));
#7779 = DIRECTION('',(0.,0.,1.));
#7780 = DIRECTION('',(1.,0.,-0.));
#7781 = SHELL_BASED_SURFACE_MODEL('',(#7782));
#7782 = OPEN_SHELL('',(#7783));
#7783 = ADVANCED_FACE('',(#7784),#7827,.T.);
#7784 = FACE_BOUND('',#7785,.F.);
#7785 = EDGE_LOOP('',(#7786,#7796,#7804,#7812,#7821));
#7786 = ORIENTED_EDGE('',*,*,#7787,.T.);
#7787 = EDGE_CURVE('',#7788,#7790,#7792,.T.);
#7788 = VERTEX_POINT('',#7789);
#7789 = CARTESIAN_POINT('',(123.83015,-106.11774,1.585));
#7790 = VERTEX_POINT('',#7791);
#7791 = CARTESIAN_POINT('',(124.046592,-106.00205,1.585));
#7792 = LINE('',#7793,#7794);
#7793 = CARTESIAN_POINT('',(123.83015,-106.11774,1.585));
#7794 = VECTOR('',#7795,1.);
#7795 = DIRECTION('',(0.881922381158,0.471394647417,0.));
#7796 = ORIENTED_EDGE('',*,*,#7797,.T.);
#7797 = EDGE_CURVE('',#7790,#7798,#7800,.T.);
#7798 = VERTEX_POINT('',#7799);
#7799 = CARTESIAN_POINT('',(124.087377,-105.974797,1.585));
#7800 = LINE('',#7801,#7802);
#7801 = CARTESIAN_POINT('',(124.046592,-106.00205,1.585));
#7802 = VECTOR('',#7803,1.);
#7803 = DIRECTION('',(0.831457047083,0.555589037739,0.));
#7804 = ORIENTED_EDGE('',*,*,#7805,.T.);
#7805 = EDGE_CURVE('',#7798,#7806,#7808,.T.);
#7806 = VERTEX_POINT('',#7807);
#7807 = CARTESIAN_POINT('',(125.71704,-108.797456,1.585));
#7808 = LINE('',#7809,#7810);
#7809 = CARTESIAN_POINT('',(124.087377,-105.974797,1.585));
#7810 = VECTOR('',#7811,1.);
#7811 = DIRECTION('',(0.500000015307,-0.866025394947,0.));
#7812 = ORIENTED_EDGE('',*,*,#7813,.T.);
#7813 = EDGE_CURVE('',#7806,#7814,#7816,.T.);
#7814 = VERTEX_POINT('',#7815);
#7815 = CARTESIAN_POINT('',(125.462224,-108.944574,1.585));
#7816 = CIRCLE('',#7817,0.150000349199);
#7817 = AXIS2_PLACEMENT_3D('',#7818,#7819,#7820);
#7818 = CARTESIAN_POINT('',(125.5750000225,-108.8456716567,1.585));
#7819 = DIRECTION('',(0.,0.,-1.));
#7820 = DIRECTION('',(0.946930978882,0.321436963079,0.));
#7821 = ORIENTED_EDGE('',*,*,#7822,.T.);
#7822 = EDGE_CURVE('',#7814,#7788,#7823,.T.);
#7823 = LINE('',#7824,#7825);
#7824 = CARTESIAN_POINT('',(125.462224,-108.944574,1.585));
#7825 = VECTOR('',#7826,1.);
#7826 = DIRECTION('',(-0.500000144558,0.866025320324,0.));
#7827 = PLANE('',#7828);
#7828 = AXIS2_PLACEMENT_3D('',#7829,#7830,#7831);
#7829 = CARTESIAN_POINT('',(0.,0.,1.585));
#7830 = DIRECTION('',(0.,0.,1.));
#7831 = DIRECTION('',(1.,0.,-0.));
#7832 = SHELL_BASED_SURFACE_MODEL('',(#7833));
#7833 = OPEN_SHELL('',(#7834));
#7834 = ADVANCED_FACE('',(#7835),#7894,.T.);
#7835 = FACE_BOUND('',#7836,.F.);
#7836 = EDGE_LOOP('',(#7837,#7848,#7856,#7864,#7872,#7880,#7888));
#7837 = ORIENTED_EDGE('',*,*,#7838,.T.);
#7838 = EDGE_CURVE('',#7839,#7841,#7843,.T.);
#7839 = VERTEX_POINT('',#7840);
#7840 = CARTESIAN_POINT('',(117.15681,-108.251246,1.585));
#7841 = VERTEX_POINT('',#7842);
#7842 = CARTESIAN_POINT('',(116.948754,-108.04319,1.585));
#7843 = CIRCLE('',#7844,0.150000166887);
#7844 = AXIS2_PLACEMENT_3D('',#7845,#7846,#7847);
#7845 = CARTESIAN_POINT('',(117.073475,-108.126525,1.585));
#7846 = DIRECTION('',(0.,0.,-1.));
#7847 = DIRECTION('',(0.555566048557,-0.831472408256,0.));
#7848 = ORIENTED_EDGE('',*,*,#7849,.T.);
#7849 = EDGE_CURVE('',#7841,#7850,#7852,.T.);
#7850 = VERTEX_POINT('',#7851);
#7851 = CARTESIAN_POINT('',(119.641791,-105.350153,1.585));
#7852 = LINE('',#7853,#7854);
#7853 = CARTESIAN_POINT('',(116.948754,-108.04319,1.585));
#7854 = VECTOR('',#7855,1.);
#7855 = DIRECTION('',(0.707106781187,0.707106781187,0.));
#7856 = ORIENTED_EDGE('',*,*,#7857,.T.);
#7857 = EDGE_CURVE('',#7850,#7858,#7860,.T.);
#7858 = VERTEX_POINT('',#7859);
#7859 = CARTESIAN_POINT('',(119.650644,-105.346485,1.585));
#7860 = LINE('',#7861,#7862);
#7861 = CARTESIAN_POINT('',(119.641791,-105.350153,1.585));
#7862 = VECTOR('',#7863,1.);
#7863 = DIRECTION('',(0.92384383913,0.382769592447,0.));
#7864 = ORIENTED_EDGE('',*,*,#7865,.T.);
#7865 = EDGE_CURVE('',#7858,#7866,#7868,.T.);
#7866 = VERTEX_POINT('',#7867);
#7867 = CARTESIAN_POINT('',(119.653903,-105.350456,1.585));
#7868 = LINE('',#7869,#7870);
#7869 = CARTESIAN_POINT('',(119.650644,-105.346485,1.585));
#7870 = VECTOR('',#7871,1.);
#7871 = DIRECTION('',(0.634403115606,-0.773002384802,0.));
#7872 = ORIENTED_EDGE('',*,*,#7873,.T.);
#7873 = EDGE_CURVE('',#7866,#7874,#7876,.T.);
#7874 = VERTEX_POINT('',#7875);
#7875 = CARTESIAN_POINT('',(119.853305,-105.549858,1.585));
#7876 = LINE('',#7877,#7878);
#7877 = CARTESIAN_POINT('',(119.653903,-105.350456,1.585));
#7878 = VECTOR('',#7879,1.);
#7879 = DIRECTION('',(0.707106781187,-0.707106781187,0.));
#7880 = ORIENTED_EDGE('',*,*,#7881,.T.);
#7881 = EDGE_CURVE('',#7874,#7882,#7884,.T.);
#7882 = VERTEX_POINT('',#7883);
#7883 = CARTESIAN_POINT('',(119.849847,-105.558209,1.585));
#7884 = LINE('',#7885,#7886);
#7885 = CARTESIAN_POINT('',(119.853305,-105.549858,1.585));
#7886 = VECTOR('',#7887,1.);
#7887 = DIRECTION('',(-0.382579792636,-0.923922454683,0.));
#7888 = ORIENTED_EDGE('',*,*,#7889,.T.);
#7889 = EDGE_CURVE('',#7882,#7839,#7890,.T.);
#7890 = LINE('',#7891,#7892);
#7891 = CARTESIAN_POINT('',(119.849847,-105.558209,1.585));
#7892 = VECTOR('',#7893,1.);
#7893 = DIRECTION('',(-0.707106781187,-0.707106781187,0.));
#7894 = PLANE('',#7895);
#7895 = AXIS2_PLACEMENT_3D('',#7896,#7897,#7898);
#7896 = CARTESIAN_POINT('',(0.,0.,1.585));
#7897 = DIRECTION('',(0.,0.,1.));
#7898 = DIRECTION('',(1.,0.,-0.));
#7899 = SHELL_BASED_SURFACE_MODEL('',(#7900));
#7900 = OPEN_SHELL('',(#7901));
#7901 = ADVANCED_FACE('',(#7902),#7945,.T.);
#7902 = FACE_BOUND('',#7903,.F.);
#7903 = EDGE_LOOP('',(#7904,#7914,#7922,#7930,#7939));
#7904 = ORIENTED_EDGE('',*,*,#7905,.T.);
#7905 = EDGE_CURVE('',#7906,#7908,#7910,.T.);
#7906 = VERTEX_POINT('',#7907);
#7907 = CARTESIAN_POINT('',(124.590868,-105.598925,1.585));
#7908 = VERTEX_POINT('',#7909);
#7909 = CARTESIAN_POINT('',(124.597688,-105.593329,1.585));
#7910 = LINE('',#7911,#7912);
#7911 = CARTESIAN_POINT('',(124.590868,-105.598925,1.585));
#7912 = VECTOR('',#7913,1.);
#7913 = DIRECTION('',(0.773067669396,0.634323559814,0.));
#7914 = ORIENTED_EDGE('',*,*,#7915,.T.);
#7915 = EDGE_CURVE('',#7908,#7916,#7918,.T.);
#7916 = VERTEX_POINT('',#7917);
#7917 = CARTESIAN_POINT('',(124.799536,-105.391481,1.585));
#7918 = LINE('',#7919,#7920);
#7919 = CARTESIAN_POINT('',(124.597688,-105.593329,1.585));
#7920 = VECTOR('',#7921,1.);
#7921 = DIRECTION('',(0.707106781187,0.707106781187,0.));
#7922 = ORIENTED_EDGE('',*,*,#7923,.T.);
#7923 = EDGE_CURVE('',#7916,#7924,#7926,.T.);
#7924 = VERTEX_POINT('',#7925);
#7925 = CARTESIAN_POINT('',(127.451245,-108.04319,1.585));
#7926 = LINE('',#7927,#7928);
#7927 = CARTESIAN_POINT('',(124.799536,-105.391481,1.585));
#7928 = VECTOR('',#7929,1.);
#7929 = DIRECTION('',(0.707106781187,-0.707106781187,0.));
#7930 = ORIENTED_EDGE('',*,*,#7931,.T.);
#7931 = EDGE_CURVE('',#7924,#7932,#7934,.T.);
#7932 = VERTEX_POINT('',#7933);
#7933 = CARTESIAN_POINT('',(127.243189,-108.251246,1.585));
#7934 = CIRCLE('',#7935,0.150000166887);
#7935 = AXIS2_PLACEMENT_3D('',#7936,#7937,#7938);
#7936 = CARTESIAN_POINT('',(127.326524,-108.126525,1.585));
#7937 = DIRECTION('',(0.,0.,-1.));
#7938 = DIRECTION('',(0.831472408256,0.555566048557,0.));
#7939 = ORIENTED_EDGE('',*,*,#7940,.T.);
#7940 = EDGE_CURVE('',#7932,#7906,#7941,.T.);
#7941 = LINE('',#7942,#7943);
#7942 = CARTESIAN_POINT('',(127.243189,-108.251246,1.585));
#7943 = VECTOR('',#7944,1.);
#7944 = DIRECTION('',(-0.707106781187,0.707106781187,0.));
#7945 = PLANE('',#7946);
#7946 = AXIS2_PLACEMENT_3D('',#7947,#7948,#7949);
#7947 = CARTESIAN_POINT('',(0.,0.,1.585));
#7948 = DIRECTION('',(0.,0.,1.));
#7949 = DIRECTION('',(1.,0.,-0.));
#7950 = SHELL_BASED_SURFACE_MODEL('',(#7951));
#7951 = OPEN_SHELL('',(#7952));
#7952 = ADVANCED_FACE('',(#7953),#8012,.T.);
#7953 = FACE_BOUND('',#7954,.F.);
#7954 = EDGE_LOOP('',(#7955,#7966,#7974,#7982,#7990,#7998,#8006));
#7955 = ORIENTED_EDGE('',*,*,#7956,.T.);
#7956 = EDGE_CURVE('',#7957,#7959,#7961,.T.);
#7957 = VERTEX_POINT('',#7958);
#7958 = CARTESIAN_POINT('',(116.386472,-106.469693,1.585));
#7959 = VERTEX_POINT('',#7960);
#7960 = CARTESIAN_POINT('',(116.288393,-106.299816,1.585));
#7961 = CIRCLE('',#7962,0.100000105172);
#7962 = AXIS2_PLACEMENT_3D('',#7963,#7964,#7965);
#7963 = CARTESIAN_POINT('',(116.3543277386,-106.3749999828,1.585));
#7964 = DIRECTION('',(0.,0.,-1.));
#7965 = DIRECTION('',(0.321442275912,-0.946929175417,0.));
#7966 = ORIENTED_EDGE('',*,*,#7967,.T.);
#7967 = EDGE_CURVE('',#7959,#7968,#7970,.T.);
#7968 = VERTEX_POINT('',#7969);
#7969 = CARTESIAN_POINT('',(119.136766,-104.655307,1.585));
#7970 = LINE('',#7971,#7972);
#7971 = CARTESIAN_POINT('',(116.288393,-106.299816,1.585));
#7972 = VECTOR('',#7973,1.);
#7973 = DIRECTION('',(0.866025393029,0.50000001863,0.));
#7974 = ORIENTED_EDGE('',*,*,#7975,.T.);
#7975 = EDGE_CURVE('',#7968,#7976,#7978,.T.);
#7976 = VERTEX_POINT('',#7977);
#7977 = CARTESIAN_POINT('',(119.166118,-104.651442,1.585));
#7978 = LINE('',#7979,#7980);
#7979 = CARTESIAN_POINT('',(119.136766,-104.655307,1.585));
#7980 = VECTOR('',#7981,1.);
#7981 = DIRECTION('',(0.991441644384,0.130550625359,0.));
#7982 = ORIENTED_EDGE('',*,*,#7983,.T.);
#7983 = EDGE_CURVE('',#7976,#7984,#7986,.T.);
#7984 = VERTEX_POINT('',#7985);
#7985 = CARTESIAN_POINT('',(119.245182,-104.79936,1.585));
#7986 = LINE('',#7987,#7988);
#7987 = CARTESIAN_POINT('',(119.166118,-104.651442,1.585));
#7988 = VECTOR('',#7989,1.);
#7989 = DIRECTION('',(0.471397579858,-0.881920813738,0.));
#7990 = ORIENTED_EDGE('',*,*,#7991,.T.);
#7991 = EDGE_CURVE('',#7984,#7992,#7994,.T.);
#7992 = VERTEX_POINT('',#7993);
#7993 = CARTESIAN_POINT('',(119.249594,-104.805963,1.585));
#7994 = LINE('',#7995,#7996);
#7995 = CARTESIAN_POINT('',(119.245182,-104.79936,1.585));
#7996 = VECTOR('',#7997,1.);
#7997 = DIRECTION('',(0.555571665417,-0.831468655203,0.));
#7998 = ORIENTED_EDGE('',*,*,#7999,.T.);
#7999 = EDGE_CURVE('',#7992,#8000,#8002,.T.);
#8000 = VERTEX_POINT('',#8001);
#8001 = CARTESIAN_POINT('',(119.234845,-104.825185,1.585));
#8002 = LINE('',#8003,#8004);
#8003 = CARTESIAN_POINT('',(119.249594,-104.805963,1.585));
#8004 = VECTOR('',#8005,1.);
#8005 = DIRECTION('',(-0.608746897717,-0.793364490332,0.));
#8006 = ORIENTED_EDGE('',*,*,#8007,.T.);
#8007 = EDGE_CURVE('',#8000,#7957,#8008,.T.);
#8008 = LINE('',#8009,#8010);
#8009 = CARTESIAN_POINT('',(119.234845,-104.825185,1.585));
#8010 = VECTOR('',#8011,1.);
#8011 = DIRECTION('',(-0.866025524683,-0.499999790598,0.));
#8012 = PLANE('',#8013);
#8013 = AXIS2_PLACEMENT_3D('',#8014,#8015,#8016);
#8014 = CARTESIAN_POINT('',(0.,0.,1.585));
#8015 = DIRECTION('',(0.,0.,1.));
#8016 = DIRECTION('',(1.,0.,-0.));
#8017 = SHELL_BASED_SURFACE_MODEL('',(#8018));
#8018 = OPEN_SHELL('',(#8019));
#8019 = ADVANCED_FACE('',(#8020),#8063,.T.);
#8020 = FACE_BOUND('',#8021,.F.);
#8021 = EDGE_LOOP('',(#8022,#8032,#8040,#8048,#8057));
#8022 = ORIENTED_EDGE('',*,*,#8023,.T.);
#8023 = EDGE_CURVE('',#8024,#8026,#8028,.T.);
#8024 = VERTEX_POINT('',#8025);
#8025 = CARTESIAN_POINT('',(125.21341,-104.853045,1.585));
#8026 = VERTEX_POINT('',#8027);
#8027 = CARTESIAN_POINT('',(125.249282,-104.79936,1.585));
#8028 = LINE('',#8029,#8030);
#8029 = CARTESIAN_POINT('',(125.21341,-104.853045,1.585));
#8030 = VECTOR('',#8031,1.);
#8031 = DIRECTION('',(0.555579118219,0.831463675334,0.));
#8032 = ORIENTED_EDGE('',*,*,#8033,.T.);
#8033 = EDGE_CURVE('',#8026,#8034,#8036,.T.);
#8034 = VERTEX_POINT('',#8035);
#8035 = CARTESIAN_POINT('',(125.311411,-104.683123,1.585));
#8036 = LINE('',#8037,#8038);
#8037 = CARTESIAN_POINT('',(125.249282,-104.79936,1.585));
#8038 = VECTOR('',#8039,1.);
#8039 = DIRECTION('',(0.471391007203,0.881924326872,0.));
#8040 = ORIENTED_EDGE('',*,*,#8041,.T.);
#8041 = EDGE_CURVE('',#8034,#8042,#8044,.T.);
#8042 = VERTEX_POINT('',#8043);
#8043 = CARTESIAN_POINT('',(128.111605,-106.299815,1.585));
#8044 = LINE('',#8045,#8046);
#8045 = CARTESIAN_POINT('',(125.311411,-104.683123,1.585));
#8046 = VECTOR('',#8047,1.);
#8047 = DIRECTION('',(0.866025505521,-0.499999823788,0.));
#8048 = ORIENTED_EDGE('',*,*,#8049,.T.);
#8049 = EDGE_CURVE('',#8042,#8050,#8052,.T.);
#8050 = VERTEX_POINT('',#8051);
#8051 = CARTESIAN_POINT('',(128.013526,-106.469693,1.585));
#8052 = CIRCLE('',#8053,0.100000442863);
#8053 = AXIS2_PLACEMENT_3D('',#8054,#8055,#8056);
#8054 = CARTESIAN_POINT('',(128.04567062275,-106.3749997489,1.585));
#8055 = DIRECTION('',(0.,0.,-1.));
#8056 = DIRECTION('',(0.659340852522,0.751844159514,0.));
#8057 = ORIENTED_EDGE('',*,*,#8058,.T.);
#8058 = EDGE_CURVE('',#8050,#8024,#8059,.T.);
#8059 = LINE('',#8060,#8061);
#8060 = CARTESIAN_POINT('',(128.013526,-106.469693,1.585));
#8061 = VECTOR('',#8062,1.);
#8062 = DIRECTION('',(-0.866025367138,0.500000063473,0.));
#8063 = PLANE('',#8064);
#8064 = AXIS2_PLACEMENT_3D('',#8065,#8066,#8067);
#8065 = CARTESIAN_POINT('',(0.,0.,1.585));
#8066 = DIRECTION('',(0.,0.,1.));
#8067 = DIRECTION('',(1.,0.,-0.));
#8068 = SHELL_BASED_SURFACE_MODEL('',(#8069));
#8069 = OPEN_SHELL('',(#8070));
#8070 = ADVANCED_FACE('',(#8071),#8130,.T.);
#8071 = FACE_BOUND('',#8072,.F.);
#8072 = EDGE_LOOP('',(#8073,#8084,#8092,#8100,#8108,#8116,#8124));
#8073 = ORIENTED_EDGE('',*,*,#8074,.T.);
#8074 = EDGE_CURVE('',#8075,#8077,#8079,.T.);
#8075 = VERTEX_POINT('',#8076);
#8076 = CARTESIAN_POINT('',(115.68654,-104.846815,1.585));
#8077 = VERTEX_POINT('',#8078);
#8078 = CARTESIAN_POINT('',(115.635771,-104.657341,1.585));
#8079 = CIRCLE('',#8080,0.100000305378);
#8080 = AXIS2_PLACEMENT_3D('',#8081,#8082,#8083);
#8081 = CARTESIAN_POINT('',(115.67999945958,-104.7470288165,1.585));
#8082 = DIRECTION('',(0.,0.,-1.));
#8083 = DIRECTION('',(6.540520438712E-02,-0.997858787223,0.));
#8084 = ORIENTED_EDGE('',*,*,#8085,.T.);
#8085 = EDGE_CURVE('',#8077,#8086,#8088,.T.);
#8086 = VERTEX_POINT('',#8087);
#8087 = CARTESIAN_POINT('',(118.812718,-103.806081,1.585));
#8088 = LINE('',#8089,#8090);
#8089 = CARTESIAN_POINT('',(115.635771,-104.657341,1.585));
#8090 = VECTOR('',#8091,1.);
#8091 = DIRECTION('',(0.965925855405,0.258818936442,0.));
#8092 = ORIENTED_EDGE('',*,*,#8093,.T.);
#8093 = EDGE_CURVE('',#8086,#8094,#8096,.T.);
#8094 = VERTEX_POINT('',#8095);
#8095 = CARTESIAN_POINT('',(118.844123,-103.810215,1.585));
#8096 = LINE('',#8097,#8098);
#8097 = CARTESIAN_POINT('',(118.812718,-103.806081,1.585));
#8098 = VECTOR('',#8099,1.);
#8099 = DIRECTION('',(0.991447094675,-0.130509227492,0.));
#8100 = ORIENTED_EDGE('',*,*,#8101,.T.);
#8101 = EDGE_CURVE('',#8094,#8102,#8104,.T.);
#8102 = VERTEX_POINT('',#8103);
#8103 = CARTESIAN_POINT('',(118.852123,-103.850431,1.585));
#8104 = LINE('',#8105,#8106);
#8105 = CARTESIAN_POINT('',(118.844123,-103.810215,1.585));
#8106 = VECTOR('',#8107,1.);
#8107 = DIRECTION('',(0.195102995697,-0.980782759366,0.));
#8108 = ORIENTED_EDGE('',*,*,#8109,.T.);
#8109 = EDGE_CURVE('',#8102,#8110,#8112,.T.);
#8110 = VERTEX_POINT('',#8111);
#8111 = CARTESIAN_POINT('',(118.889979,-103.975227,1.585));
#8112 = LINE('',#8113,#8114);
#8113 = CARTESIAN_POINT('',(118.852123,-103.850431,1.585));
#8114 = VECTOR('',#8115,1.);
#8115 = DIRECTION('',(0.290281498248,-0.956941300068,0.));
#8116 = ORIENTED_EDGE('',*,*,#8117,.T.);
#8117 = EDGE_CURVE('',#8110,#8118,#8120,.T.);
#8118 = VERTEX_POINT('',#8119);
#8119 = CARTESIAN_POINT('',(118.863488,-103.995555,1.585));
#8120 = LINE('',#8121,#8122);
#8121 = CARTESIAN_POINT('',(118.889979,-103.975227,1.585));
#8122 = VECTOR('',#8123,1.);
#8123 = DIRECTION('',(-0.793342626096,-0.608775391766,0.));
#8124 = ORIENTED_EDGE('',*,*,#8125,.T.);
#8125 = EDGE_CURVE('',#8118,#8075,#8126,.T.);
#8126 = LINE('',#8127,#8128);
#8127 = CARTESIAN_POINT('',(118.863488,-103.995555,1.585));
#8128 = VECTOR('',#8129,1.);
#8129 = DIRECTION('',(-0.965925875772,-0.258818860431,0.));
#8130 = PLANE('',#8131);
#8131 = AXIS2_PLACEMENT_3D('',#8132,#8133,#8134);
#8132 = CARTESIAN_POINT('',(0.,0.,1.585));
#8133 = DIRECTION('',(0.,0.,1.));
#8134 = DIRECTION('',(1.,0.,-0.));
#8135 = SHELL_BASED_SURFACE_MODEL('',(#8136));
#8136 = OPEN_SHELL('',(#8137));
#8137 = ADVANCED_FACE('',(#8138),#8181,.T.);
#8138 = FACE_BOUND('',#8139,.F.);
#8139 = EDGE_LOOP('',(#8140,#8150,#8158,#8166,#8175));
#8140 = ORIENTED_EDGE('',*,*,#8141,.T.);
#8141 = EDGE_CURVE('',#8142,#8144,#8146,.T.);
#8142 = VERTEX_POINT('',#8143);
#8143 = CARTESIAN_POINT('',(125.593671,-104.010871,1.585));
#8144 = VERTEX_POINT('',#8145);
#8145 = CARTESIAN_POINT('',(125.642341,-103.850431,1.585));
#8146 = LINE('',#8147,#8148);
#8147 = CARTESIAN_POINT('',(125.593671,-104.010871,1.585));
#8148 = VECTOR('',#8149,1.);
#8149 = DIRECTION('',(0.290290456353,0.956938582643,0.));
#8150 = ORIENTED_EDGE('',*,*,#8151,.T.);
#8151 = EDGE_CURVE('',#8144,#8152,#8154,.T.);
#8152 = VERTEX_POINT('',#8153);
#8153 = CARTESIAN_POINT('',(125.648301,-103.820468,1.585));
#8154 = LINE('',#8155,#8156);
#8155 = CARTESIAN_POINT('',(125.642341,-103.850431,1.585));
#8156 = VECTOR('',#8157,1.);
#8157 = DIRECTION('',(0.195089967349,0.980785350951,0.));
#8158 = ORIENTED_EDGE('',*,*,#8159,.T.);
#8159 = EDGE_CURVE('',#8152,#8160,#8162,.T.);
#8160 = VERTEX_POINT('',#8161);
#8161 = CARTESIAN_POINT('',(128.764228,-104.657341,1.585));
#8162 = LINE('',#8163,#8164);
#8163 = CARTESIAN_POINT('',(125.648301,-103.820468,1.585));
#8164 = VECTOR('',#8165,1.);
#8165 = DIRECTION('',(0.965773562357,-0.259386634684,0.));
#8166 = ORIENTED_EDGE('',*,*,#8167,.T.);
#8167 = EDGE_CURVE('',#8160,#8168,#8170,.T.);
#8168 = VERTEX_POINT('',#8169);
#8169 = CARTESIAN_POINT('',(128.713458,-104.846815,1.585));
#8170 = CIRCLE('',#8171,0.100000529732);
#8171 = AXIS2_PLACEMENT_3D('',#8172,#8173,#8174);
#8172 = CARTESIAN_POINT('',(128.71999858287,-104.7470285945,1.585));
#8173 = DIRECTION('',(0.,0.,-1.));
#8174 = DIRECTION('',(0.442291828286,0.896871194003,0.));
#8175 = ORIENTED_EDGE('',*,*,#8176,.T.);
#8176 = EDGE_CURVE('',#8168,#8142,#8177,.T.);
#8177 = LINE('',#8178,#8179);
#8178 = CARTESIAN_POINT('',(128.713458,-104.846815,1.585));
#8179 = VECTOR('',#8180,1.);
#8180 = DIRECTION('',(-0.965925857808,0.258818927472,0.));
#8181 = PLANE('',#8182);
#8182 = AXIS2_PLACEMENT_3D('',#8183,#8184,#8185);
#8183 = CARTESIAN_POINT('',(0.,0.,1.585));
#8184 = DIRECTION('',(0.,0.,1.));
#8185 = DIRECTION('',(1.,0.,-0.));
#8186 = SHELL_BASED_SURFACE_MODEL('',(#8187));
#8187 = OPEN_SHELL('',(#8188));
#8188 = ADVANCED_FACE('',(#8189),#8239,.T.);
#8189 = FACE_BOUND('',#8190,.F.);
#8190 = EDGE_LOOP('',(#8191,#8201,#8209,#8217,#8225,#8233));
#8191 = ORIENTED_EDGE('',*,*,#8192,.T.);
#8192 = EDGE_CURVE('',#8193,#8195,#8197,.T.);
#8193 = VERTEX_POINT('',#8194);
#8194 = CARTESIAN_POINT('',(115.001384,-103.147118,1.585));
#8195 = VERTEX_POINT('',#8196);
#8196 = CARTESIAN_POINT('',(115.001384,-102.852882,1.585));
#8197 = LINE('',#8198,#8199);
#8198 = CARTESIAN_POINT('',(115.001384,-103.147118,1.585));
#8199 = VECTOR('',#8200,1.);
#8200 = DIRECTION('',(0.,1.,0.));
#8201 = ORIENTED_EDGE('',*,*,#8202,.T.);
#8202 = EDGE_CURVE('',#8195,#8203,#8205,.T.);
#8203 = VERTEX_POINT('',#8204);
#8204 = CARTESIAN_POINT('',(118.729264,-102.852882,1.585));
#8205 = LINE('',#8206,#8207);
#8206 = CARTESIAN_POINT('',(115.001384,-102.852882,1.585));
#8207 = VECTOR('',#8208,1.);
#8208 = DIRECTION('',(1.,0.,0.));
#8209 = ORIENTED_EDGE('',*,*,#8210,.T.);
#8210 = EDGE_CURVE('',#8203,#8211,#8213,.T.);
#8211 = VERTEX_POINT('',#8212);
#8212 = CARTESIAN_POINT('',(118.751448,-102.862071,1.585));
#8213 = LINE('',#8214,#8215);
#8214 = CARTESIAN_POINT('',(118.729264,-102.852882,1.585));
#8215 = VECTOR('',#8216,1.);
#8216 = DIRECTION('',(0.923878261337,-0.382686501237,0.));
#8217 = ORIENTED_EDGE('',*,*,#8218,.T.);
#8218 = EDGE_CURVE('',#8211,#8219,#8221,.T.);
#8219 = VERTEX_POINT('',#8220);
#8220 = CARTESIAN_POINT('',(118.751448,-103.137928,1.585));
#8221 = LINE('',#8222,#8223);
#8222 = CARTESIAN_POINT('',(118.751448,-102.862071,1.585));
#8223 = VECTOR('',#8224,1.);
#8224 = DIRECTION('',(0.,-1.,0.));
#8225 = ORIENTED_EDGE('',*,*,#8226,.T.);
#8226 = EDGE_CURVE('',#8219,#8227,#8229,.T.);
#8227 = VERTEX_POINT('',#8228);
#8228 = CARTESIAN_POINT('',(118.729264,-103.147118,1.585));
#8229 = LINE('',#8230,#8231);
#8230 = CARTESIAN_POINT('',(118.751448,-103.137928,1.585));
#8231 = VECTOR('',#8232,1.);
#8232 = DIRECTION('',(-0.923863536652,-0.382722047504,0.));
#8233 = ORIENTED_EDGE('',*,*,#8234,.T.);
#8234 = EDGE_CURVE('',#8227,#8193,#8235,.T.);
#8235 = LINE('',#8236,#8237);
#8236 = CARTESIAN_POINT('',(118.729264,-103.147118,1.585));
#8237 = VECTOR('',#8238,1.);
#8238 = DIRECTION('',(-1.,0.,0.));
#8239 = PLANE('',#8240);
#8240 = AXIS2_PLACEMENT_3D('',#8241,#8242,#8243);
#8241 = CARTESIAN_POINT('',(0.,0.,1.585));
#8242 = DIRECTION('',(0.,0.,1.));
#8243 = DIRECTION('',(1.,0.,-0.));
#8244 = SHELL_BASED_SURFACE_MODEL('',(#8245));
#8245 = OPEN_SHELL('',(#8246));
#8246 = ADVANCED_FACE('',(#8247),#8282,.T.);
#8247 = FACE_BOUND('',#8248,.F.);
#8248 = EDGE_LOOP('',(#8249,#8259,#8267,#8276));
#8249 = ORIENTED_EDGE('',*,*,#8250,.T.);
#8250 = EDGE_CURVE('',#8251,#8253,#8255,.T.);
#8251 = VERTEX_POINT('',#8252);
#8252 = CARTESIAN_POINT('',(125.743016,-103.147118,1.585));
#8253 = VERTEX_POINT('',#8254);
#8254 = CARTESIAN_POINT('',(125.743016,-102.852882,1.585));
#8255 = LINE('',#8256,#8257);
#8256 = CARTESIAN_POINT('',(125.743016,-103.147118,1.585));
#8257 = VECTOR('',#8258,1.);
#8258 = DIRECTION('',(0.,1.,0.));
#8259 = ORIENTED_EDGE('',*,*,#8260,.T.);
#8260 = EDGE_CURVE('',#8253,#8261,#8263,.T.);
#8261 = VERTEX_POINT('',#8262);
#8262 = CARTESIAN_POINT('',(129.479264,-102.852882,1.585));
#8263 = LINE('',#8264,#8265);
#8264 = CARTESIAN_POINT('',(125.743016,-102.852882,1.585));
#8265 = VECTOR('',#8266,1.);
#8266 = DIRECTION('',(1.,0.,0.));
#8267 = ORIENTED_EDGE('',*,*,#8268,.T.);
#8268 = EDGE_CURVE('',#8261,#8269,#8271,.T.);
#8269 = VERTEX_POINT('',#8270);
#8270 = CARTESIAN_POINT('',(129.479264,-103.147118,1.585));
#8271 = CIRCLE('',#8272,0.150000292066);
#8272 = AXIS2_PLACEMENT_3D('',#8273,#8274,#8275);
#8273 = CARTESIAN_POINT('',(129.45,-103.,1.585));
#8274 = DIRECTION('',(0.,0.,-1.));
#8275 = DIRECTION('',(0.195092953466,0.980784756972,0.));
#8276 = ORIENTED_EDGE('',*,*,#8277,.T.);
#8277 = EDGE_CURVE('',#8269,#8251,#8278,.T.);
#8278 = LINE('',#8279,#8280);
#8279 = CARTESIAN_POINT('',(129.479264,-103.147118,1.585));
#8280 = VECTOR('',#8281,1.);
#8281 = DIRECTION('',(-1.,0.,0.));
#8282 = PLANE('',#8283);
#8283 = AXIS2_PLACEMENT_3D('',#8284,#8285,#8286);
#8284 = CARTESIAN_POINT('',(0.,0.,1.585));
#8285 = DIRECTION('',(0.,0.,1.));
#8286 = DIRECTION('',(1.,0.,-0.));
#8287 = SHELL_BASED_SURFACE_MODEL('',(#8288));
#8288 = OPEN_SHELL('',(#8289));
#8289 = ADVANCED_FACE('',(#8290),#8349,.T.);
#8290 = FACE_BOUND('',#8291,.F.);
#8291 = EDGE_LOOP('',(#8292,#8302,#8310,#8318,#8326,#8334,#8343));
#8292 = ORIENTED_EDGE('',*,*,#8293,.T.);
#8293 = EDGE_CURVE('',#8294,#8296,#8298,.T.);
#8294 = VERTEX_POINT('',#8295);
#8295 = CARTESIAN_POINT('',(118.863488,-102.004446,1.585));
#8296 = VERTEX_POINT('',#8297);
#8297 = CARTESIAN_POINT('',(118.889979,-102.024773,1.585));
#8298 = LINE('',#8299,#8300);
#8299 = CARTESIAN_POINT('',(118.863488,-102.004446,1.585));
#8300 = VECTOR('',#8301,1.);
#8301 = DIRECTION('',(0.793357089866,-0.608756542437,0.));
#8302 = ORIENTED_EDGE('',*,*,#8303,.T.);
#8303 = EDGE_CURVE('',#8296,#8304,#8306,.T.);
#8304 = VERTEX_POINT('',#8305);
#8305 = CARTESIAN_POINT('',(118.852123,-102.149569,1.585));
#8306 = LINE('',#8307,#8308);
#8307 = CARTESIAN_POINT('',(118.889979,-102.024773,1.585));
#8308 = VECTOR('',#8309,1.);
#8309 = DIRECTION('',(-0.290281498248,-0.956941300068,0.));
#8310 = ORIENTED_EDGE('',*,*,#8311,.T.);
#8311 = EDGE_CURVE('',#8304,#8312,#8314,.T.);
#8312 = VERTEX_POINT('',#8313);
#8313 = CARTESIAN_POINT('',(118.844123,-102.189785,1.585));
#8314 = LINE('',#8315,#8316);
#8315 = CARTESIAN_POINT('',(118.852123,-102.149569,1.585));
#8316 = VECTOR('',#8317,1.);
#8317 = DIRECTION('',(-0.195102995697,-0.980782759366,0.));
#8318 = ORIENTED_EDGE('',*,*,#8319,.T.);
#8319 = EDGE_CURVE('',#8312,#8320,#8322,.T.);
#8320 = VERTEX_POINT('',#8321);
#8321 = CARTESIAN_POINT('',(118.812718,-102.19392,1.585));
#8322 = LINE('',#8323,#8324);
#8323 = CARTESIAN_POINT('',(118.844123,-102.189785,1.585));
#8324 = VECTOR('',#8325,1.);
#8325 = DIRECTION('',(-0.991443009305,-0.130540259305,0.));
#8326 = ORIENTED_EDGE('',*,*,#8327,.T.);
#8327 = EDGE_CURVE('',#8320,#8328,#8330,.T.);
#8328 = VERTEX_POINT('',#8329);
#8329 = CARTESIAN_POINT('',(115.635771,-101.34266,1.585));
#8330 = LINE('',#8331,#8332);
#8331 = CARTESIAN_POINT('',(118.812718,-102.19392,1.585));
#8332 = VECTOR('',#8333,1.);
#8333 = DIRECTION('',(-0.965925855405,0.258818936442,0.));
#8334 = ORIENTED_EDGE('',*,*,#8335,.T.);
#8335 = EDGE_CURVE('',#8328,#8336,#8338,.T.);
#8336 = VERTEX_POINT('',#8337);
#8337 = CARTESIAN_POINT('',(115.705882,-101.156379,1.585));
#8338 = CIRCLE('',#8339,0.100000663228);
#8339 = AXIS2_PLACEMENT_3D('',#8340,#8341,#8342);
#8340 = CARTESIAN_POINT('',(115.68000085574,-101.2529724729,1.585));
#8341 = DIRECTION('',(0.,0.,-1.));
#8342 = DIRECTION('',(-0.44229562399,-0.896869322142,-0.));
#8343 = ORIENTED_EDGE('',*,*,#8344,.T.);
#8344 = EDGE_CURVE('',#8336,#8294,#8345,.T.);
#8345 = LINE('',#8346,#8347);
#8346 = CARTESIAN_POINT('',(115.705882,-101.156379,1.585));
#8347 = VECTOR('',#8348,1.);
#8348 = DIRECTION('',(0.965773570789,-0.259386603287,0.));
#8349 = PLANE('',#8350);
#8350 = AXIS2_PLACEMENT_3D('',#8351,#8352,#8353);
#8351 = CARTESIAN_POINT('',(0.,0.,1.585));
#8352 = DIRECTION('',(0.,0.,1.));
#8353 = DIRECTION('',(1.,0.,-0.));
#8354 = SHELL_BASED_SURFACE_MODEL('',(#8355));
#8355 = OPEN_SHELL('',(#8356));
#8356 = ADVANCED_FACE('',(#8357),#8400,.T.);
#8357 = FACE_BOUND('',#8358,.F.);
#8358 = EDGE_LOOP('',(#8359,#8369,#8377,#8386,#8394));
#8359 = ORIENTED_EDGE('',*,*,#8360,.T.);
#8360 = EDGE_CURVE('',#8361,#8363,#8365,.T.);
#8361 = VERTEX_POINT('',#8362);
#8362 = CARTESIAN_POINT('',(125.642341,-102.149569,1.585));
#8363 = VERTEX_POINT('',#8364);
#8364 = CARTESIAN_POINT('',(125.593672,-101.989129,1.585));
#8365 = LINE('',#8366,#8367);
#8366 = CARTESIAN_POINT('',(125.642341,-102.149569,1.585));
#8367 = VECTOR('',#8368,1.);
#8368 = DIRECTION('',(-0.290284994491,0.956940239499,0.));
#8369 = ORIENTED_EDGE('',*,*,#8370,.T.);
#8370 = EDGE_CURVE('',#8363,#8371,#8373,.T.);
#8371 = VERTEX_POINT('',#8372);
#8372 = CARTESIAN_POINT('',(128.713458,-101.153186,1.585));
#8373 = LINE('',#8374,#8375);
#8374 = CARTESIAN_POINT('',(125.593672,-101.989129,1.585));
#8375 = VECTOR('',#8376,1.);
#8376 = DIRECTION('',(0.965925914471,0.258818716002,0.));
#8377 = ORIENTED_EDGE('',*,*,#8378,.T.);
#8378 = EDGE_CURVE('',#8371,#8379,#8381,.T.);
#8379 = VERTEX_POINT('',#8380);
#8380 = CARTESIAN_POINT('',(128.764228,-101.34266,1.585));
#8381 = CIRCLE('',#8382,0.100000347819);
#8382 = AXIS2_PLACEMENT_3D('',#8383,#8384,#8385);
#8383 = CARTESIAN_POINT('',(128.71999948357,-101.2529721641,1.585));
#8384 = DIRECTION('',(0.,0.,-1.));
#8385 = DIRECTION('',(-6.541460824581E-02,0.997858170798,-0.));
#8386 = ORIENTED_EDGE('',*,*,#8387,.T.);
#8387 = EDGE_CURVE('',#8379,#8388,#8390,.T.);
#8388 = VERTEX_POINT('',#8389);
#8389 = CARTESIAN_POINT('',(125.64793,-102.177668,1.585));
#8390 = LINE('',#8391,#8392);
#8391 = CARTESIAN_POINT('',(128.764228,-101.34266,1.585));
#8392 = VECTOR('',#8393,1.);
#8393 = DIRECTION('',(-0.96592594504,-0.258818601917,0.));
#8394 = ORIENTED_EDGE('',*,*,#8395,.T.);
#8395 = EDGE_CURVE('',#8388,#8361,#8396,.T.);
#8396 = LINE('',#8397,#8398);
#8397 = CARTESIAN_POINT('',(125.64793,-102.177668,1.585));
#8398 = VECTOR('',#8399,1.);
#8399 = DIRECTION('',(-0.195082310357,0.980786873987,0.));
#8400 = PLANE('',#8401);
#8401 = AXIS2_PLACEMENT_3D('',#8402,#8403,#8404);
#8402 = CARTESIAN_POINT('',(0.,0.,1.585));
#8403 = DIRECTION('',(0.,0.,1.));
#8404 = DIRECTION('',(1.,0.,-0.));
#8405 = SHELL_BASED_SURFACE_MODEL('',(#8406));
#8406 = OPEN_SHELL('',(#8407));
#8407 = ADVANCED_FACE('',(#8408),#8467,.T.);
#8408 = FACE_BOUND('',#8409,.F.);
#8409 = EDGE_LOOP('',(#8410,#8420,#8428,#8436,#8444,#8452,#8461));
#8410 = ORIENTED_EDGE('',*,*,#8411,.T.);
#8411 = EDGE_CURVE('',#8412,#8414,#8416,.T.);
#8412 = VERTEX_POINT('',#8413);
#8413 = CARTESIAN_POINT('',(119.234845,-101.174815,1.585));
#8414 = VERTEX_POINT('',#8415);
#8415 = CARTESIAN_POINT('',(119.249594,-101.194036,1.585));
#8416 = LINE('',#8417,#8418);
#8417 = CARTESIAN_POINT('',(119.234845,-101.174815,1.585));
#8418 = VECTOR('',#8419,1.);
#8419 = DIRECTION('',(0.608766831684,-0.793349194644,0.));
#8420 = ORIENTED_EDGE('',*,*,#8421,.T.);
#8421 = EDGE_CURVE('',#8414,#8422,#8424,.T.);
#8422 = VERTEX_POINT('',#8423);
#8423 = CARTESIAN_POINT('',(119.245182,-101.20064,1.585));
#8424 = LINE('',#8425,#8426);
#8425 = CARTESIAN_POINT('',(119.249594,-101.194036,1.585));
#8426 = VECTOR('',#8427,1.);
#8427 = DIRECTION('',(-0.555513501288,-0.831507516434,0.));
#8428 = ORIENTED_EDGE('',*,*,#8429,.T.);
#8429 = EDGE_CURVE('',#8422,#8430,#8432,.T.);
#8430 = VERTEX_POINT('',#8431);
#8431 = CARTESIAN_POINT('',(119.166118,-101.348557,1.585));
#8432 = LINE('',#8433,#8434);
#8433 = CARTESIAN_POINT('',(119.245182,-101.20064,1.585));
#8434 = VECTOR('',#8435,1.);
#8435 = DIRECTION('',(-0.471400058578,-0.881919488827,0.));
#8436 = ORIENTED_EDGE('',*,*,#8437,.T.);
#8437 = EDGE_CURVE('',#8430,#8438,#8440,.T.);
#8438 = VERTEX_POINT('',#8439);
#8439 = CARTESIAN_POINT('',(119.136766,-101.344693,1.585));
#8440 = LINE('',#8441,#8442);
#8441 = CARTESIAN_POINT('',(119.166118,-101.348557,1.585));
#8442 = VECTOR('',#8443,1.);
#8443 = DIRECTION('',(-0.991446015801,0.130517423176,0.));
#8444 = ORIENTED_EDGE('',*,*,#8445,.T.);
#8445 = EDGE_CURVE('',#8438,#8446,#8448,.T.);
#8446 = VERTEX_POINT('',#8447);
#8447 = CARTESIAN_POINT('',(116.288393,-99.700184,1.585));
#8448 = LINE('',#8449,#8450);
#8449 = CARTESIAN_POINT('',(119.136766,-101.344693,1.585));
#8450 = VECTOR('',#8451,1.);
#8451 = DIRECTION('',(-0.866025393029,0.50000001863,0.));
#8452 = ORIENTED_EDGE('',*,*,#8453,.T.);
#8453 = EDGE_CURVE('',#8446,#8454,#8456,.T.);
#8454 = VERTEX_POINT('',#8455);
#8455 = CARTESIAN_POINT('',(116.386472,-99.530307,1.585));
#8456 = CIRCLE('',#8457,0.100000191056);
#8457 = AXIS2_PLACEMENT_3D('',#8458,#8459,#8460);
#8458 = CARTESIAN_POINT('',(116.35432811984,-99.62500023724,1.585));
#8459 = DIRECTION('',(0.,0.,-1.));
#8460 = DIRECTION('',(-0.659349938755,-0.75183619111,-0.));
#8461 = ORIENTED_EDGE('',*,*,#8462,.T.);
#8462 = EDGE_CURVE('',#8454,#8412,#8463,.T.);
#8463 = LINE('',#8464,#8465);
#8464 = CARTESIAN_POINT('',(116.386472,-99.530307,1.585));
#8465 = VECTOR('',#8466,1.);
#8466 = DIRECTION('',(0.866025524683,-0.499999790598,0.));
#8467 = PLANE('',#8468);
#8468 = AXIS2_PLACEMENT_3D('',#8469,#8470,#8471);
#8469 = CARTESIAN_POINT('',(0.,0.,1.585));
#8470 = DIRECTION('',(0.,0.,1.));
#8471 = DIRECTION('',(1.,0.,-0.));
#8472 = SHELL_BASED_SURFACE_MODEL('',(#8473));
#8473 = OPEN_SHELL('',(#8474));
#8474 = ADVANCED_FACE('',(#8475),#8518,.T.);
#8475 = FACE_BOUND('',#8476,.F.);
#8476 = EDGE_LOOP('',(#8477,#8487,#8496,#8504,#8512));
#8477 = ORIENTED_EDGE('',*,*,#8478,.T.);
#8478 = EDGE_CURVE('',#8479,#8481,#8483,.T.);
#8479 = VERTEX_POINT('',#8480);
#8480 = CARTESIAN_POINT('',(125.21341,-101.146954,1.585));
#8481 = VERTEX_POINT('',#8482);
#8482 = CARTESIAN_POINT('',(128.013526,-99.530307,1.585));
#8483 = LINE('',#8484,#8485);
#8484 = CARTESIAN_POINT('',(125.21341,-101.146954,1.585));
#8485 = VECTOR('',#8486,1.);
#8486 = DIRECTION('',(0.866025501061,0.499999831512,0.));
#8487 = ORIENTED_EDGE('',*,*,#8488,.T.);
#8488 = EDGE_CURVE('',#8481,#8489,#8491,.T.);
#8489 = VERTEX_POINT('',#8490);
#8490 = CARTESIAN_POINT('',(128.111605,-99.700185,1.585));
#8491 = CIRCLE('',#8492,0.100000369189);
#8492 = AXIS2_PLACEMENT_3D('',#8493,#8494,#8495);
#8493 = CARTESIAN_POINT('',(128.04567094981,-99.62500006225,1.585));
#8494 = DIRECTION('',(0.,0.,-1.));
#8495 = DIRECTION('',(-0.321448311344,0.946927126623,-0.));
#8496 = ORIENTED_EDGE('',*,*,#8497,.T.);
#8497 = EDGE_CURVE('',#8489,#8498,#8500,.T.);
#8498 = VERTEX_POINT('',#8499);
#8499 = CARTESIAN_POINT('',(125.311411,-101.316876,1.585));
#8500 = LINE('',#8501,#8502);
#8501 = CARTESIAN_POINT('',(128.111605,-99.700185,1.585));
#8502 = VECTOR('',#8503,1.);
#8503 = DIRECTION('',(-0.86602563944,-0.499999591832,0.));
#8504 = ORIENTED_EDGE('',*,*,#8505,.T.);
#8505 = EDGE_CURVE('',#8498,#8506,#8508,.T.);
#8506 = VERTEX_POINT('',#8507);
#8507 = CARTESIAN_POINT('',(125.249282,-101.20064,1.585));
#8508 = LINE('',#8509,#8510);
#8509 = CARTESIAN_POINT('',(125.311411,-101.316876,1.585));
#8510 = VECTOR('',#8511,1.);
#8511 = DIRECTION('',(-0.471394161496,0.881922640886,0.));
#8512 = ORIENTED_EDGE('',*,*,#8513,.T.);
#8513 = EDGE_CURVE('',#8506,#8479,#8514,.T.);
#8514 = LINE('',#8515,#8516);
#8515 = CARTESIAN_POINT('',(125.249282,-101.20064,1.585));
#8516 = VECTOR('',#8517,1.);
#8517 = DIRECTION('',(-0.555571963786,0.831468455839,0.));
#8518 = PLANE('',#8519);
#8519 = AXIS2_PLACEMENT_3D('',#8520,#8521,#8522);
#8520 = CARTESIAN_POINT('',(0.,0.,1.585));
#8521 = DIRECTION('',(0.,0.,1.));
#8522 = DIRECTION('',(1.,0.,-0.));
#8523 = SHELL_BASED_SURFACE_MODEL('',(#8524));
#8524 = OPEN_SHELL('',(#8525));
#8525 = ADVANCED_FACE('',(#8526),#8585,.T.);
#8526 = FACE_BOUND('',#8527,.F.);
#8527 = EDGE_LOOP('',(#8528,#8538,#8546,#8554,#8562,#8570,#8579));
#8528 = ORIENTED_EDGE('',*,*,#8529,.T.);
#8529 = EDGE_CURVE('',#8530,#8532,#8534,.T.);
#8530 = VERTEX_POINT('',#8531);
#8531 = CARTESIAN_POINT('',(119.849847,-100.441792,1.585));
#8532 = VERTEX_POINT('',#8533);
#8533 = CARTESIAN_POINT('',(119.853305,-100.450141,1.585));
#8534 = LINE('',#8535,#8536);
#8535 = CARTESIAN_POINT('',(119.849847,-100.441792,1.585));
#8536 = VECTOR('',#8537,1.);
#8537 = DIRECTION('',(0.382658021273,-0.923890057721,0.));
#8538 = ORIENTED_EDGE('',*,*,#8539,.T.);
#8539 = EDGE_CURVE('',#8532,#8540,#8542,.T.);
#8540 = VERTEX_POINT('',#8541);
#8541 = CARTESIAN_POINT('',(119.653903,-100.649544,1.585));
#8542 = LINE('',#8543,#8544);
#8543 = CARTESIAN_POINT('',(119.853305,-100.450141,1.585));
#8544 = VECTOR('',#8545,1.);
#8545 = DIRECTION('',(-0.70710500812,-0.707108554248,0.));
#8546 = ORIENTED_EDGE('',*,*,#8547,.T.);
#8547 = EDGE_CURVE('',#8540,#8548,#8550,.T.);
#8548 = VERTEX_POINT('',#8549);
#8549 = CARTESIAN_POINT('',(119.650644,-100.653515,1.585));
#8550 = LINE('',#8551,#8552);
#8551 = CARTESIAN_POINT('',(119.653903,-100.649544,1.585));
#8552 = VECTOR('',#8553,1.);
#8553 = DIRECTION('',(-0.634403115606,-0.773002384802,0.));
#8554 = ORIENTED_EDGE('',*,*,#8555,.T.);
#8555 = EDGE_CURVE('',#8548,#8556,#8558,.T.);
#8556 = VERTEX_POINT('',#8557);
#8557 = CARTESIAN_POINT('',(119.641791,-100.649848,1.585));
#8558 = LINE('',#8559,#8560);
#8559 = CARTESIAN_POINT('',(119.650644,-100.653515,1.585));
#8560 = VECTOR('',#8561,1.);
#8561 = DIRECTION('',(-0.923880737817,0.382680522486,0.));
#8562 = ORIENTED_EDGE('',*,*,#8563,.T.);
#8563 = EDGE_CURVE('',#8556,#8564,#8566,.T.);
#8564 = VERTEX_POINT('',#8565);
#8565 = CARTESIAN_POINT('',(116.948754,-97.956811,1.585));
#8566 = LINE('',#8567,#8568);
#8567 = CARTESIAN_POINT('',(119.641791,-100.649848,1.585));
#8568 = VECTOR('',#8569,1.);
#8569 = DIRECTION('',(-0.707106781187,0.707106781187,0.));
#8570 = ORIENTED_EDGE('',*,*,#8571,.T.);
#8571 = EDGE_CURVE('',#8564,#8572,#8574,.T.);
#8572 = VERTEX_POINT('',#8573);
#8573 = CARTESIAN_POINT('',(117.15681,-97.748755,1.585));
#8574 = CIRCLE('',#8575,0.150000188319);
#8575 = AXIS2_PLACEMENT_3D('',#8576,#8577,#8578);
#8576 = CARTESIAN_POINT('',(117.07347507768,-97.87347607768,1.585));
#8577 = DIRECTION('',(0.,0.,-1.));
#8578 = DIRECTION('',(-0.831472807322,-0.555565451305,-0.));
#8579 = ORIENTED_EDGE('',*,*,#8580,.T.);
#8580 = EDGE_CURVE('',#8572,#8530,#8581,.T.);
#8581 = LINE('',#8582,#8583);
#8582 = CARTESIAN_POINT('',(117.15681,-97.748755,1.585));
#8583 = VECTOR('',#8584,1.);
#8584 = DIRECTION('',(0.707106781187,-0.707106781187,0.));
#8585 = PLANE('',#8586);
#8586 = AXIS2_PLACEMENT_3D('',#8587,#8588,#8589);
#8587 = CARTESIAN_POINT('',(0.,0.,1.585));
#8588 = DIRECTION('',(0.,0.,1.));
#8589 = DIRECTION('',(1.,0.,-0.));
#8590 = SHELL_BASED_SURFACE_MODEL('',(#8591));
#8591 = OPEN_SHELL('',(#8592));
#8592 = ADVANCED_FACE('',(#8593),#8636,.T.);
#8593 = FACE_BOUND('',#8594,.F.);
#8594 = EDGE_LOOP('',(#8595,#8606,#8614,#8622,#8630));
#8595 = ORIENTED_EDGE('',*,*,#8596,.T.);
#8596 = EDGE_CURVE('',#8597,#8599,#8601,.T.);
#8597 = VERTEX_POINT('',#8598);
#8598 = CARTESIAN_POINT('',(127.243189,-97.748755,1.585));
#8599 = VERTEX_POINT('',#8600);
#8600 = CARTESIAN_POINT('',(127.451245,-97.956811,1.585));
#8601 = CIRCLE('',#8602,0.150000166887);
#8602 = AXIS2_PLACEMENT_3D('',#8603,#8604,#8605);
#8603 = CARTESIAN_POINT('',(127.326524,-97.873476,1.585));
#8604 = DIRECTION('',(0.,0.,-1.));
#8605 = DIRECTION('',(-0.555566048557,0.831472408256,0.));
#8606 = ORIENTED_EDGE('',*,*,#8607,.T.);
#8607 = EDGE_CURVE('',#8599,#8608,#8610,.T.);
#8608 = VERTEX_POINT('',#8609);
#8609 = CARTESIAN_POINT('',(124.799536,-100.608519,1.585));
#8610 = LINE('',#8611,#8612);
#8611 = CARTESIAN_POINT('',(127.451245,-97.956811,1.585));
#8612 = VECTOR('',#8613,1.);
#8613 = DIRECTION('',(-0.707106914517,-0.707106647856,0.));
#8614 = ORIENTED_EDGE('',*,*,#8615,.T.);
#8615 = EDGE_CURVE('',#8608,#8616,#8618,.T.);
#8616 = VERTEX_POINT('',#8617);
#8617 = CARTESIAN_POINT('',(124.597688,-100.406671,1.585));
#8618 = LINE('',#8619,#8620);
#8619 = CARTESIAN_POINT('',(124.799536,-100.608519,1.585));
#8620 = VECTOR('',#8621,1.);
#8621 = DIRECTION('',(-0.707106781187,0.707106781187,0.));
#8622 = ORIENTED_EDGE('',*,*,#8623,.T.);
#8623 = EDGE_CURVE('',#8616,#8624,#8626,.T.);
#8624 = VERTEX_POINT('',#8625);
#8625 = CARTESIAN_POINT('',(124.590869,-100.401074,1.585));
#8626 = LINE('',#8627,#8628);
#8627 = CARTESIAN_POINT('',(124.597688,-100.406671,1.585));
#8628 = VECTOR('',#8629,1.);
#8629 = DIRECTION('',(-0.772966463022,0.634446882759,0.));
#8630 = ORIENTED_EDGE('',*,*,#8631,.T.);
#8631 = EDGE_CURVE('',#8624,#8597,#8632,.T.);
#8632 = LINE('',#8633,#8634);
#8633 = CARTESIAN_POINT('',(124.590869,-100.401074,1.585));
#8634 = VECTOR('',#8635,1.);
#8635 = DIRECTION('',(0.707106914486,0.707106647887,0.));
#8636 = PLANE('',#8637);
#8637 = AXIS2_PLACEMENT_3D('',#8638,#8639,#8640);
#8638 = CARTESIAN_POINT('',(0.,0.,1.585));
#8639 = DIRECTION('',(0.,0.,1.));
#8640 = DIRECTION('',(1.,0.,-0.));
#8641 = SHELL_BASED_SURFACE_MODEL('',(#8642));
#8642 = OPEN_SHELL('',(#8643));
#8643 = ADVANCED_FACE('',(#8644),#8703,.T.);
#8644 = FACE_BOUND('',#8645,.F.);
#8645 = EDGE_LOOP('',(#8646,#8656,#8664,#8672,#8680,#8688,#8697));
#8646 = ORIENTED_EDGE('',*,*,#8647,.T.);
#8647 = EDGE_CURVE('',#8648,#8650,#8652,.T.);
#8648 = VERTEX_POINT('',#8649);
#8649 = CARTESIAN_POINT('',(120.544693,-99.936767,1.585));
#8650 = VERTEX_POINT('',#8651);
#8651 = CARTESIAN_POINT('',(120.545852,-99.945577,1.585));
#8652 = LINE('',#8653,#8654);
#8653 = CARTESIAN_POINT('',(120.544693,-99.936767,1.585));
#8654 = VECTOR('',#8655,1.);
#8655 = DIRECTION('',(0.130431223585,-0.991457359605,0.));
#8656 = ORIENTED_EDGE('',*,*,#8657,.T.);
#8657 = EDGE_CURVE('',#8650,#8658,#8660,.T.);
#8658 = VERTEX_POINT('',#8659);
#8659 = CARTESIAN_POINT('',(120.447872,-99.99795,1.585));
#8660 = LINE('',#8661,#8662);
#8661 = CARTESIAN_POINT('',(120.545852,-99.945577,1.585));
#8662 = VECTOR('',#8663,1.);
#8663 = DIRECTION('',(-0.881915281167,-0.4714079304,0.));
#8664 = ORIENTED_EDGE('',*,*,#8665,.T.);
#8665 = EDGE_CURVE('',#8658,#8666,#8668,.T.);
#8666 = VERTEX_POINT('',#8667);
#8667 = CARTESIAN_POINT('',(120.383118,-100.041217,1.585));
#8668 = LINE('',#8669,#8670);
#8669 = CARTESIAN_POINT('',(120.447872,-99.99795,1.585));
#8670 = VECTOR('',#8671,1.);
#8671 = DIRECTION('',(-0.831471033016,-0.555568106766,0.));
#8672 = ORIENTED_EDGE('',*,*,#8673,.T.);
#8673 = EDGE_CURVE('',#8666,#8674,#8676,.T.);
#8674 = VERTEX_POINT('',#8675);
#8675 = CARTESIAN_POINT('',(120.374815,-100.034846,1.585));
#8676 = LINE('',#8677,#8678);
#8677 = CARTESIAN_POINT('',(120.383118,-100.041217,1.585));
#8678 = VECTOR('',#8679,1.);
#8679 = DIRECTION('',(-0.793358692504,0.608754453805,0.));
#8680 = ORIENTED_EDGE('',*,*,#8681,.T.);
#8681 = EDGE_CURVE('',#8674,#8682,#8684,.T.);
#8682 = VERTEX_POINT('',#8683);
#8683 = CARTESIAN_POINT('',(118.730307,-97.186473,1.585));
#8684 = LINE('',#8685,#8686);
#8685 = CARTESIAN_POINT('',(120.374815,-100.034846,1.585));
#8686 = VECTOR('',#8687,1.);
#8687 = DIRECTION('',(-0.499999790598,0.866025524683,0.));
#8688 = ORIENTED_EDGE('',*,*,#8689,.T.);
#8689 = EDGE_CURVE('',#8682,#8690,#8692,.T.);
#8690 = VERTEX_POINT('',#8691);
#8691 = CARTESIAN_POINT('',(118.900184,-97.088394,1.585));
#8692 = CIRCLE('',#8693,0.100000115017);
#8693 = AXIS2_PLACEMENT_3D('',#8694,#8695,#8696);
#8694 = CARTESIAN_POINT('',(118.82500004236,-97.1543287823,1.585));
#8695 = DIRECTION('',(0.,0.,-1.));
#8696 = DIRECTION('',(-0.946929334517,-0.321441807224,-0.));
#8697 = ORIENTED_EDGE('',*,*,#8698,.T.);
#8698 = EDGE_CURVE('',#8690,#8648,#8699,.T.);
#8699 = LINE('',#8700,#8701);
#8700 = CARTESIAN_POINT('',(118.900184,-97.088394,1.585));
#8701 = VECTOR('',#8702,1.);
#8702 = DIRECTION('',(0.50000001863,-0.866025393029,0.));
#8703 = PLANE('',#8704);
#8704 = AXIS2_PLACEMENT_3D('',#8705,#8706,#8707);
#8705 = CARTESIAN_POINT('',(0.,0.,1.585));
#8706 = DIRECTION('',(0.,0.,1.));
#8707 = DIRECTION('',(1.,0.,-0.));
#8708 = SHELL_BASED_SURFACE_MODEL('',(#8709));
#8709 = OPEN_SHELL('',(#8710));
#8710 = ADVANCED_FACE('',(#8711),#8746,.T.);
#8711 = FACE_BOUND('',#8712,.F.);
#8712 = EDGE_LOOP('',(#8713,#8724,#8732,#8740));
#8713 = ORIENTED_EDGE('',*,*,#8714,.T.);
#8714 = EDGE_CURVE('',#8715,#8717,#8719,.T.);
#8715 = VERTEX_POINT('',#8716);
#8716 = CARTESIAN_POINT('',(125.499815,-97.088395,1.585));
#8717 = VERTEX_POINT('',#8718);
#8718 = CARTESIAN_POINT('',(125.669693,-97.186474,1.585));
#8719 = CIRCLE('',#8720,0.100000442863);
#8720 = AXIS2_PLACEMENT_3D('',#8721,#8722,#8723);
#8721 = CARTESIAN_POINT('',(125.57499974891,-97.15432937725,1.585));
#8722 = DIRECTION('',(0.,0.,-1.));
#8723 = DIRECTION('',(-0.751844159514,0.659340852522,0.));
#8724 = ORIENTED_EDGE('',*,*,#8725,.T.);
#8725 = EDGE_CURVE('',#8717,#8726,#8728,.T.);
#8726 = VERTEX_POINT('',#8727);
#8727 = CARTESIAN_POINT('',(124.046511,-99.997906,1.585));
#8728 = LINE('',#8729,#8730);
#8729 = CARTESIAN_POINT('',(125.669693,-97.186474,1.585));
#8730 = VECTOR('',#8731,1.);
#8731 = DIRECTION('',(-0.500000225943,-0.866025273336,0.));
#8732 = ORIENTED_EDGE('',*,*,#8733,.T.);
#8733 = EDGE_CURVE('',#8726,#8734,#8736,.T.);
#8734 = VERTEX_POINT('',#8735);
#8735 = CARTESIAN_POINT('',(123.873423,-99.905389,1.585));
#8736 = LINE('',#8737,#8738);
#8737 = CARTESIAN_POINT('',(124.046511,-99.997906,1.585));
#8738 = VECTOR('',#8739,1.);
#8739 = DIRECTION('',(-0.88192224616,0.471394899981,0.));
#8740 = ORIENTED_EDGE('',*,*,#8741,.T.);
#8741 = EDGE_CURVE('',#8734,#8715,#8742,.T.);
#8742 = LINE('',#8743,#8744);
#8743 = CARTESIAN_POINT('',(123.873423,-99.905389,1.585));
#8744 = VECTOR('',#8745,1.);
#8745 = DIRECTION('',(0.499999943693,0.866025436293,0.));
#8746 = PLANE('',#8747);
#8747 = AXIS2_PLACEMENT_3D('',#8748,#8749,#8750);
#8748 = CARTESIAN_POINT('',(0.,0.,1.585));
#8749 = DIRECTION('',(0.,0.,1.));
#8750 = DIRECTION('',(1.,0.,-0.));
#8751 = SHELL_BASED_SURFACE_MODEL('',(#8752));
#8752 = OPEN_SHELL('',(#8753));
#8753 = ADVANCED_FACE('',(#8754),#8805,.T.);
#8754 = FACE_BOUND('',#8755,.F.);
#8755 = EDGE_LOOP('',(#8756,#8767,#8775,#8783,#8791,#8799));
#8756 = ORIENTED_EDGE('',*,*,#8757,.T.);
#8757 = EDGE_CURVE('',#8758,#8760,#8762,.T.);
#8758 = VERTEX_POINT('',#8759);
#8759 = CARTESIAN_POINT('',(120.377787,-96.414066,1.585));
#8760 = VERTEX_POINT('',#8761);
#8761 = CARTESIAN_POINT('',(120.542659,-96.435772,1.585));
#8762 = CIRCLE('',#8763,0.100001210234);
#8763 = AXIS2_PLACEMENT_3D('',#8764,#8765,#8766);
#8764 = CARTESIAN_POINT('',(120.45297108257,-96.48000230089,1.585));
#8765 = DIRECTION('',(0.,0.,-1.));
#8766 = DIRECTION('',(-0.751831726865,0.659355029161,0.));
#8767 = ORIENTED_EDGE('',*,*,#8768,.T.);
#8768 = EDGE_CURVE('',#8760,#8769,#8771,.T.);
#8769 = VERTEX_POINT('',#8770);
#8770 = CARTESIAN_POINT('',(121.392195,-99.606287,1.585));
#8771 = LINE('',#8772,#8773);
#8772 = CARTESIAN_POINT('',(120.542659,-96.435772,1.585));
#8773 = VECTOR('',#8774,1.);
#8774 = DIRECTION('',(0.258818779658,-0.965925897415,0.));
#8775 = ORIENTED_EDGE('',*,*,#8776,.T.);
#8776 = EDGE_CURVE('',#8769,#8777,#8779,.T.);
#8777 = VERTEX_POINT('',#8778);
#8778 = CARTESIAN_POINT('',(121.204383,-99.66326,1.585));
#8779 = LINE('',#8780,#8781);
#8780 = CARTESIAN_POINT('',(121.392195,-99.606287,1.585));
#8781 = VECTOR('',#8782,1.);
#8782 = DIRECTION('',(-0.956939128897,-0.290288655627,0.));
#8783 = ORIENTED_EDGE('',*,*,#8784,.T.);
#8784 = EDGE_CURVE('',#8777,#8785,#8787,.T.);
#8785 = VERTEX_POINT('',#8786);
#8786 = CARTESIAN_POINT('',(120.353185,-96.486541,1.585));
#8787 = LINE('',#8788,#8789);
#8788 = CARTESIAN_POINT('',(121.204383,-99.66326,1.585));
#8789 = VECTOR('',#8790,1.);
#8790 = DIRECTION('',(-0.258818678956,0.965925924398,0.));
#8791 = ORIENTED_EDGE('',*,*,#8792,.T.);
#8792 = EDGE_CURVE('',#8785,#8793,#8795,.T.);
#8793 = VERTEX_POINT('',#8794);
#8794 = CARTESIAN_POINT('',(120.358278,-96.447857,1.585));
#8795 = LINE('',#8796,#8797);
#8796 = CARTESIAN_POINT('',(120.353185,-96.486541,1.585));
#8797 = VECTOR('',#8798,1.);
#8798 = DIRECTION('',(0.130530091624,0.991444348,0.));
#8799 = ORIENTED_EDGE('',*,*,#8800,.T.);
#8800 = EDGE_CURVE('',#8793,#8758,#8801,.T.);
#8801 = LINE('',#8802,#8803);
#8802 = CARTESIAN_POINT('',(120.358278,-96.447857,1.585));
#8803 = VECTOR('',#8804,1.);
#8804 = DIRECTION('',(0.49999533015,0.866028099907,0.));
#8805 = PLANE('',#8806);
#8806 = AXIS2_PLACEMENT_3D('',#8807,#8808,#8809);
#8807 = CARTESIAN_POINT('',(0.,0.,1.585));
#8808 = DIRECTION('',(0.,0.,1.));
#8809 = DIRECTION('',(1.,0.,-0.));
#8810 = SHELL_BASED_SURFACE_MODEL('',(#8811));
#8811 = OPEN_SHELL('',(#8812));
#8812 = ADVANCED_FACE('',(#8813),#8864,.T.);
#8813 = FACE_BOUND('',#8814,.F.);
#8814 = EDGE_LOOP('',(#8815,#8826,#8834,#8842,#8850,#8858));
#8815 = ORIENTED_EDGE('',*,*,#8816,.T.);
#8816 = EDGE_CURVE('',#8817,#8819,#8821,.T.);
#8817 = VERTEX_POINT('',#8818);
#8818 = CARTESIAN_POINT('',(123.881093,-96.404817,1.585));
#8819 = VERTEX_POINT('',#8820);
#8820 = CARTESIAN_POINT('',(124.046814,-96.486542,1.585));
#8821 = CIRCLE('',#8822,9.999991917953E-02);
#8822 = AXIS2_PLACEMENT_3D('',#8823,#8824,#8825);
#8823 = CARTESIAN_POINT('',(123.9470282823,-96.48000025866,1.585));
#8824 = DIRECTION('',(0.,0.,-1.));
#8825 = DIRECTION('',(-0.659353355927,0.751833194285,0.));
#8826 = ORIENTED_EDGE('',*,*,#8827,.T.);
#8827 = EDGE_CURVE('',#8819,#8828,#8830,.T.);
#8828 = VERTEX_POINT('',#8829);
#8829 = CARTESIAN_POINT('',(123.202716,-99.636758,1.585));
#8830 = LINE('',#8831,#8832);
#8831 = CARTESIAN_POINT('',(124.046814,-96.486542,1.585));
#8832 = VECTOR('',#8833,1.);
#8833 = DIRECTION('',(-0.258819092826,-0.965925813502,0.));
#8834 = ORIENTED_EDGE('',*,*,#8835,.T.);
#8835 = EDGE_CURVE('',#8828,#8836,#8838,.T.);
#8836 = VERTEX_POINT('',#8837);
#8837 = CARTESIAN_POINT('',(123.097663,-99.604891,1.585));
#8838 = LINE('',#8839,#8840);
#8839 = CARTESIAN_POINT('',(123.202716,-99.636758,1.585));
#8840 = VECTOR('',#8841,1.);
#8841 = DIRECTION('',(-0.956941548164,0.290280680374,0.));
#8842 = ORIENTED_EDGE('',*,*,#8843,.T.);
#8843 = EDGE_CURVE('',#8836,#8844,#8846,.T.);
#8844 = VERTEX_POINT('',#8845);
#8845 = CARTESIAN_POINT('',(123.012705,-99.587991,1.585));
#8846 = LINE('',#8847,#8848);
#8847 = CARTESIAN_POINT('',(123.097663,-99.604891,1.585));
#8848 = VECTOR('',#8849,1.);
#8849 = DIRECTION('',(-0.980783506402,0.195099240309,0.));
#8850 = ORIENTED_EDGE('',*,*,#8851,.T.);
#8851 = EDGE_CURVE('',#8844,#8852,#8854,.T.);
#8852 = VERTEX_POINT('',#8853);
#8853 = CARTESIAN_POINT('',(123.85734,-96.435772,1.585));
#8854 = LINE('',#8855,#8856);
#8855 = CARTESIAN_POINT('',(123.012705,-99.587991,1.585));
#8856 = VECTOR('',#8857,1.);
#8857 = DIRECTION('',(0.258819177927,0.965925790699,0.));
#8858 = ORIENTED_EDGE('',*,*,#8859,.T.);
#8859 = EDGE_CURVE('',#8852,#8817,#8860,.T.);
#8860 = LINE('',#8861,#8862);
#8861 = CARTESIAN_POINT('',(123.85734,-96.435772,1.585));
#8862 = VECTOR('',#8863,1.);
#8863 = DIRECTION('',(0.608767769954,0.793348474673,0.));
#8864 = PLANE('',#8865);
#8865 = AXIS2_PLACEMENT_3D('',#8866,#8867,#8868);
#8866 = CARTESIAN_POINT('',(0.,0.,1.585));
#8867 = DIRECTION('',(0.,0.,1.));
#8868 = DIRECTION('',(1.,0.,-0.));
#8869 = SHELL_BASED_SURFACE_MODEL('',(#8870));
#8870 = OPEN_SHELL('',(#8871));
#8871 = ADVANCED_FACE('',(#8872),#8947,.T.);
#8872 = FACE_BOUND('',#8873,.F.);
#8873 = EDGE_LOOP('',(#8874,#8884,#8892,#8900,#8908,#8916,#8924,#8932,
    #8941));
#8874 = ORIENTED_EDGE('',*,*,#8875,.T.);
#8875 = EDGE_CURVE('',#8876,#8878,#8880,.T.);
#8876 = VERTEX_POINT('',#8877);
#8877 = CARTESIAN_POINT('',(122.45,-99.5,1.585));
#8878 = VERTEX_POINT('',#8879);
#8879 = CARTESIAN_POINT('',(122.44929,-99.507202,1.585));
#8880 = LINE('',#8881,#8882);
#8881 = CARTESIAN_POINT('',(122.45,-99.5,1.585));
#8882 = VECTOR('',#8883,1.);
#8883 = DIRECTION('',(-9.810813520977E-02,-0.995175760258,0.));
#8884 = ORIENTED_EDGE('',*,*,#8885,.T.);
#8885 = EDGE_CURVE('',#8878,#8886,#8888,.T.);
#8886 = VERTEX_POINT('',#8887);
#8887 = CARTESIAN_POINT('',(122.418969,-99.504216,1.585));
#8888 = LINE('',#8889,#8890);
#8889 = CARTESIAN_POINT('',(122.44929,-99.507202,1.585));
#8890 = VECTOR('',#8891,1.);
#8891 = DIRECTION('',(-0.995185872267,9.800550821528E-02,0.));
#8892 = ORIENTED_EDGE('',*,*,#8893,.T.);
#8893 = EDGE_CURVE('',#8886,#8894,#8896,.T.);
#8894 = VERTEX_POINT('',#8895);
#8895 = CARTESIAN_POINT('',(122.247232,-99.5,1.585));
#8896 = LINE('',#8897,#8898);
#8897 = CARTESIAN_POINT('',(122.418969,-99.504216,1.585));
#8898 = VECTOR('',#8899,1.);
#8899 = DIRECTION('',(-0.999698805374,2.454177121677E-02,0.));
#8900 = ORIENTED_EDGE('',*,*,#8901,.T.);
#8901 = EDGE_CURVE('',#8894,#8902,#8904,.T.);
#8902 = VERTEX_POINT('',#8903);
#8903 = CARTESIAN_POINT('',(122.075495,-99.504216,1.585));
#8904 = LINE('',#8905,#8906);
#8905 = CARTESIAN_POINT('',(122.247232,-99.5,1.585));
#8906 = VECTOR('',#8907,1.);
#8907 = DIRECTION('',(-0.999698805374,-2.454177121677E-02,0.));
#8908 = ORIENTED_EDGE('',*,*,#8909,.T.);
#8909 = EDGE_CURVE('',#8902,#8910,#8912,.T.);
#8910 = VERTEX_POINT('',#8911);
#8911 = CARTESIAN_POINT('',(121.951617,-99.516416,1.585));
#8912 = LINE('',#8913,#8914);
#8913 = CARTESIAN_POINT('',(122.075495,-99.504216,1.585));
#8914 = VECTOR('',#8915,1.);
#8915 = DIRECTION('',(-0.995185446076,-9.800983582344E-02,0.));
#8916 = ORIENTED_EDGE('',*,*,#8917,.T.);
#8917 = EDGE_CURVE('',#8910,#8918,#8920,.T.);
#8918 = VERTEX_POINT('',#8919);
#8919 = CARTESIAN_POINT('',(121.95,-99.5,1.585));
#8920 = LINE('',#8921,#8922);
#8921 = CARTESIAN_POINT('',(121.951617,-99.516416,1.585));
#8922 = VECTOR('',#8923,1.);
#8923 = DIRECTION('',(-9.802705433921E-02,0.995183750178,0.));
#8924 = ORIENTED_EDGE('',*,*,#8925,.T.);
#8925 = EDGE_CURVE('',#8918,#8926,#8928,.T.);
#8926 = VERTEX_POINT('',#8927);
#8927 = CARTESIAN_POINT('',(121.95,-95.75,1.585));
#8928 = LINE('',#8929,#8930);
#8929 = CARTESIAN_POINT('',(121.95,-99.5,1.585));
#8930 = VECTOR('',#8931,1.);
#8931 = DIRECTION('',(0.,1.,0.));
#8932 = ORIENTED_EDGE('',*,*,#8933,.T.);
#8933 = EDGE_CURVE('',#8926,#8934,#8936,.T.);
#8934 = VERTEX_POINT('',#8935);
#8935 = CARTESIAN_POINT('',(122.45,-95.75,1.585));
#8936 = CIRCLE('',#8937,0.250000000003);
#8937 = AXIS2_PLACEMENT_3D('',#8938,#8939,#8940);
#8938 = CARTESIAN_POINT('',(122.2,-95.75000118974,1.585));
#8939 = DIRECTION('',(0.,0.,-1.));
#8940 = DIRECTION('',(-0.999999999989,4.758985426125E-06,0.));
#8941 = ORIENTED_EDGE('',*,*,#8942,.T.);
#8942 = EDGE_CURVE('',#8934,#8876,#8943,.T.);
#8943 = LINE('',#8944,#8945);
#8944 = CARTESIAN_POINT('',(122.45,-95.75,1.585));
#8945 = VECTOR('',#8946,1.);
#8946 = DIRECTION('',(0.,-1.,0.));
#8947 = PLANE('',#8948);
#8948 = AXIS2_PLACEMENT_3D('',#8949,#8950,#8951);
#8949 = CARTESIAN_POINT('',(0.,0.,1.585));
#8950 = DIRECTION('',(0.,0.,1.));
#8951 = DIRECTION('',(1.,0.,-0.));
#8952 = SHELL_BASED_SURFACE_MODEL('',(#8953));
#8953 = OPEN_SHELL('',(#8954));
#8954 = ADVANCED_FACE('',(#8955,#9182),#9193,.T.);
#8955 = FACE_BOUND('',#8956,.F.);
#8956 = EDGE_LOOP('',(#8957,#8968,#8976,#8985,#8993,#9002,#9010,#9018,
    #9026,#9034,#9042,#9051,#9059,#9068,#9076,#9085,#9093,#9101,#9110,
    #9118,#9127,#9135,#9143,#9151,#9159,#9167,#9176));
#8957 = ORIENTED_EDGE('',*,*,#8958,.T.);
#8958 = EDGE_CURVE('',#8959,#8961,#8963,.T.);
#8959 = VERTEX_POINT('',#8960);
#8960 = CARTESIAN_POINT('',(137.926812,-65.966873,1.585));
#8961 = VERTEX_POINT('',#8962);
#8962 = CARTESIAN_POINT('',(143.85,-71.,1.585));
#8963 = CIRCLE('',#8964,5.100000555429);
#8964 = AXIS2_PLACEMENT_3D('',#8965,#8966,#8967);
#8965 = CARTESIAN_POINT('',(138.74999944457,-71.00000006937,1.585));
#8966 = DIRECTION('',(0.,0.,-1.));
#8967 = DIRECTION('',(-0.161409285278,0.986887553182,0.));
#8968 = ORIENTED_EDGE('',*,*,#8969,.T.);
#8969 = EDGE_CURVE('',#8961,#8970,#8972,.T.);
#8970 = VERTEX_POINT('',#8971);
#8971 = CARTESIAN_POINT('',(143.85,-83.,1.585));
#8972 = LINE('',#8973,#8974);
#8973 = CARTESIAN_POINT('',(143.85,-71.,1.585));
#8974 = VECTOR('',#8975,1.);
#8975 = DIRECTION('',(0.,-1.,0.));
#8976 = ORIENTED_EDGE('',*,*,#8977,.T.);
#8977 = EDGE_CURVE('',#8970,#8978,#8980,.T.);
#8978 = VERTEX_POINT('',#8979);
#8979 = CARTESIAN_POINT('',(137.926812,-88.033127,1.585));
#8980 = CIRCLE('',#8981,5.10000164573);
#8981 = AXIS2_PLACEMENT_3D('',#8982,#8983,#8984);
#8982 = CARTESIAN_POINT('',(138.74999835427,-82.99999864751,1.585));
#8983 = DIRECTION('',(0.,0.,-1.));
#8984 = DIRECTION('',(1.,-2.65193177155E-07,0.));
#8985 = ORIENTED_EDGE('',*,*,#8986,.T.);
#8986 = EDGE_CURVE('',#8978,#8987,#8989,.T.);
#8987 = VERTEX_POINT('',#8988);
#8988 = CARTESIAN_POINT('',(120.852213,-85.240507,1.585));
#8989 = LINE('',#8990,#8991);
#8990 = CARTESIAN_POINT('',(137.926812,-88.033127,1.585));
#8991 = VECTOR('',#8992,1.);
#8992 = DIRECTION('',(-0.986887524282,0.161409461977,0.));
#8993 = ORIENTED_EDGE('',*,*,#8994,.T.);
#8994 = EDGE_CURVE('',#8987,#8995,#8997,.T.);
#8995 = VERTEX_POINT('',#8996);
#8996 = CARTESIAN_POINT('',(115.136823,-81.453541,1.585));
#8997 = CIRCLE('',#8998,8.350000110641);
#8998 = AXIS2_PLACEMENT_3D('',#8999,#9000,#9001);
#8999 = CARTESIAN_POINT('',(122.19999969962,-76.99999895376,1.585));
#9000 = DIRECTION('',(0.,0.,-1.));
#9001 = DIRECTION('',(-0.161411578655,-0.986887178089,-0.));
#9002 = ORIENTED_EDGE('',*,*,#9003,.T.);
#9003 = EDGE_CURVE('',#8995,#9004,#9006,.T.);
#9004 = VERTEX_POINT('',#9005);
#9005 = CARTESIAN_POINT('',(115.001384,-81.222396,1.585));
#9006 = LINE('',#9007,#9008);
#9007 = CARTESIAN_POINT('',(115.136823,-81.453541,1.585));
#9008 = VECTOR('',#9009,1.);
#9009 = DIRECTION('',(-0.50555338181,0.86279532807,0.));
#9010 = ORIENTED_EDGE('',*,*,#9011,.T.);
#9011 = EDGE_CURVE('',#9004,#9012,#9014,.T.);
#9012 = VERTEX_POINT('',#9013);
#9013 = CARTESIAN_POINT('',(115.001384,-80.851482,1.585));
#9014 = LINE('',#9015,#9016);
#9015 = CARTESIAN_POINT('',(115.001384,-81.222396,1.585));
#9016 = VECTOR('',#9017,1.);
#9017 = DIRECTION('',(0.,1.,0.));
#9018 = ORIENTED_EDGE('',*,*,#9019,.T.);
#9019 = EDGE_CURVE('',#9012,#9020,#9022,.T.);
#9020 = VERTEX_POINT('',#9021);
#9021 = CARTESIAN_POINT('',(115.002245,-80.851737,1.585));
#9022 = LINE('',#9023,#9024);
#9023 = CARTESIAN_POINT('',(115.001384,-80.851482,1.585));
#9024 = VECTOR('',#9025,1.);
#9025 = DIRECTION('',(0.958831809643,-0.283974577764,0.));
#9026 = ORIENTED_EDGE('',*,*,#9027,.T.);
#9027 = EDGE_CURVE('',#9020,#9028,#9030,.T.);
#9028 = VERTEX_POINT('',#9029);
#9029 = CARTESIAN_POINT('',(115.037879,-80.889283,1.585));
#9030 = LINE('',#9031,#9032);
#9031 = CARTESIAN_POINT('',(115.002245,-80.851737,1.585));
#9032 = VECTOR('',#9033,1.);
#9033 = DIRECTION('',(0.688397026562,-0.725334084282,0.));
#9034 = ORIENTED_EDGE('',*,*,#9035,.T.);
#9035 = EDGE_CURVE('',#9028,#9036,#9038,.T.);
#9036 = VERTEX_POINT('',#9037);
#9037 = CARTESIAN_POINT('',(115.164527,-81.122419,1.585));
#9038 = LINE('',#9039,#9040);
#9039 = CARTESIAN_POINT('',(115.037879,-80.889283,1.585));
#9040 = VECTOR('',#9041,1.);
#9041 = DIRECTION('',(0.477349358188,-0.878713599666,0.));
#9042 = ORIENTED_EDGE('',*,*,#9043,.T.);
#9043 = EDGE_CURVE('',#9036,#9044,#9046,.T.);
#9044 = VERTEX_POINT('',#9045);
#9045 = CARTESIAN_POINT('',(120.622684,-85.000268,1.585));
#9046 = CIRCLE('',#9047,8.154279120292);
#9047 = AXIS2_PLACEMENT_3D('',#9048,#9049,#9050);
#9048 = CARTESIAN_POINT('',(122.20000171395,-76.99999695453,1.585));
#9049 = DIRECTION('',(0.,0.,1.));
#9050 = DIRECTION('',(-0.862795424362,-0.505553217476,0.));
#9051 = ORIENTED_EDGE('',*,*,#9052,.T.);
#9052 = EDGE_CURVE('',#9044,#9053,#9055,.T.);
#9053 = VERTEX_POINT('',#9054);
#9054 = CARTESIAN_POINT('',(137.268756,-87.722841,1.585));
#9055 = LINE('',#9056,#9057);
#9056 = CARTESIAN_POINT('',(120.622684,-85.000268,1.585));
#9057 = VECTOR('',#9058,1.);
#9058 = DIRECTION('',(0.986887143397,-0.161411790761,0.));
#9059 = ORIENTED_EDGE('',*,*,#9060,.T.);
#9060 = EDGE_CURVE('',#9053,#9061,#9063,.T.);
#9061 = VERTEX_POINT('',#9062);
#9062 = CARTESIAN_POINT('',(135.736631,-86.927099,1.585));
#9063 = CIRCLE('',#9064,4.93952115509);
#9064 = AXIS2_PLACEMENT_3D('',#9065,#9066,#9067);
#9065 = CARTESIAN_POINT('',(138.74435082227,-83.0088735455,1.585));
#9066 = DIRECTION('',(0.,0.,-1.));
#9067 = DIRECTION('',(-0.298732362095,-0.954336929935,-0.));
#9068 = ORIENTED_EDGE('',*,*,#9069,.T.);
#9069 = EDGE_CURVE('',#9061,#9070,#9072,.T.);
#9070 = VERTEX_POINT('',#9071);
#9071 = CARTESIAN_POINT('',(135.405828,-86.649523,1.585));
#9072 = LINE('',#9073,#9074);
#9073 = CARTESIAN_POINT('',(135.736631,-86.927099,1.585));
#9074 = VECTOR('',#9075,1.);
#9075 = DIRECTION('',(-0.766045213132,0.64278669202,0.));
#9076 = ORIENTED_EDGE('',*,*,#9077,.T.);
#9077 = EDGE_CURVE('',#9070,#9078,#9080,.T.);
#9078 = VERTEX_POINT('',#9079);
#9079 = CARTESIAN_POINT('',(143.582665,-81.928624,1.585));
#9080 = CIRCLE('',#9081,4.950000134387);
#9081 = AXIS2_PLACEMENT_3D('',#9082,#9083,#9084);
#9082 = CARTESIAN_POINT('',(138.74999962783,-83.00000009227,1.585));
#9083 = DIRECTION('',(0.,0.,-1.));
#9084 = DIRECTION('',(-0.675590209504,-0.73727733508,-0.));
#9085 = ORIENTED_EDGE('',*,*,#9086,.T.);
#9086 = EDGE_CURVE('',#9078,#9087,#9089,.T.);
#9087 = VERTEX_POINT('',#9088);
#9088 = CARTESIAN_POINT('',(143.65,-82.310498,1.585));
#9089 = LINE('',#9090,#9091);
#9090 = CARTESIAN_POINT('',(143.582665,-81.928624,1.585));
#9091 = VECTOR('',#9092,1.);
#9092 = DIRECTION('',(0.173648954437,-0.984807616046,0.));
#9093 = ORIENTED_EDGE('',*,*,#9094,.T.);
#9094 = EDGE_CURVE('',#9087,#9095,#9097,.T.);
#9095 = VERTEX_POINT('',#9096);
#9096 = CARTESIAN_POINT('',(143.649939,-70.787588,1.585));
#9097 = LINE('',#9098,#9099);
#9098 = CARTESIAN_POINT('',(143.65,-82.310498,1.585));
#9099 = VECTOR('',#9100,1.);
#9100 = DIRECTION('',(-5.293801653893E-06,0.999999999986,0.));
#9101 = ORIENTED_EDGE('',*,*,#9102,.T.);
#9102 = EDGE_CURVE('',#9095,#9103,#9105,.T.);
#9103 = VERTEX_POINT('',#9104);
#9104 = CARTESIAN_POINT('',(138.168731,-66.130026,1.585));
#9105 = CIRCLE('',#9106,4.904541046739);
#9106 = AXIS2_PLACEMENT_3D('',#9107,#9108,#9109);
#9107 = CARTESIAN_POINT('',(138.7499998264,-71.00000027412,1.585));
#9108 = DIRECTION('',(0.,0.,1.));
#9109 = DIRECTION('',(0.999061711769,4.330930704769E-02,-0.));
#9110 = ORIENTED_EDGE('',*,*,#9111,.T.);
#9111 = EDGE_CURVE('',#9103,#9112,#9114,.T.);
#9112 = VERTEX_POINT('',#9113);
#9113 = CARTESIAN_POINT('',(120.622683,-68.999732,1.585));
#9114 = LINE('',#9115,#9116);
#9115 = CARTESIAN_POINT('',(138.168731,-66.130026,1.585));
#9116 = VECTOR('',#9117,1.);
#9117 = DIRECTION('',(-0.986887716001,-0.161408289772,0.));
#9118 = ORIENTED_EDGE('',*,*,#9119,.T.);
#9119 = EDGE_CURVE('',#9112,#9120,#9122,.T.);
#9120 = VERTEX_POINT('',#9121);
#9121 = CARTESIAN_POINT('',(115.164527,-72.877582,1.585));
#9122 = CIRCLE('',#9123,8.154278675279);
#9123 = AXIS2_PLACEMENT_3D('',#9124,#9125,#9126);
#9124 = CARTESIAN_POINT('',(122.20000222438,-77.00000229408,1.585));
#9125 = DIRECTION('',(0.,0.,1.));
#9126 = DIRECTION('',(-0.193434549787,0.981113181518,0.));
#9127 = ORIENTED_EDGE('',*,*,#9128,.T.);
#9128 = EDGE_CURVE('',#9120,#9129,#9131,.T.);
#9129 = VERTEX_POINT('',#9130);
#9130 = CARTESIAN_POINT('',(115.037879,-73.110718,1.585));
#9131 = LINE('',#9132,#9133);
#9132 = CARTESIAN_POINT('',(115.164527,-72.877582,1.585));
#9133 = VECTOR('',#9134,1.);
#9134 = DIRECTION('',(-0.477349358188,-0.878713599666,0.));
#9135 = ORIENTED_EDGE('',*,*,#9136,.T.);
#9136 = EDGE_CURVE('',#9129,#9137,#9139,.T.);
#9137 = VERTEX_POINT('',#9138);
#9138 = CARTESIAN_POINT('',(115.002245,-73.148264,1.585));
#9139 = LINE('',#9140,#9141);
#9140 = CARTESIAN_POINT('',(115.037879,-73.110718,1.585));
#9141 = VECTOR('',#9142,1.);
#9142 = DIRECTION('',(-0.688397026562,-0.725334084282,0.));
#9143 = ORIENTED_EDGE('',*,*,#9144,.T.);
#9144 = EDGE_CURVE('',#9137,#9145,#9147,.T.);
#9145 = VERTEX_POINT('',#9146);
#9146 = CARTESIAN_POINT('',(115.001384,-73.148518,1.585));
#9147 = LINE('',#9148,#9149);
#9148 = CARTESIAN_POINT('',(115.002245,-73.148264,1.585));
#9149 = VECTOR('',#9150,1.);
#9150 = DIRECTION('',(-0.959134580766,-0.282950271211,0.));
#9151 = ORIENTED_EDGE('',*,*,#9152,.T.);
#9152 = EDGE_CURVE('',#9145,#9153,#9155,.T.);
#9153 = VERTEX_POINT('',#9154);
#9154 = CARTESIAN_POINT('',(115.001384,-72.777604,1.585));
#9155 = LINE('',#9156,#9157);
#9156 = CARTESIAN_POINT('',(115.001384,-73.148518,1.585));
#9157 = VECTOR('',#9158,1.);
#9158 = DIRECTION('',(0.,1.,0.));
#9159 = ORIENTED_EDGE('',*,*,#9160,.T.);
#9160 = EDGE_CURVE('',#9153,#9161,#9163,.T.);
#9161 = VERTEX_POINT('',#9162);
#9162 = CARTESIAN_POINT('',(115.136823,-72.54646,1.585));
#9163 = LINE('',#9164,#9165);
#9164 = CARTESIAN_POINT('',(115.001384,-72.777604,1.585));
#9165 = VECTOR('',#9166,1.);
#9166 = DIRECTION('',(0.505555009978,0.862794374046,0.));
#9167 = ORIENTED_EDGE('',*,*,#9168,.T.);
#9168 = EDGE_CURVE('',#9161,#9169,#9171,.T.);
#9169 = VERTEX_POINT('',#9170);
#9170 = CARTESIAN_POINT('',(120.852231,-68.759489,1.585));
#9171 = CIRCLE('',#9172,8.35000096067);
#9172 = AXIS2_PLACEMENT_3D('',#9173,#9174,#9175);
#9173 = CARTESIAN_POINT('',(122.20000165996,-77.00000053092,1.585));
#9174 = DIRECTION('',(0.,0.,-1.));
#9175 = DIRECTION('',(-0.845889562556,0.533358086053,0.));
#9176 = ORIENTED_EDGE('',*,*,#9177,.T.);
#9177 = EDGE_CURVE('',#9169,#8959,#9178,.T.);
#9178 = LINE('',#9179,#9180);
#9179 = CARTESIAN_POINT('',(120.852231,-68.759489,1.585));
#9180 = VECTOR('',#9181,1.);
#9181 = DIRECTION('',(0.986887534005,0.16140940253,0.));
#9182 = FACE_BOUND('',#9183,.F.);
#9183 = EDGE_LOOP('',(#9184));
#9184 = ORIENTED_EDGE('',*,*,#9185,.T.);
#9185 = EDGE_CURVE('',#9186,#9186,#9188,.T.);
#9186 = VERTEX_POINT('',#9187);
#9187 = CARTESIAN_POINT('',(141.8,-83.,1.585));
#9188 = CIRCLE('',#9189,3.);
#9189 = AXIS2_PLACEMENT_3D('',#9190,#9191,#9192);
#9190 = CARTESIAN_POINT('',(138.8,-83.,1.585));
#9191 = DIRECTION('',(0.,0.,1.));
#9192 = DIRECTION('',(1.,0.,-0.));
#9193 = PLANE('',#9194);
#9194 = AXIS2_PLACEMENT_3D('',#9195,#9196,#9197);
#9195 = CARTESIAN_POINT('',(0.,0.,1.585));
#9196 = DIRECTION('',(0.,0.,1.));
#9197 = DIRECTION('',(1.,0.,-0.));
#9198 = SHELL_BASED_SURFACE_MODEL('',(#9199));
#9199 = OPEN_SHELL('',(#9200));
#9200 = ADVANCED_FACE('',(#9201),#9260,.T.);
#9201 = FACE_BOUND('',#9202,.F.);
#9202 = EDGE_LOOP('',(#9203,#9214,#9222,#9230,#9238,#9246,#9254));
#9203 = ORIENTED_EDGE('',*,*,#9204,.T.);
#9204 = EDGE_CURVE('',#9205,#9207,#9209,.T.);
#9205 = VERTEX_POINT('',#9206);
#9206 = CARTESIAN_POINT('',(118.937776,-82.944574,1.585));
#9207 = VERTEX_POINT('',#9208);
#9208 = CARTESIAN_POINT('',(118.68296,-82.797456,1.585));
#9209 = CIRCLE('',#9210,0.150000237588);
#9210 = AXIS2_PLACEMENT_3D('',#9211,#9212,#9213);
#9211 = CARTESIAN_POINT('',(118.82499969145,-82.84567215216,1.585));
#9212 = DIRECTION('',(-0.,0.,-1.));
#9213 = DIRECTION('',(0.751840866148,-0.659344607918,-0.));
#9214 = ORIENTED_EDGE('',*,*,#9215,.T.);
#9215 = EDGE_CURVE('',#9207,#9216,#9218,.T.);
#9216 = VERTEX_POINT('',#9217);
#9217 = CARTESIAN_POINT('',(120.337224,-79.932187,1.585));
#9218 = LINE('',#9219,#9220);
#9219 = CARTESIAN_POINT('',(118.68296,-82.797456,1.585));
#9220 = VECTOR('',#9221,1.);
#9221 = DIRECTION('',(0.500000038888,0.866025381332,0.));
#9222 = ORIENTED_EDGE('',*,*,#9223,.T.);
#9223 = EDGE_CURVE('',#9216,#9224,#9226,.T.);
#9224 = VERTEX_POINT('',#9225);
#9225 = CARTESIAN_POINT('',(120.340059,-79.930011,1.585));
#9226 = LINE('',#9227,#9228);
#9227 = CARTESIAN_POINT('',(120.337224,-79.932187,1.585));
#9228 = VECTOR('',#9229,1.);
#9229 = DIRECTION('',(0.793268466723,0.608872022434,0.));
#9230 = ORIENTED_EDGE('',*,*,#9231,.T.);
#9231 = EDGE_CURVE('',#9224,#9232,#9234,.T.);
#9232 = VERTEX_POINT('',#9233);
#9233 = CARTESIAN_POINT('',(120.447872,-80.00205,1.585));
#9234 = LINE('',#9235,#9236);
#9235 = CARTESIAN_POINT('',(120.340059,-79.930011,1.585));
#9236 = VECTOR('',#9237,1.);
#9237 = DIRECTION('',(0.831467273454,-0.555573733338,0.));
#9238 = ORIENTED_EDGE('',*,*,#9239,.T.);
#9239 = EDGE_CURVE('',#9232,#9240,#9242,.T.);
#9240 = VERTEX_POINT('',#9241);
#9241 = CARTESIAN_POINT('',(120.592064,-80.079122,1.585));
#9242 = LINE('',#9243,#9244);
#9243 = CARTESIAN_POINT('',(120.447872,-80.00205,1.585));
#9244 = VECTOR('',#9245,1.);
#9245 = DIRECTION('',(0.881921848458,-0.471395644033,0.));
#9246 = ORIENTED_EDGE('',*,*,#9247,.T.);
#9247 = EDGE_CURVE('',#9240,#9248,#9250,.T.);
#9248 = VERTEX_POINT('',#9249);
#9249 = CARTESIAN_POINT('',(120.59204,-80.079305,1.585));
#9250 = LINE('',#9251,#9252);
#9251 = CARTESIAN_POINT('',(120.592064,-80.079122,1.585));
#9252 = VECTOR('',#9253,1.);
#9253 = DIRECTION('',(-0.130034036775,-0.991509530605,0.));
#9254 = ORIENTED_EDGE('',*,*,#9255,.T.);
#9255 = EDGE_CURVE('',#9248,#9205,#9256,.T.);
#9256 = LINE('',#9257,#9258);
#9257 = CARTESIAN_POINT('',(120.59204,-80.079305,1.585));
#9258 = VECTOR('',#9259,1.);
#9259 = DIRECTION('',(-0.500000038888,-0.866025381332,0.));
#9260 = PLANE('',#9261);
#9261 = AXIS2_PLACEMENT_3D('',#9262,#9263,#9264);
#9262 = CARTESIAN_POINT('',(0.,0.,1.585));
#9263 = DIRECTION('',(0.,0.,1.));
#9264 = DIRECTION('',(1.,0.,-0.));
#9265 = SHELL_BASED_SURFACE_MODEL('',(#9266));
#9266 = OPEN_SHELL('',(#9267));
#9267 = ADVANCED_FACE('',(#9268),#9311,.T.);
#9268 = FACE_BOUND('',#9269,.F.);
#9269 = EDGE_LOOP('',(#9270,#9280,#9288,#9296,#9305));
#9270 = ORIENTED_EDGE('',*,*,#9271,.T.);
#9271 = EDGE_CURVE('',#9272,#9274,#9276,.T.);
#9272 = VERTEX_POINT('',#9273);
#9273 = CARTESIAN_POINT('',(123.83015,-80.11774,1.585));
#9274 = VERTEX_POINT('',#9275);
#9275 = CARTESIAN_POINT('',(124.046592,-80.00205,1.585));
#9276 = LINE('',#9277,#9278);
#9277 = CARTESIAN_POINT('',(123.83015,-80.11774,1.585));
#9278 = VECTOR('',#9279,1.);
#9279 = DIRECTION('',(0.881922381158,0.471394647417,0.));
#9280 = ORIENTED_EDGE('',*,*,#9281,.T.);
#9281 = EDGE_CURVE('',#9274,#9282,#9284,.T.);
#9282 = VERTEX_POINT('',#9283);
#9283 = CARTESIAN_POINT('',(124.087377,-79.974797,1.585));
#9284 = LINE('',#9285,#9286);
#9285 = CARTESIAN_POINT('',(124.046592,-80.00205,1.585));
#9286 = VECTOR('',#9287,1.);
#9287 = DIRECTION('',(0.831457047083,0.555589037739,0.));
#9288 = ORIENTED_EDGE('',*,*,#9289,.T.);
#9289 = EDGE_CURVE('',#9282,#9290,#9292,.T.);
#9290 = VERTEX_POINT('',#9291);
#9291 = CARTESIAN_POINT('',(125.71704,-82.797456,1.585));
#9292 = LINE('',#9293,#9294);
#9293 = CARTESIAN_POINT('',(124.087377,-79.974797,1.585));
#9294 = VECTOR('',#9295,1.);
#9295 = DIRECTION('',(0.500000015307,-0.866025394947,0.));
#9296 = ORIENTED_EDGE('',*,*,#9297,.T.);
#9297 = EDGE_CURVE('',#9290,#9298,#9300,.T.);
#9298 = VERTEX_POINT('',#9299);
#9299 = CARTESIAN_POINT('',(125.462224,-82.944574,1.585));
#9300 = CIRCLE('',#9301,0.150000349199);
#9301 = AXIS2_PLACEMENT_3D('',#9302,#9303,#9304);
#9302 = CARTESIAN_POINT('',(125.5750000225,-82.8456716567,1.585));
#9303 = DIRECTION('',(0.,0.,-1.));
#9304 = DIRECTION('',(0.946930978882,0.321436963079,0.));
#9305 = ORIENTED_EDGE('',*,*,#9306,.T.);
#9306 = EDGE_CURVE('',#9298,#9272,#9307,.T.);
#9307 = LINE('',#9308,#9309);
#9308 = CARTESIAN_POINT('',(125.462224,-82.944574,1.585));
#9309 = VECTOR('',#9310,1.);
#9310 = DIRECTION('',(-0.500000144558,0.866025320324,0.));
#9311 = PLANE('',#9312);
#9312 = AXIS2_PLACEMENT_3D('',#9313,#9314,#9315);
#9313 = CARTESIAN_POINT('',(0.,0.,1.585));
#9314 = DIRECTION('',(0.,0.,1.));
#9315 = DIRECTION('',(1.,0.,-0.));
#9316 = SHELL_BASED_SURFACE_MODEL('',(#9317));
#9317 = OPEN_SHELL('',(#9318));
#9318 = ADVANCED_FACE('',(#9319),#9378,.T.);
#9319 = FACE_BOUND('',#9320,.F.);
#9320 = EDGE_LOOP('',(#9321,#9332,#9340,#9348,#9356,#9364,#9372));
#9321 = ORIENTED_EDGE('',*,*,#9322,.T.);
#9322 = EDGE_CURVE('',#9323,#9325,#9327,.T.);
#9323 = VERTEX_POINT('',#9324);
#9324 = CARTESIAN_POINT('',(117.15681,-82.251246,1.585));
#9325 = VERTEX_POINT('',#9326);
#9326 = CARTESIAN_POINT('',(116.948754,-82.04319,1.585));
#9327 = CIRCLE('',#9328,0.150000166887);
#9328 = AXIS2_PLACEMENT_3D('',#9329,#9330,#9331);
#9329 = CARTESIAN_POINT('',(117.073475,-82.126525,1.585));
#9330 = DIRECTION('',(0.,0.,-1.));
#9331 = DIRECTION('',(0.555566048557,-0.831472408256,0.));
#9332 = ORIENTED_EDGE('',*,*,#9333,.T.);
#9333 = EDGE_CURVE('',#9325,#9334,#9336,.T.);
#9334 = VERTEX_POINT('',#9335);
#9335 = CARTESIAN_POINT('',(119.641791,-79.350153,1.585));
#9336 = LINE('',#9337,#9338);
#9337 = CARTESIAN_POINT('',(116.948754,-82.04319,1.585));
#9338 = VECTOR('',#9339,1.);
#9339 = DIRECTION('',(0.707106781187,0.707106781187,0.));
#9340 = ORIENTED_EDGE('',*,*,#9341,.T.);
#9341 = EDGE_CURVE('',#9334,#9342,#9344,.T.);
#9342 = VERTEX_POINT('',#9343);
#9343 = CARTESIAN_POINT('',(119.650644,-79.346485,1.585));
#9344 = LINE('',#9345,#9346);
#9345 = CARTESIAN_POINT('',(119.641791,-79.350153,1.585));
#9346 = VECTOR('',#9347,1.);
#9347 = DIRECTION('',(0.92384383913,0.382769592447,0.));
#9348 = ORIENTED_EDGE('',*,*,#9349,.T.);
#9349 = EDGE_CURVE('',#9342,#9350,#9352,.T.);
#9350 = VERTEX_POINT('',#9351);
#9351 = CARTESIAN_POINT('',(119.653903,-79.350456,1.585));
#9352 = LINE('',#9353,#9354);
#9353 = CARTESIAN_POINT('',(119.650644,-79.346485,1.585));
#9354 = VECTOR('',#9355,1.);
#9355 = DIRECTION('',(0.634403115606,-0.773002384802,0.));
#9356 = ORIENTED_EDGE('',*,*,#9357,.T.);
#9357 = EDGE_CURVE('',#9350,#9358,#9360,.T.);
#9358 = VERTEX_POINT('',#9359);
#9359 = CARTESIAN_POINT('',(119.853305,-79.549858,1.585));
#9360 = LINE('',#9361,#9362);
#9361 = CARTESIAN_POINT('',(119.653903,-79.350456,1.585));
#9362 = VECTOR('',#9363,1.);
#9363 = DIRECTION('',(0.707106781187,-0.707106781187,0.));
#9364 = ORIENTED_EDGE('',*,*,#9365,.T.);
#9365 = EDGE_CURVE('',#9358,#9366,#9368,.T.);
#9366 = VERTEX_POINT('',#9367);
#9367 = CARTESIAN_POINT('',(119.849847,-79.558209,1.585));
#9368 = LINE('',#9369,#9370);
#9369 = CARTESIAN_POINT('',(119.853305,-79.549858,1.585));
#9370 = VECTOR('',#9371,1.);
#9371 = DIRECTION('',(-0.382579792636,-0.923922454683,0.));
#9372 = ORIENTED_EDGE('',*,*,#9373,.T.);
#9373 = EDGE_CURVE('',#9366,#9323,#9374,.T.);
#9374 = LINE('',#9375,#9376);
#9375 = CARTESIAN_POINT('',(119.849847,-79.558209,1.585));
#9376 = VECTOR('',#9377,1.);
#9377 = DIRECTION('',(-0.707106781187,-0.707106781187,0.));
#9378 = PLANE('',#9379);
#9379 = AXIS2_PLACEMENT_3D('',#9380,#9381,#9382);
#9380 = CARTESIAN_POINT('',(0.,0.,1.585));
#9381 = DIRECTION('',(0.,0.,1.));
#9382 = DIRECTION('',(1.,0.,-0.));
#9383 = SHELL_BASED_SURFACE_MODEL('',(#9384));
#9384 = OPEN_SHELL('',(#9385));
#9385 = ADVANCED_FACE('',(#9386),#9429,.T.);
#9386 = FACE_BOUND('',#9387,.F.);
#9387 = EDGE_LOOP('',(#9388,#9398,#9406,#9414,#9423));
#9388 = ORIENTED_EDGE('',*,*,#9389,.T.);
#9389 = EDGE_CURVE('',#9390,#9392,#9394,.T.);
#9390 = VERTEX_POINT('',#9391);
#9391 = CARTESIAN_POINT('',(124.590868,-79.598925,1.585));
#9392 = VERTEX_POINT('',#9393);
#9393 = CARTESIAN_POINT('',(124.597688,-79.593329,1.585));
#9394 = LINE('',#9395,#9396);
#9395 = CARTESIAN_POINT('',(124.590868,-79.598925,1.585));
#9396 = VECTOR('',#9397,1.);
#9397 = DIRECTION('',(0.773067669396,0.634323559814,0.));
#9398 = ORIENTED_EDGE('',*,*,#9399,.T.);
#9399 = EDGE_CURVE('',#9392,#9400,#9402,.T.);
#9400 = VERTEX_POINT('',#9401);
#9401 = CARTESIAN_POINT('',(124.799536,-79.391481,1.585));
#9402 = LINE('',#9403,#9404);
#9403 = CARTESIAN_POINT('',(124.597688,-79.593329,1.585));
#9404 = VECTOR('',#9405,1.);
#9405 = DIRECTION('',(0.707106781187,0.707106781187,0.));
#9406 = ORIENTED_EDGE('',*,*,#9407,.T.);
#9407 = EDGE_CURVE('',#9400,#9408,#9410,.T.);
#9408 = VERTEX_POINT('',#9409);
#9409 = CARTESIAN_POINT('',(127.451245,-82.04319,1.585));
#9410 = LINE('',#9411,#9412);
#9411 = CARTESIAN_POINT('',(124.799536,-79.391481,1.585));
#9412 = VECTOR('',#9413,1.);
#9413 = DIRECTION('',(0.707106781187,-0.707106781187,0.));
#9414 = ORIENTED_EDGE('',*,*,#9415,.T.);
#9415 = EDGE_CURVE('',#9408,#9416,#9418,.T.);
#9416 = VERTEX_POINT('',#9417);
#9417 = CARTESIAN_POINT('',(127.243189,-82.251246,1.585));
#9418 = CIRCLE('',#9419,0.150000166887);
#9419 = AXIS2_PLACEMENT_3D('',#9420,#9421,#9422);
#9420 = CARTESIAN_POINT('',(127.326524,-82.126525,1.585));
#9421 = DIRECTION('',(0.,0.,-1.));
#9422 = DIRECTION('',(0.831472408256,0.555566048557,0.));
#9423 = ORIENTED_EDGE('',*,*,#9424,.T.);
#9424 = EDGE_CURVE('',#9416,#9390,#9425,.T.);
#9425 = LINE('',#9426,#9427);
#9426 = CARTESIAN_POINT('',(127.243189,-82.251246,1.585));
#9427 = VECTOR('',#9428,1.);
#9428 = DIRECTION('',(-0.707106781187,0.707106781187,0.));
#9429 = PLANE('',#9430);
#9430 = AXIS2_PLACEMENT_3D('',#9431,#9432,#9433);
#9431 = CARTESIAN_POINT('',(0.,0.,1.585));
#9432 = DIRECTION('',(0.,0.,1.));
#9433 = DIRECTION('',(1.,0.,-0.));
#9434 = SHELL_BASED_SURFACE_MODEL('',(#9435));
#9435 = OPEN_SHELL('',(#9436));
#9436 = ADVANCED_FACE('',(#9437),#9496,.T.);
#9437 = FACE_BOUND('',#9438,.F.);
#9438 = EDGE_LOOP('',(#9439,#9450,#9458,#9466,#9474,#9482,#9490));
#9439 = ORIENTED_EDGE('',*,*,#9440,.T.);
#9440 = EDGE_CURVE('',#9441,#9443,#9445,.T.);
#9441 = VERTEX_POINT('',#9442);
#9442 = CARTESIAN_POINT('',(116.386472,-80.469693,1.585));
#9443 = VERTEX_POINT('',#9444);
#9444 = CARTESIAN_POINT('',(116.288393,-80.299816,1.585));
#9445 = CIRCLE('',#9446,0.100000105172);
#9446 = AXIS2_PLACEMENT_3D('',#9447,#9448,#9449);
#9447 = CARTESIAN_POINT('',(116.3543277386,-80.37499998286,1.585));
#9448 = DIRECTION('',(0.,0.,-1.));
#9449 = DIRECTION('',(0.321442275912,-0.946929175417,0.));
#9450 = ORIENTED_EDGE('',*,*,#9451,.T.);
#9451 = EDGE_CURVE('',#9443,#9452,#9454,.T.);
#9452 = VERTEX_POINT('',#9453);
#9453 = CARTESIAN_POINT('',(119.136766,-78.655307,1.585));
#9454 = LINE('',#9455,#9456);
#9455 = CARTESIAN_POINT('',(116.288393,-80.299816,1.585));
#9456 = VECTOR('',#9457,1.);
#9457 = DIRECTION('',(0.866025393029,0.50000001863,0.));
#9458 = ORIENTED_EDGE('',*,*,#9459,.T.);
#9459 = EDGE_CURVE('',#9452,#9460,#9462,.T.);
#9460 = VERTEX_POINT('',#9461);
#9461 = CARTESIAN_POINT('',(119.166118,-78.651442,1.585));
#9462 = LINE('',#9463,#9464);
#9463 = CARTESIAN_POINT('',(119.136766,-78.655307,1.585));
#9464 = VECTOR('',#9465,1.);
#9465 = DIRECTION('',(0.991441644384,0.130550625359,0.));
#9466 = ORIENTED_EDGE('',*,*,#9467,.T.);
#9467 = EDGE_CURVE('',#9460,#9468,#9470,.T.);
#9468 = VERTEX_POINT('',#9469);
#9469 = CARTESIAN_POINT('',(119.245182,-78.79936,1.585));
#9470 = LINE('',#9471,#9472);
#9471 = CARTESIAN_POINT('',(119.166118,-78.651442,1.585));
#9472 = VECTOR('',#9473,1.);
#9473 = DIRECTION('',(0.471397579858,-0.881920813738,0.));
#9474 = ORIENTED_EDGE('',*,*,#9475,.T.);
#9475 = EDGE_CURVE('',#9468,#9476,#9478,.T.);
#9476 = VERTEX_POINT('',#9477);
#9477 = CARTESIAN_POINT('',(119.249594,-78.805963,1.585));
#9478 = LINE('',#9479,#9480);
#9479 = CARTESIAN_POINT('',(119.245182,-78.79936,1.585));
#9480 = VECTOR('',#9481,1.);
#9481 = DIRECTION('',(0.555571665417,-0.831468655203,0.));
#9482 = ORIENTED_EDGE('',*,*,#9483,.T.);
#9483 = EDGE_CURVE('',#9476,#9484,#9486,.T.);
#9484 = VERTEX_POINT('',#9485);
#9485 = CARTESIAN_POINT('',(119.234845,-78.825185,1.585));
#9486 = LINE('',#9487,#9488);
#9487 = CARTESIAN_POINT('',(119.249594,-78.805963,1.585));
#9488 = VECTOR('',#9489,1.);
#9489 = DIRECTION('',(-0.608746897717,-0.793364490332,0.));
#9490 = ORIENTED_EDGE('',*,*,#9491,.T.);
#9491 = EDGE_CURVE('',#9484,#9441,#9492,.T.);
#9492 = LINE('',#9493,#9494);
#9493 = CARTESIAN_POINT('',(119.234845,-78.825185,1.585));
#9494 = VECTOR('',#9495,1.);
#9495 = DIRECTION('',(-0.866025524683,-0.499999790598,0.));
#9496 = PLANE('',#9497);
#9497 = AXIS2_PLACEMENT_3D('',#9498,#9499,#9500);
#9498 = CARTESIAN_POINT('',(0.,0.,1.585));
#9499 = DIRECTION('',(0.,0.,1.));
#9500 = DIRECTION('',(1.,0.,-0.));
#9501 = SHELL_BASED_SURFACE_MODEL('',(#9502));
#9502 = OPEN_SHELL('',(#9503));
#9503 = ADVANCED_FACE('',(#9504),#9547,.T.);
#9504 = FACE_BOUND('',#9505,.F.);
#9505 = EDGE_LOOP('',(#9506,#9516,#9524,#9532,#9541));
#9506 = ORIENTED_EDGE('',*,*,#9507,.T.);
#9507 = EDGE_CURVE('',#9508,#9510,#9512,.T.);
#9508 = VERTEX_POINT('',#9509);
#9509 = CARTESIAN_POINT('',(125.21341,-78.853045,1.585));
#9510 = VERTEX_POINT('',#9511);
#9511 = CARTESIAN_POINT('',(125.249282,-78.79936,1.585));
#9512 = LINE('',#9513,#9514);
#9513 = CARTESIAN_POINT('',(125.21341,-78.853045,1.585));
#9514 = VECTOR('',#9515,1.);
#9515 = DIRECTION('',(0.555579118219,0.831463675334,0.));
#9516 = ORIENTED_EDGE('',*,*,#9517,.T.);
#9517 = EDGE_CURVE('',#9510,#9518,#9520,.T.);
#9518 = VERTEX_POINT('',#9519);
#9519 = CARTESIAN_POINT('',(125.311411,-78.683123,1.585));
#9520 = LINE('',#9521,#9522);
#9521 = CARTESIAN_POINT('',(125.249282,-78.79936,1.585));
#9522 = VECTOR('',#9523,1.);
#9523 = DIRECTION('',(0.471391007203,0.881924326872,0.));
#9524 = ORIENTED_EDGE('',*,*,#9525,.T.);
#9525 = EDGE_CURVE('',#9518,#9526,#9528,.T.);
#9526 = VERTEX_POINT('',#9527);
#9527 = CARTESIAN_POINT('',(128.111605,-80.299815,1.585));
#9528 = LINE('',#9529,#9530);
#9529 = CARTESIAN_POINT('',(125.311411,-78.683123,1.585));
#9530 = VECTOR('',#9531,1.);
#9531 = DIRECTION('',(0.866025505521,-0.499999823788,0.));
#9532 = ORIENTED_EDGE('',*,*,#9533,.T.);
#9533 = EDGE_CURVE('',#9526,#9534,#9536,.T.);
#9534 = VERTEX_POINT('',#9535);
#9535 = CARTESIAN_POINT('',(128.013526,-80.469693,1.585));
#9536 = CIRCLE('',#9537,0.100000442863);
#9537 = AXIS2_PLACEMENT_3D('',#9538,#9539,#9540);
#9538 = CARTESIAN_POINT('',(128.04567062275,-80.37499974891,1.585));
#9539 = DIRECTION('',(0.,0.,-1.));
#9540 = DIRECTION('',(0.659340852522,0.751844159514,0.));
#9541 = ORIENTED_EDGE('',*,*,#9542,.T.);
#9542 = EDGE_CURVE('',#9534,#9508,#9543,.T.);
#9543 = LINE('',#9544,#9545);
#9544 = CARTESIAN_POINT('',(128.013526,-80.469693,1.585));
#9545 = VECTOR('',#9546,1.);
#9546 = DIRECTION('',(-0.866025367138,0.500000063473,0.));
#9547 = PLANE('',#9548);
#9548 = AXIS2_PLACEMENT_3D('',#9549,#9550,#9551);
#9549 = CARTESIAN_POINT('',(0.,0.,1.585));
#9550 = DIRECTION('',(0.,0.,1.));
#9551 = DIRECTION('',(1.,0.,-0.));
#9552 = SHELL_BASED_SURFACE_MODEL('',(#9553));
#9553 = OPEN_SHELL('',(#9554));
#9554 = ADVANCED_FACE('',(#9555),#9614,.T.);
#9555 = FACE_BOUND('',#9556,.F.);
#9556 = EDGE_LOOP('',(#9557,#9568,#9576,#9584,#9592,#9600,#9608));
#9557 = ORIENTED_EDGE('',*,*,#9558,.T.);
#9558 = EDGE_CURVE('',#9559,#9561,#9563,.T.);
#9559 = VERTEX_POINT('',#9560);
#9560 = CARTESIAN_POINT('',(115.68654,-78.846815,1.585));
#9561 = VERTEX_POINT('',#9562);
#9562 = CARTESIAN_POINT('',(115.635771,-78.657341,1.585));
#9563 = CIRCLE('',#9564,0.100000305378);
#9564 = AXIS2_PLACEMENT_3D('',#9565,#9566,#9567);
#9565 = CARTESIAN_POINT('',(115.67999945958,-78.74702881655,1.585));
#9566 = DIRECTION('',(0.,0.,-1.));
#9567 = DIRECTION('',(6.540520438712E-02,-0.997858787223,0.));
#9568 = ORIENTED_EDGE('',*,*,#9569,.T.);
#9569 = EDGE_CURVE('',#9561,#9570,#9572,.T.);
#9570 = VERTEX_POINT('',#9571);
#9571 = CARTESIAN_POINT('',(118.812718,-77.806081,1.585));
#9572 = LINE('',#9573,#9574);
#9573 = CARTESIAN_POINT('',(115.635771,-78.657341,1.585));
#9574 = VECTOR('',#9575,1.);
#9575 = DIRECTION('',(0.965925855405,0.258818936442,0.));
#9576 = ORIENTED_EDGE('',*,*,#9577,.T.);
#9577 = EDGE_CURVE('',#9570,#9578,#9580,.T.);
#9578 = VERTEX_POINT('',#9579);
#9579 = CARTESIAN_POINT('',(118.844123,-77.810215,1.585));
#9580 = LINE('',#9581,#9582);
#9581 = CARTESIAN_POINT('',(118.812718,-77.806081,1.585));
#9582 = VECTOR('',#9583,1.);
#9583 = DIRECTION('',(0.991447094675,-0.130509227492,0.));
#9584 = ORIENTED_EDGE('',*,*,#9585,.T.);
#9585 = EDGE_CURVE('',#9578,#9586,#9588,.T.);
#9586 = VERTEX_POINT('',#9587);
#9587 = CARTESIAN_POINT('',(118.852123,-77.850431,1.585));
#9588 = LINE('',#9589,#9590);
#9589 = CARTESIAN_POINT('',(118.844123,-77.810215,1.585));
#9590 = VECTOR('',#9591,1.);
#9591 = DIRECTION('',(0.195102995697,-0.980782759366,0.));
#9592 = ORIENTED_EDGE('',*,*,#9593,.T.);
#9593 = EDGE_CURVE('',#9586,#9594,#9596,.T.);
#9594 = VERTEX_POINT('',#9595);
#9595 = CARTESIAN_POINT('',(118.889979,-77.975227,1.585));
#9596 = LINE('',#9597,#9598);
#9597 = CARTESIAN_POINT('',(118.852123,-77.850431,1.585));
#9598 = VECTOR('',#9599,1.);
#9599 = DIRECTION('',(0.290281498248,-0.956941300068,0.));
#9600 = ORIENTED_EDGE('',*,*,#9601,.T.);
#9601 = EDGE_CURVE('',#9594,#9602,#9604,.T.);
#9602 = VERTEX_POINT('',#9603);
#9603 = CARTESIAN_POINT('',(118.863488,-77.995555,1.585));
#9604 = LINE('',#9605,#9606);
#9605 = CARTESIAN_POINT('',(118.889979,-77.975227,1.585));
#9606 = VECTOR('',#9607,1.);
#9607 = DIRECTION('',(-0.793342626096,-0.608775391766,0.));
#9608 = ORIENTED_EDGE('',*,*,#9609,.T.);
#9609 = EDGE_CURVE('',#9602,#9559,#9610,.T.);
#9610 = LINE('',#9611,#9612);
#9611 = CARTESIAN_POINT('',(118.863488,-77.995555,1.585));
#9612 = VECTOR('',#9613,1.);
#9613 = DIRECTION('',(-0.965925875772,-0.258818860431,0.));
#9614 = PLANE('',#9615);
#9615 = AXIS2_PLACEMENT_3D('',#9616,#9617,#9618);
#9616 = CARTESIAN_POINT('',(0.,0.,1.585));
#9617 = DIRECTION('',(0.,0.,1.));
#9618 = DIRECTION('',(1.,0.,-0.));
#9619 = SHELL_BASED_SURFACE_MODEL('',(#9620));
#9620 = OPEN_SHELL('',(#9621));
#9621 = ADVANCED_FACE('',(#9622),#9665,.T.);
#9622 = FACE_BOUND('',#9623,.F.);
#9623 = EDGE_LOOP('',(#9624,#9634,#9642,#9650,#9659));
#9624 = ORIENTED_EDGE('',*,*,#9625,.T.);
#9625 = EDGE_CURVE('',#9626,#9628,#9630,.T.);
#9626 = VERTEX_POINT('',#9627);
#9627 = CARTESIAN_POINT('',(125.593671,-78.010871,1.585));
#9628 = VERTEX_POINT('',#9629);
#9629 = CARTESIAN_POINT('',(125.642341,-77.850431,1.585));
#9630 = LINE('',#9631,#9632);
#9631 = CARTESIAN_POINT('',(125.593671,-78.010871,1.585));
#9632 = VECTOR('',#9633,1.);
#9633 = DIRECTION('',(0.290290456353,0.956938582643,0.));
#9634 = ORIENTED_EDGE('',*,*,#9635,.T.);
#9635 = EDGE_CURVE('',#9628,#9636,#9638,.T.);
#9636 = VERTEX_POINT('',#9637);
#9637 = CARTESIAN_POINT('',(125.648301,-77.820468,1.585));
#9638 = LINE('',#9639,#9640);
#9639 = CARTESIAN_POINT('',(125.642341,-77.850431,1.585));
#9640 = VECTOR('',#9641,1.);
#9641 = DIRECTION('',(0.195089967349,0.980785350951,0.));
#9642 = ORIENTED_EDGE('',*,*,#9643,.T.);
#9643 = EDGE_CURVE('',#9636,#9644,#9646,.T.);
#9644 = VERTEX_POINT('',#9645);
#9645 = CARTESIAN_POINT('',(128.764228,-78.657341,1.585));
#9646 = LINE('',#9647,#9648);
#9647 = CARTESIAN_POINT('',(125.648301,-77.820468,1.585));
#9648 = VECTOR('',#9649,1.);
#9649 = DIRECTION('',(0.965773562357,-0.259386634684,0.));
#9650 = ORIENTED_EDGE('',*,*,#9651,.T.);
#9651 = EDGE_CURVE('',#9644,#9652,#9654,.T.);
#9652 = VERTEX_POINT('',#9653);
#9653 = CARTESIAN_POINT('',(128.713458,-78.846815,1.585));
#9654 = CIRCLE('',#9655,0.100000529732);
#9655 = AXIS2_PLACEMENT_3D('',#9656,#9657,#9658);
#9656 = CARTESIAN_POINT('',(128.71999858287,-78.7470285945,1.585));
#9657 = DIRECTION('',(0.,0.,-1.));
#9658 = DIRECTION('',(0.442291828286,0.896871194003,0.));
#9659 = ORIENTED_EDGE('',*,*,#9660,.T.);
#9660 = EDGE_CURVE('',#9652,#9626,#9661,.T.);
#9661 = LINE('',#9662,#9663);
#9662 = CARTESIAN_POINT('',(128.713458,-78.846815,1.585));
#9663 = VECTOR('',#9664,1.);
#9664 = DIRECTION('',(-0.965925857808,0.258818927472,0.));
#9665 = PLANE('',#9666);
#9666 = AXIS2_PLACEMENT_3D('',#9667,#9668,#9669);
#9667 = CARTESIAN_POINT('',(0.,0.,1.585));
#9668 = DIRECTION('',(0.,0.,1.));
#9669 = DIRECTION('',(1.,0.,-0.));
#9670 = SHELL_BASED_SURFACE_MODEL('',(#9671));
#9671 = OPEN_SHELL('',(#9672));
#9672 = ADVANCED_FACE('',(#9673),#9723,.T.);
#9673 = FACE_BOUND('',#9674,.F.);
#9674 = EDGE_LOOP('',(#9675,#9685,#9693,#9701,#9709,#9717));
#9675 = ORIENTED_EDGE('',*,*,#9676,.T.);
#9676 = EDGE_CURVE('',#9677,#9679,#9681,.T.);
#9677 = VERTEX_POINT('',#9678);
#9678 = CARTESIAN_POINT('',(115.001384,-77.147118,1.585));
#9679 = VERTEX_POINT('',#9680);
#9680 = CARTESIAN_POINT('',(115.001384,-76.852882,1.585));
#9681 = LINE('',#9682,#9683);
#9682 = CARTESIAN_POINT('',(115.001384,-77.147118,1.585));
#9683 = VECTOR('',#9684,1.);
#9684 = DIRECTION('',(0.,1.,0.));
#9685 = ORIENTED_EDGE('',*,*,#9686,.T.);
#9686 = EDGE_CURVE('',#9679,#9687,#9689,.T.);
#9687 = VERTEX_POINT('',#9688);
#9688 = CARTESIAN_POINT('',(118.729264,-76.852882,1.585));
#9689 = LINE('',#9690,#9691);
#9690 = CARTESIAN_POINT('',(115.001384,-76.852882,1.585));
#9691 = VECTOR('',#9692,1.);
#9692 = DIRECTION('',(1.,0.,0.));
#9693 = ORIENTED_EDGE('',*,*,#9694,.T.);
#9694 = EDGE_CURVE('',#9687,#9695,#9697,.T.);
#9695 = VERTEX_POINT('',#9696);
#9696 = CARTESIAN_POINT('',(118.751448,-76.862071,1.585));
#9697 = LINE('',#9698,#9699);
#9698 = CARTESIAN_POINT('',(118.729264,-76.852882,1.585));
#9699 = VECTOR('',#9700,1.);
#9700 = DIRECTION('',(0.923878261337,-0.382686501237,0.));
#9701 = ORIENTED_EDGE('',*,*,#9702,.T.);
#9702 = EDGE_CURVE('',#9695,#9703,#9705,.T.);
#9703 = VERTEX_POINT('',#9704);
#9704 = CARTESIAN_POINT('',(118.751448,-77.137928,1.585));
#9705 = LINE('',#9706,#9707);
#9706 = CARTESIAN_POINT('',(118.751448,-76.862071,1.585));
#9707 = VECTOR('',#9708,1.);
#9708 = DIRECTION('',(0.,-1.,0.));
#9709 = ORIENTED_EDGE('',*,*,#9710,.T.);
#9710 = EDGE_CURVE('',#9703,#9711,#9713,.T.);
#9711 = VERTEX_POINT('',#9712);
#9712 = CARTESIAN_POINT('',(118.729264,-77.147118,1.585));
#9713 = LINE('',#9714,#9715);
#9714 = CARTESIAN_POINT('',(118.751448,-77.137928,1.585));
#9715 = VECTOR('',#9716,1.);
#9716 = DIRECTION('',(-0.923863536652,-0.382722047504,0.));
#9717 = ORIENTED_EDGE('',*,*,#9718,.T.);
#9718 = EDGE_CURVE('',#9711,#9677,#9719,.T.);
#9719 = LINE('',#9720,#9721);
#9720 = CARTESIAN_POINT('',(118.729264,-77.147118,1.585));
#9721 = VECTOR('',#9722,1.);
#9722 = DIRECTION('',(-1.,0.,0.));
#9723 = PLANE('',#9724);
#9724 = AXIS2_PLACEMENT_3D('',#9725,#9726,#9727);
#9725 = CARTESIAN_POINT('',(0.,0.,1.585));
#9726 = DIRECTION('',(0.,0.,1.));
#9727 = DIRECTION('',(1.,0.,-0.));
#9728 = SHELL_BASED_SURFACE_MODEL('',(#9729));
#9729 = OPEN_SHELL('',(#9730));
#9730 = ADVANCED_FACE('',(#9731),#9766,.T.);
#9731 = FACE_BOUND('',#9732,.F.);
#9732 = EDGE_LOOP('',(#9733,#9743,#9751,#9760));
#9733 = ORIENTED_EDGE('',*,*,#9734,.T.);
#9734 = EDGE_CURVE('',#9735,#9737,#9739,.T.);
#9735 = VERTEX_POINT('',#9736);
#9736 = CARTESIAN_POINT('',(125.743016,-77.147118,1.585));
#9737 = VERTEX_POINT('',#9738);
#9738 = CARTESIAN_POINT('',(125.743016,-76.852882,1.585));
#9739 = LINE('',#9740,#9741);
#9740 = CARTESIAN_POINT('',(125.743016,-77.147118,1.585));
#9741 = VECTOR('',#9742,1.);
#9742 = DIRECTION('',(0.,1.,0.));
#9743 = ORIENTED_EDGE('',*,*,#9744,.T.);
#9744 = EDGE_CURVE('',#9737,#9745,#9747,.T.);
#9745 = VERTEX_POINT('',#9746);
#9746 = CARTESIAN_POINT('',(129.479264,-76.852882,1.585));
#9747 = LINE('',#9748,#9749);
#9748 = CARTESIAN_POINT('',(125.743016,-76.852882,1.585));
#9749 = VECTOR('',#9750,1.);
#9750 = DIRECTION('',(1.,0.,0.));
#9751 = ORIENTED_EDGE('',*,*,#9752,.T.);
#9752 = EDGE_CURVE('',#9745,#9753,#9755,.T.);
#9753 = VERTEX_POINT('',#9754);
#9754 = CARTESIAN_POINT('',(129.479264,-77.147118,1.585));
#9755 = CIRCLE('',#9756,0.150000292066);
#9756 = AXIS2_PLACEMENT_3D('',#9757,#9758,#9759);
#9757 = CARTESIAN_POINT('',(129.45,-77.,1.585));
#9758 = DIRECTION('',(0.,0.,-1.));
#9759 = DIRECTION('',(0.195092953466,0.980784756972,0.));
#9760 = ORIENTED_EDGE('',*,*,#9761,.T.);
#9761 = EDGE_CURVE('',#9753,#9735,#9762,.T.);
#9762 = LINE('',#9763,#9764);
#9763 = CARTESIAN_POINT('',(129.479264,-77.147118,1.585));
#9764 = VECTOR('',#9765,1.);
#9765 = DIRECTION('',(-1.,0.,0.));
#9766 = PLANE('',#9767);
#9767 = AXIS2_PLACEMENT_3D('',#9768,#9769,#9770);
#9768 = CARTESIAN_POINT('',(0.,0.,1.585));
#9769 = DIRECTION('',(0.,0.,1.));
#9770 = DIRECTION('',(1.,0.,-0.));
#9771 = SHELL_BASED_SURFACE_MODEL('',(#9772));
#9772 = OPEN_SHELL('',(#9773));
#9773 = ADVANCED_FACE('',(#9774),#9833,.T.);
#9774 = FACE_BOUND('',#9775,.F.);
#9775 = EDGE_LOOP('',(#9776,#9786,#9794,#9802,#9810,#9818,#9827));
#9776 = ORIENTED_EDGE('',*,*,#9777,.T.);
#9777 = EDGE_CURVE('',#9778,#9780,#9782,.T.);
#9778 = VERTEX_POINT('',#9779);
#9779 = CARTESIAN_POINT('',(118.863488,-76.004446,1.585));
#9780 = VERTEX_POINT('',#9781);
#9781 = CARTESIAN_POINT('',(118.889979,-76.024773,1.585));
#9782 = LINE('',#9783,#9784);
#9783 = CARTESIAN_POINT('',(118.863488,-76.004446,1.585));
#9784 = VECTOR('',#9785,1.);
#9785 = DIRECTION('',(0.793357089866,-0.608756542437,0.));
#9786 = ORIENTED_EDGE('',*,*,#9787,.T.);
#9787 = EDGE_CURVE('',#9780,#9788,#9790,.T.);
#9788 = VERTEX_POINT('',#9789);
#9789 = CARTESIAN_POINT('',(118.852123,-76.149569,1.585));
#9790 = LINE('',#9791,#9792);
#9791 = CARTESIAN_POINT('',(118.889979,-76.024773,1.585));
#9792 = VECTOR('',#9793,1.);
#9793 = DIRECTION('',(-0.290281498248,-0.956941300068,0.));
#9794 = ORIENTED_EDGE('',*,*,#9795,.T.);
#9795 = EDGE_CURVE('',#9788,#9796,#9798,.T.);
#9796 = VERTEX_POINT('',#9797);
#9797 = CARTESIAN_POINT('',(118.844123,-76.189785,1.585));
#9798 = LINE('',#9799,#9800);
#9799 = CARTESIAN_POINT('',(118.852123,-76.149569,1.585));
#9800 = VECTOR('',#9801,1.);
#9801 = DIRECTION('',(-0.195102995697,-0.980782759366,0.));
#9802 = ORIENTED_EDGE('',*,*,#9803,.T.);
#9803 = EDGE_CURVE('',#9796,#9804,#9806,.T.);
#9804 = VERTEX_POINT('',#9805);
#9805 = CARTESIAN_POINT('',(118.812718,-76.19392,1.585));
#9806 = LINE('',#9807,#9808);
#9807 = CARTESIAN_POINT('',(118.844123,-76.189785,1.585));
#9808 = VECTOR('',#9809,1.);
#9809 = DIRECTION('',(-0.991443009305,-0.130540259305,0.));
#9810 = ORIENTED_EDGE('',*,*,#9811,.T.);
#9811 = EDGE_CURVE('',#9804,#9812,#9814,.T.);
#9812 = VERTEX_POINT('',#9813);
#9813 = CARTESIAN_POINT('',(115.635771,-75.34266,1.585));
#9814 = LINE('',#9815,#9816);
#9815 = CARTESIAN_POINT('',(118.812718,-76.19392,1.585));
#9816 = VECTOR('',#9817,1.);
#9817 = DIRECTION('',(-0.965925855405,0.258818936442,0.));
#9818 = ORIENTED_EDGE('',*,*,#9819,.T.);
#9819 = EDGE_CURVE('',#9812,#9820,#9822,.T.);
#9820 = VERTEX_POINT('',#9821);
#9821 = CARTESIAN_POINT('',(115.705882,-75.156379,1.585));
#9822 = CIRCLE('',#9823,0.100000663228);
#9823 = AXIS2_PLACEMENT_3D('',#9824,#9825,#9826);
#9824 = CARTESIAN_POINT('',(115.68000085574,-75.25297247295,1.585));
#9825 = DIRECTION('',(0.,0.,-1.));
#9826 = DIRECTION('',(-0.44229562399,-0.896869322142,-0.));
#9827 = ORIENTED_EDGE('',*,*,#9828,.T.);
#9828 = EDGE_CURVE('',#9820,#9778,#9829,.T.);
#9829 = LINE('',#9830,#9831);
#9830 = CARTESIAN_POINT('',(115.705882,-75.156379,1.585));
#9831 = VECTOR('',#9832,1.);
#9832 = DIRECTION('',(0.965773570789,-0.259386603287,0.));
#9833 = PLANE('',#9834);
#9834 = AXIS2_PLACEMENT_3D('',#9835,#9836,#9837);
#9835 = CARTESIAN_POINT('',(0.,0.,1.585));
#9836 = DIRECTION('',(0.,0.,1.));
#9837 = DIRECTION('',(1.,0.,-0.));
#9838 = SHELL_BASED_SURFACE_MODEL('',(#9839));
#9839 = OPEN_SHELL('',(#9840));
#9840 = ADVANCED_FACE('',(#9841),#9884,.T.);
#9841 = FACE_BOUND('',#9842,.F.);
#9842 = EDGE_LOOP('',(#9843,#9853,#9861,#9870,#9878));
#9843 = ORIENTED_EDGE('',*,*,#9844,.T.);
#9844 = EDGE_CURVE('',#9845,#9847,#9849,.T.);
#9845 = VERTEX_POINT('',#9846);
#9846 = CARTESIAN_POINT('',(125.642341,-76.149569,1.585));
#9847 = VERTEX_POINT('',#9848);
#9848 = CARTESIAN_POINT('',(125.593672,-75.989129,1.585));
#9849 = LINE('',#9850,#9851);
#9850 = CARTESIAN_POINT('',(125.642341,-76.149569,1.585));
#9851 = VECTOR('',#9852,1.);
#9852 = DIRECTION('',(-0.290284994491,0.956940239499,0.));
#9853 = ORIENTED_EDGE('',*,*,#9854,.T.);
#9854 = EDGE_CURVE('',#9847,#9855,#9857,.T.);
#9855 = VERTEX_POINT('',#9856);
#9856 = CARTESIAN_POINT('',(128.713458,-75.153186,1.585));
#9857 = LINE('',#9858,#9859);
#9858 = CARTESIAN_POINT('',(125.593672,-75.989129,1.585));
#9859 = VECTOR('',#9860,1.);
#9860 = DIRECTION('',(0.965925914471,0.258818716002,0.));
#9861 = ORIENTED_EDGE('',*,*,#9862,.T.);
#9862 = EDGE_CURVE('',#9855,#9863,#9865,.T.);
#9863 = VERTEX_POINT('',#9864);
#9864 = CARTESIAN_POINT('',(128.764228,-75.34266,1.585));
#9865 = CIRCLE('',#9866,0.100000347819);
#9866 = AXIS2_PLACEMENT_3D('',#9867,#9868,#9869);
#9867 = CARTESIAN_POINT('',(128.71999948357,-75.25297216415,1.585));
#9868 = DIRECTION('',(0.,0.,-1.));
#9869 = DIRECTION('',(-6.541460824581E-02,0.997858170798,-0.));
#9870 = ORIENTED_EDGE('',*,*,#9871,.T.);
#9871 = EDGE_CURVE('',#9863,#9872,#9874,.T.);
#9872 = VERTEX_POINT('',#9873);
#9873 = CARTESIAN_POINT('',(125.64793,-76.177668,1.585));
#9874 = LINE('',#9875,#9876);
#9875 = CARTESIAN_POINT('',(128.764228,-75.34266,1.585));
#9876 = VECTOR('',#9877,1.);
#9877 = DIRECTION('',(-0.96592594504,-0.258818601917,0.));
#9878 = ORIENTED_EDGE('',*,*,#9879,.T.);
#9879 = EDGE_CURVE('',#9872,#9845,#9880,.T.);
#9880 = LINE('',#9881,#9882);
#9881 = CARTESIAN_POINT('',(125.64793,-76.177668,1.585));
#9882 = VECTOR('',#9883,1.);
#9883 = DIRECTION('',(-0.195082310357,0.980786873987,0.));
#9884 = PLANE('',#9885);
#9885 = AXIS2_PLACEMENT_3D('',#9886,#9887,#9888);
#9886 = CARTESIAN_POINT('',(0.,0.,1.585));
#9887 = DIRECTION('',(0.,0.,1.));
#9888 = DIRECTION('',(1.,0.,-0.));
#9889 = SHELL_BASED_SURFACE_MODEL('',(#9890));
#9890 = OPEN_SHELL('',(#9891));
#9891 = ADVANCED_FACE('',(#9892),#9951,.T.);
#9892 = FACE_BOUND('',#9893,.F.);
#9893 = EDGE_LOOP('',(#9894,#9904,#9912,#9920,#9928,#9936,#9945));
#9894 = ORIENTED_EDGE('',*,*,#9895,.T.);
#9895 = EDGE_CURVE('',#9896,#9898,#9900,.T.);
#9896 = VERTEX_POINT('',#9897);
#9897 = CARTESIAN_POINT('',(119.234845,-75.174815,1.585));
#9898 = VERTEX_POINT('',#9899);
#9899 = CARTESIAN_POINT('',(119.249594,-75.194036,1.585));
#9900 = LINE('',#9901,#9902);
#9901 = CARTESIAN_POINT('',(119.234845,-75.174815,1.585));
#9902 = VECTOR('',#9903,1.);
#9903 = DIRECTION('',(0.608766831684,-0.793349194644,0.));
#9904 = ORIENTED_EDGE('',*,*,#9905,.T.);
#9905 = EDGE_CURVE('',#9898,#9906,#9908,.T.);
#9906 = VERTEX_POINT('',#9907);
#9907 = CARTESIAN_POINT('',(119.245182,-75.20064,1.585));
#9908 = LINE('',#9909,#9910);
#9909 = CARTESIAN_POINT('',(119.249594,-75.194036,1.585));
#9910 = VECTOR('',#9911,1.);
#9911 = DIRECTION('',(-0.555513501288,-0.831507516434,0.));
#9912 = ORIENTED_EDGE('',*,*,#9913,.T.);
#9913 = EDGE_CURVE('',#9906,#9914,#9916,.T.);
#9914 = VERTEX_POINT('',#9915);
#9915 = CARTESIAN_POINT('',(119.166118,-75.348557,1.585));
#9916 = LINE('',#9917,#9918);
#9917 = CARTESIAN_POINT('',(119.245182,-75.20064,1.585));
#9918 = VECTOR('',#9919,1.);
#9919 = DIRECTION('',(-0.471400058578,-0.881919488827,0.));
#9920 = ORIENTED_EDGE('',*,*,#9921,.T.);
#9921 = EDGE_CURVE('',#9914,#9922,#9924,.T.);
#9922 = VERTEX_POINT('',#9923);
#9923 = CARTESIAN_POINT('',(119.136766,-75.344693,1.585));
#9924 = LINE('',#9925,#9926);
#9925 = CARTESIAN_POINT('',(119.166118,-75.348557,1.585));
#9926 = VECTOR('',#9927,1.);
#9927 = DIRECTION('',(-0.991446015801,0.130517423176,0.));
#9928 = ORIENTED_EDGE('',*,*,#9929,.T.);
#9929 = EDGE_CURVE('',#9922,#9930,#9932,.T.);
#9930 = VERTEX_POINT('',#9931);
#9931 = CARTESIAN_POINT('',(116.288393,-73.700184,1.585));
#9932 = LINE('',#9933,#9934);
#9933 = CARTESIAN_POINT('',(119.136766,-75.344693,1.585));
#9934 = VECTOR('',#9935,1.);
#9935 = DIRECTION('',(-0.866025393029,0.50000001863,0.));
#9936 = ORIENTED_EDGE('',*,*,#9937,.T.);
#9937 = EDGE_CURVE('',#9930,#9938,#9940,.T.);
#9938 = VERTEX_POINT('',#9939);
#9939 = CARTESIAN_POINT('',(116.386472,-73.530307,1.585));
#9940 = CIRCLE('',#9941,0.100000191056);
#9941 = AXIS2_PLACEMENT_3D('',#9942,#9943,#9944);
#9942 = CARTESIAN_POINT('',(116.35432811984,-73.62500023724,1.585));
#9943 = DIRECTION('',(0.,0.,-1.));
#9944 = DIRECTION('',(-0.659349938755,-0.75183619111,-0.));
#9945 = ORIENTED_EDGE('',*,*,#9946,.T.);
#9946 = EDGE_CURVE('',#9938,#9896,#9947,.T.);
#9947 = LINE('',#9948,#9949);
#9948 = CARTESIAN_POINT('',(116.386472,-73.530307,1.585));
#9949 = VECTOR('',#9950,1.);
#9950 = DIRECTION('',(0.866025524683,-0.499999790598,0.));
#9951 = PLANE('',#9952);
#9952 = AXIS2_PLACEMENT_3D('',#9953,#9954,#9955);
#9953 = CARTESIAN_POINT('',(0.,0.,1.585));
#9954 = DIRECTION('',(0.,0.,1.));
#9955 = DIRECTION('',(1.,0.,-0.));
#9956 = SHELL_BASED_SURFACE_MODEL('',(#9957));
#9957 = OPEN_SHELL('',(#9958));
#9958 = ADVANCED_FACE('',(#9959),#10002,.T.);
#9959 = FACE_BOUND('',#9960,.F.);
#9960 = EDGE_LOOP('',(#9961,#9971,#9980,#9988,#9996));
#9961 = ORIENTED_EDGE('',*,*,#9962,.T.);
#9962 = EDGE_CURVE('',#9963,#9965,#9967,.T.);
#9963 = VERTEX_POINT('',#9964);
#9964 = CARTESIAN_POINT('',(125.21341,-75.146954,1.585));
#9965 = VERTEX_POINT('',#9966);
#9966 = CARTESIAN_POINT('',(128.013526,-73.530307,1.585));
#9967 = LINE('',#9968,#9969);
#9968 = CARTESIAN_POINT('',(125.21341,-75.146954,1.585));
#9969 = VECTOR('',#9970,1.);
#9970 = DIRECTION('',(0.866025501061,0.499999831512,0.));
#9971 = ORIENTED_EDGE('',*,*,#9972,.T.);
#9972 = EDGE_CURVE('',#9965,#9973,#9975,.T.);
#9973 = VERTEX_POINT('',#9974);
#9974 = CARTESIAN_POINT('',(128.111605,-73.700185,1.585));
#9975 = CIRCLE('',#9976,0.100000369189);
#9976 = AXIS2_PLACEMENT_3D('',#9977,#9978,#9979);
#9977 = CARTESIAN_POINT('',(128.04567094981,-73.62500006225,1.585));
#9978 = DIRECTION('',(0.,0.,-1.));
#9979 = DIRECTION('',(-0.321448311344,0.946927126623,-0.));
#9980 = ORIENTED_EDGE('',*,*,#9981,.T.);
#9981 = EDGE_CURVE('',#9973,#9982,#9984,.T.);
#9982 = VERTEX_POINT('',#9983);
#9983 = CARTESIAN_POINT('',(125.311411,-75.316876,1.585));
#9984 = LINE('',#9985,#9986);
#9985 = CARTESIAN_POINT('',(128.111605,-73.700185,1.585));
#9986 = VECTOR('',#9987,1.);
#9987 = DIRECTION('',(-0.86602563944,-0.499999591832,0.));
#9988 = ORIENTED_EDGE('',*,*,#9989,.T.);
#9989 = EDGE_CURVE('',#9982,#9990,#9992,.T.);
#9990 = VERTEX_POINT('',#9991);
#9991 = CARTESIAN_POINT('',(125.249282,-75.20064,1.585));
#9992 = LINE('',#9993,#9994);
#9993 = CARTESIAN_POINT('',(125.311411,-75.316876,1.585));
#9994 = VECTOR('',#9995,1.);
#9995 = DIRECTION('',(-0.471394161496,0.881922640886,0.));
#9996 = ORIENTED_EDGE('',*,*,#9997,.T.);
#9997 = EDGE_CURVE('',#9990,#9963,#9998,.T.);
#9998 = LINE('',#9999,#10000);
#9999 = CARTESIAN_POINT('',(125.249282,-75.20064,1.585));
#10000 = VECTOR('',#10001,1.);
#10001 = DIRECTION('',(-0.555571963786,0.831468455839,0.));
#10002 = PLANE('',#10003);
#10003 = AXIS2_PLACEMENT_3D('',#10004,#10005,#10006);
#10004 = CARTESIAN_POINT('',(0.,0.,1.585));
#10005 = DIRECTION('',(0.,0.,1.));
#10006 = DIRECTION('',(1.,0.,-0.));
#10007 = SHELL_BASED_SURFACE_MODEL('',(#10008));
#10008 = OPEN_SHELL('',(#10009));
#10009 = ADVANCED_FACE('',(#10010),#10069,.T.);
#10010 = FACE_BOUND('',#10011,.F.);
#10011 = EDGE_LOOP('',(#10012,#10022,#10030,#10038,#10046,#10054,#10063)
  );
#10012 = ORIENTED_EDGE('',*,*,#10013,.T.);
#10013 = EDGE_CURVE('',#10014,#10016,#10018,.T.);
#10014 = VERTEX_POINT('',#10015);
#10015 = CARTESIAN_POINT('',(119.849847,-74.441792,1.585));
#10016 = VERTEX_POINT('',#10017);
#10017 = CARTESIAN_POINT('',(119.853305,-74.450141,1.585));
#10018 = LINE('',#10019,#10020);
#10019 = CARTESIAN_POINT('',(119.849847,-74.441792,1.585));
#10020 = VECTOR('',#10021,1.);
#10021 = DIRECTION('',(0.382658021273,-0.923890057721,0.));
#10022 = ORIENTED_EDGE('',*,*,#10023,.T.);
#10023 = EDGE_CURVE('',#10016,#10024,#10026,.T.);
#10024 = VERTEX_POINT('',#10025);
#10025 = CARTESIAN_POINT('',(119.653903,-74.649544,1.585));
#10026 = LINE('',#10027,#10028);
#10027 = CARTESIAN_POINT('',(119.853305,-74.450141,1.585));
#10028 = VECTOR('',#10029,1.);
#10029 = DIRECTION('',(-0.70710500812,-0.707108554248,0.));
#10030 = ORIENTED_EDGE('',*,*,#10031,.T.);
#10031 = EDGE_CURVE('',#10024,#10032,#10034,.T.);
#10032 = VERTEX_POINT('',#10033);
#10033 = CARTESIAN_POINT('',(119.650644,-74.653515,1.585));
#10034 = LINE('',#10035,#10036);
#10035 = CARTESIAN_POINT('',(119.653903,-74.649544,1.585));
#10036 = VECTOR('',#10037,1.);
#10037 = DIRECTION('',(-0.634403115606,-0.773002384802,0.));
#10038 = ORIENTED_EDGE('',*,*,#10039,.T.);
#10039 = EDGE_CURVE('',#10032,#10040,#10042,.T.);
#10040 = VERTEX_POINT('',#10041);
#10041 = CARTESIAN_POINT('',(119.641791,-74.649848,1.585));
#10042 = LINE('',#10043,#10044);
#10043 = CARTESIAN_POINT('',(119.650644,-74.653515,1.585));
#10044 = VECTOR('',#10045,1.);
#10045 = DIRECTION('',(-0.923880737817,0.382680522486,0.));
#10046 = ORIENTED_EDGE('',*,*,#10047,.T.);
#10047 = EDGE_CURVE('',#10040,#10048,#10050,.T.);
#10048 = VERTEX_POINT('',#10049);
#10049 = CARTESIAN_POINT('',(116.948754,-71.956811,1.585));
#10050 = LINE('',#10051,#10052);
#10051 = CARTESIAN_POINT('',(119.641791,-74.649848,1.585));
#10052 = VECTOR('',#10053,1.);
#10053 = DIRECTION('',(-0.707106781187,0.707106781187,0.));
#10054 = ORIENTED_EDGE('',*,*,#10055,.T.);
#10055 = EDGE_CURVE('',#10048,#10056,#10058,.T.);
#10056 = VERTEX_POINT('',#10057);
#10057 = CARTESIAN_POINT('',(117.15681,-71.748755,1.585));
#10058 = CIRCLE('',#10059,0.150000188319);
#10059 = AXIS2_PLACEMENT_3D('',#10060,#10061,#10062);
#10060 = CARTESIAN_POINT('',(117.07347507768,-71.87347607768,1.585));
#10061 = DIRECTION('',(0.,0.,-1.));
#10062 = DIRECTION('',(-0.831472807322,-0.555565451305,-0.));
#10063 = ORIENTED_EDGE('',*,*,#10064,.T.);
#10064 = EDGE_CURVE('',#10056,#10014,#10065,.T.);
#10065 = LINE('',#10066,#10067);
#10066 = CARTESIAN_POINT('',(117.15681,-71.748755,1.585));
#10067 = VECTOR('',#10068,1.);
#10068 = DIRECTION('',(0.707106781187,-0.707106781187,0.));
#10069 = PLANE('',#10070);
#10070 = AXIS2_PLACEMENT_3D('',#10071,#10072,#10073);
#10071 = CARTESIAN_POINT('',(0.,0.,1.585));
#10072 = DIRECTION('',(0.,0.,1.));
#10073 = DIRECTION('',(1.,0.,-0.));
#10074 = SHELL_BASED_SURFACE_MODEL('',(#10075));
#10075 = OPEN_SHELL('',(#10076));
#10076 = ADVANCED_FACE('',(#10077),#10120,.T.);
#10077 = FACE_BOUND('',#10078,.F.);
#10078 = EDGE_LOOP('',(#10079,#10090,#10098,#10106,#10114));
#10079 = ORIENTED_EDGE('',*,*,#10080,.T.);
#10080 = EDGE_CURVE('',#10081,#10083,#10085,.T.);
#10081 = VERTEX_POINT('',#10082);
#10082 = CARTESIAN_POINT('',(127.243189,-71.748755,1.585));
#10083 = VERTEX_POINT('',#10084);
#10084 = CARTESIAN_POINT('',(127.451245,-71.956811,1.585));
#10085 = CIRCLE('',#10086,0.150000166887);
#10086 = AXIS2_PLACEMENT_3D('',#10087,#10088,#10089);
#10087 = CARTESIAN_POINT('',(127.326524,-71.873476,1.585));
#10088 = DIRECTION('',(0.,0.,-1.));
#10089 = DIRECTION('',(-0.555566048557,0.831472408256,0.));
#10090 = ORIENTED_EDGE('',*,*,#10091,.T.);
#10091 = EDGE_CURVE('',#10083,#10092,#10094,.T.);
#10092 = VERTEX_POINT('',#10093);
#10093 = CARTESIAN_POINT('',(124.799536,-74.608519,1.585));
#10094 = LINE('',#10095,#10096);
#10095 = CARTESIAN_POINT('',(127.451245,-71.956811,1.585));
#10096 = VECTOR('',#10097,1.);
#10097 = DIRECTION('',(-0.707106914517,-0.707106647856,0.));
#10098 = ORIENTED_EDGE('',*,*,#10099,.T.);
#10099 = EDGE_CURVE('',#10092,#10100,#10102,.T.);
#10100 = VERTEX_POINT('',#10101);
#10101 = CARTESIAN_POINT('',(124.597688,-74.406671,1.585));
#10102 = LINE('',#10103,#10104);
#10103 = CARTESIAN_POINT('',(124.799536,-74.608519,1.585));
#10104 = VECTOR('',#10105,1.);
#10105 = DIRECTION('',(-0.707106781187,0.707106781187,0.));
#10106 = ORIENTED_EDGE('',*,*,#10107,.T.);
#10107 = EDGE_CURVE('',#10100,#10108,#10110,.T.);
#10108 = VERTEX_POINT('',#10109);
#10109 = CARTESIAN_POINT('',(124.590869,-74.401074,1.585));
#10110 = LINE('',#10111,#10112);
#10111 = CARTESIAN_POINT('',(124.597688,-74.406671,1.585));
#10112 = VECTOR('',#10113,1.);
#10113 = DIRECTION('',(-0.772966463022,0.634446882759,0.));
#10114 = ORIENTED_EDGE('',*,*,#10115,.T.);
#10115 = EDGE_CURVE('',#10108,#10081,#10116,.T.);
#10116 = LINE('',#10117,#10118);
#10117 = CARTESIAN_POINT('',(124.590869,-74.401074,1.585));
#10118 = VECTOR('',#10119,1.);
#10119 = DIRECTION('',(0.707106914486,0.707106647887,0.));
#10120 = PLANE('',#10121);
#10121 = AXIS2_PLACEMENT_3D('',#10122,#10123,#10124);
#10122 = CARTESIAN_POINT('',(0.,0.,1.585));
#10123 = DIRECTION('',(0.,0.,1.));
#10124 = DIRECTION('',(1.,0.,-0.));
#10125 = SHELL_BASED_SURFACE_MODEL('',(#10126));
#10126 = OPEN_SHELL('',(#10127));
#10127 = ADVANCED_FACE('',(#10128),#10187,.T.);
#10128 = FACE_BOUND('',#10129,.F.);
#10129 = EDGE_LOOP('',(#10130,#10140,#10148,#10156,#10164,#10172,#10181)
  );
#10130 = ORIENTED_EDGE('',*,*,#10131,.T.);
#10131 = EDGE_CURVE('',#10132,#10134,#10136,.T.);
#10132 = VERTEX_POINT('',#10133);
#10133 = CARTESIAN_POINT('',(120.544693,-73.936767,1.585));
#10134 = VERTEX_POINT('',#10135);
#10135 = CARTESIAN_POINT('',(120.545852,-73.945577,1.585));
#10136 = LINE('',#10137,#10138);
#10137 = CARTESIAN_POINT('',(120.544693,-73.936767,1.585));
#10138 = VECTOR('',#10139,1.);
#10139 = DIRECTION('',(0.130431223585,-0.991457359605,0.));
#10140 = ORIENTED_EDGE('',*,*,#10141,.T.);
#10141 = EDGE_CURVE('',#10134,#10142,#10144,.T.);
#10142 = VERTEX_POINT('',#10143);
#10143 = CARTESIAN_POINT('',(120.447872,-73.99795,1.585));
#10144 = LINE('',#10145,#10146);
#10145 = CARTESIAN_POINT('',(120.545852,-73.945577,1.585));
#10146 = VECTOR('',#10147,1.);
#10147 = DIRECTION('',(-0.881915281167,-0.4714079304,0.));
#10148 = ORIENTED_EDGE('',*,*,#10149,.T.);
#10149 = EDGE_CURVE('',#10142,#10150,#10152,.T.);
#10150 = VERTEX_POINT('',#10151);
#10151 = CARTESIAN_POINT('',(120.383118,-74.041217,1.585));
#10152 = LINE('',#10153,#10154);
#10153 = CARTESIAN_POINT('',(120.447872,-73.99795,1.585));
#10154 = VECTOR('',#10155,1.);
#10155 = DIRECTION('',(-0.831471033016,-0.555568106766,0.));
#10156 = ORIENTED_EDGE('',*,*,#10157,.T.);
#10157 = EDGE_CURVE('',#10150,#10158,#10160,.T.);
#10158 = VERTEX_POINT('',#10159);
#10159 = CARTESIAN_POINT('',(120.374815,-74.034846,1.585));
#10160 = LINE('',#10161,#10162);
#10161 = CARTESIAN_POINT('',(120.383118,-74.041217,1.585));
#10162 = VECTOR('',#10163,1.);
#10163 = DIRECTION('',(-0.793358692504,0.608754453805,0.));
#10164 = ORIENTED_EDGE('',*,*,#10165,.T.);
#10165 = EDGE_CURVE('',#10158,#10166,#10168,.T.);
#10166 = VERTEX_POINT('',#10167);
#10167 = CARTESIAN_POINT('',(118.730307,-71.186473,1.585));
#10168 = LINE('',#10169,#10170);
#10169 = CARTESIAN_POINT('',(120.374815,-74.034846,1.585));
#10170 = VECTOR('',#10171,1.);
#10171 = DIRECTION('',(-0.499999790598,0.866025524683,0.));
#10172 = ORIENTED_EDGE('',*,*,#10173,.T.);
#10173 = EDGE_CURVE('',#10166,#10174,#10176,.T.);
#10174 = VERTEX_POINT('',#10175);
#10175 = CARTESIAN_POINT('',(118.900184,-71.088394,1.585));
#10176 = CIRCLE('',#10177,0.100000115017);
#10177 = AXIS2_PLACEMENT_3D('',#10178,#10179,#10180);
#10178 = CARTESIAN_POINT('',(118.82500004236,-71.1543287823,1.585));
#10179 = DIRECTION('',(0.,0.,-1.));
#10180 = DIRECTION('',(-0.946929334517,-0.321441807224,-0.));
#10181 = ORIENTED_EDGE('',*,*,#10182,.T.);
#10182 = EDGE_CURVE('',#10174,#10132,#10183,.T.);
#10183 = LINE('',#10184,#10185);
#10184 = CARTESIAN_POINT('',(118.900184,-71.088394,1.585));
#10185 = VECTOR('',#10186,1.);
#10186 = DIRECTION('',(0.50000001863,-0.866025393029,0.));
#10187 = PLANE('',#10188);
#10188 = AXIS2_PLACEMENT_3D('',#10189,#10190,#10191);
#10189 = CARTESIAN_POINT('',(0.,0.,1.585));
#10190 = DIRECTION('',(0.,0.,1.));
#10191 = DIRECTION('',(1.,0.,-0.));
#10192 = SHELL_BASED_SURFACE_MODEL('',(#10193));
#10193 = OPEN_SHELL('',(#10194));
#10194 = ADVANCED_FACE('',(#10195),#10230,.T.);
#10195 = FACE_BOUND('',#10196,.F.);
#10196 = EDGE_LOOP('',(#10197,#10208,#10216,#10224));
#10197 = ORIENTED_EDGE('',*,*,#10198,.T.);
#10198 = EDGE_CURVE('',#10199,#10201,#10203,.T.);
#10199 = VERTEX_POINT('',#10200);
#10200 = CARTESIAN_POINT('',(125.499815,-71.088395,1.585));
#10201 = VERTEX_POINT('',#10202);
#10202 = CARTESIAN_POINT('',(125.669693,-71.186474,1.585));
#10203 = CIRCLE('',#10204,0.100000442863);
#10204 = AXIS2_PLACEMENT_3D('',#10205,#10206,#10207);
#10205 = CARTESIAN_POINT('',(125.57499974891,-71.15432937725,1.585));
#10206 = DIRECTION('',(0.,0.,-1.));
#10207 = DIRECTION('',(-0.751844159514,0.659340852522,0.));
#10208 = ORIENTED_EDGE('',*,*,#10209,.T.);
#10209 = EDGE_CURVE('',#10201,#10210,#10212,.T.);
#10210 = VERTEX_POINT('',#10211);
#10211 = CARTESIAN_POINT('',(124.046511,-73.997906,1.585));
#10212 = LINE('',#10213,#10214);
#10213 = CARTESIAN_POINT('',(125.669693,-71.186474,1.585));
#10214 = VECTOR('',#10215,1.);
#10215 = DIRECTION('',(-0.500000225943,-0.866025273336,0.));
#10216 = ORIENTED_EDGE('',*,*,#10217,.T.);
#10217 = EDGE_CURVE('',#10210,#10218,#10220,.T.);
#10218 = VERTEX_POINT('',#10219);
#10219 = CARTESIAN_POINT('',(123.873423,-73.905389,1.585));
#10220 = LINE('',#10221,#10222);
#10221 = CARTESIAN_POINT('',(124.046511,-73.997906,1.585));
#10222 = VECTOR('',#10223,1.);
#10223 = DIRECTION('',(-0.88192224616,0.471394899981,0.));
#10224 = ORIENTED_EDGE('',*,*,#10225,.T.);
#10225 = EDGE_CURVE('',#10218,#10199,#10226,.T.);
#10226 = LINE('',#10227,#10228);
#10227 = CARTESIAN_POINT('',(123.873423,-73.905389,1.585));
#10228 = VECTOR('',#10229,1.);
#10229 = DIRECTION('',(0.499999943693,0.866025436293,0.));
#10230 = PLANE('',#10231);
#10231 = AXIS2_PLACEMENT_3D('',#10232,#10233,#10234);
#10232 = CARTESIAN_POINT('',(0.,0.,1.585));
#10233 = DIRECTION('',(0.,0.,1.));
#10234 = DIRECTION('',(1.,0.,-0.));
#10235 = SHELL_BASED_SURFACE_MODEL('',(#10236));
#10236 = OPEN_SHELL('',(#10237));
#10237 = ADVANCED_FACE('',(#10238),#10289,.T.);
#10238 = FACE_BOUND('',#10239,.F.);
#10239 = EDGE_LOOP('',(#10240,#10251,#10259,#10267,#10275,#10283));
#10240 = ORIENTED_EDGE('',*,*,#10241,.T.);
#10241 = EDGE_CURVE('',#10242,#10244,#10246,.T.);
#10242 = VERTEX_POINT('',#10243);
#10243 = CARTESIAN_POINT('',(120.377787,-70.414066,1.585));
#10244 = VERTEX_POINT('',#10245);
#10245 = CARTESIAN_POINT('',(120.542659,-70.435772,1.585));
#10246 = CIRCLE('',#10247,0.100001210234);
#10247 = AXIS2_PLACEMENT_3D('',#10248,#10249,#10250);
#10248 = CARTESIAN_POINT('',(120.45297108257,-70.48000230089,1.585));
#10249 = DIRECTION('',(0.,0.,-1.));
#10250 = DIRECTION('',(-0.751831726865,0.659355029161,0.));
#10251 = ORIENTED_EDGE('',*,*,#10252,.T.);
#10252 = EDGE_CURVE('',#10244,#10253,#10255,.T.);
#10253 = VERTEX_POINT('',#10254);
#10254 = CARTESIAN_POINT('',(121.392195,-73.606287,1.585));
#10255 = LINE('',#10256,#10257);
#10256 = CARTESIAN_POINT('',(120.542659,-70.435772,1.585));
#10257 = VECTOR('',#10258,1.);
#10258 = DIRECTION('',(0.258818779658,-0.965925897415,0.));
#10259 = ORIENTED_EDGE('',*,*,#10260,.T.);
#10260 = EDGE_CURVE('',#10253,#10261,#10263,.T.);
#10261 = VERTEX_POINT('',#10262);
#10262 = CARTESIAN_POINT('',(121.204383,-73.66326,1.585));
#10263 = LINE('',#10264,#10265);
#10264 = CARTESIAN_POINT('',(121.392195,-73.606287,1.585));
#10265 = VECTOR('',#10266,1.);
#10266 = DIRECTION('',(-0.956939128897,-0.290288655627,0.));
#10267 = ORIENTED_EDGE('',*,*,#10268,.T.);
#10268 = EDGE_CURVE('',#10261,#10269,#10271,.T.);
#10269 = VERTEX_POINT('',#10270);
#10270 = CARTESIAN_POINT('',(120.353185,-70.486541,1.585));
#10271 = LINE('',#10272,#10273);
#10272 = CARTESIAN_POINT('',(121.204383,-73.66326,1.585));
#10273 = VECTOR('',#10274,1.);
#10274 = DIRECTION('',(-0.258818678956,0.965925924398,0.));
#10275 = ORIENTED_EDGE('',*,*,#10276,.T.);
#10276 = EDGE_CURVE('',#10269,#10277,#10279,.T.);
#10277 = VERTEX_POINT('',#10278);
#10278 = CARTESIAN_POINT('',(120.358278,-70.447857,1.585));
#10279 = LINE('',#10280,#10281);
#10280 = CARTESIAN_POINT('',(120.353185,-70.486541,1.585));
#10281 = VECTOR('',#10282,1.);
#10282 = DIRECTION('',(0.130530091624,0.991444348,0.));
#10283 = ORIENTED_EDGE('',*,*,#10284,.T.);
#10284 = EDGE_CURVE('',#10277,#10242,#10285,.T.);
#10285 = LINE('',#10286,#10287);
#10286 = CARTESIAN_POINT('',(120.358278,-70.447857,1.585));
#10287 = VECTOR('',#10288,1.);
#10288 = DIRECTION('',(0.49999533015,0.866028099907,0.));
#10289 = PLANE('',#10290);
#10290 = AXIS2_PLACEMENT_3D('',#10291,#10292,#10293);
#10291 = CARTESIAN_POINT('',(0.,0.,1.585));
#10292 = DIRECTION('',(0.,0.,1.));
#10293 = DIRECTION('',(1.,0.,-0.));
#10294 = SHELL_BASED_SURFACE_MODEL('',(#10295));
#10295 = OPEN_SHELL('',(#10296));
#10296 = ADVANCED_FACE('',(#10297),#10348,.T.);
#10297 = FACE_BOUND('',#10298,.F.);
#10298 = EDGE_LOOP('',(#10299,#10310,#10318,#10326,#10334,#10342));
#10299 = ORIENTED_EDGE('',*,*,#10300,.T.);
#10300 = EDGE_CURVE('',#10301,#10303,#10305,.T.);
#10301 = VERTEX_POINT('',#10302);
#10302 = CARTESIAN_POINT('',(123.881093,-70.404817,1.585));
#10303 = VERTEX_POINT('',#10304);
#10304 = CARTESIAN_POINT('',(124.046814,-70.486542,1.585));
#10305 = CIRCLE('',#10306,9.999991917953E-02);
#10306 = AXIS2_PLACEMENT_3D('',#10307,#10308,#10309);
#10307 = CARTESIAN_POINT('',(123.9470282823,-70.48000025866,1.585));
#10308 = DIRECTION('',(0.,0.,-1.));
#10309 = DIRECTION('',(-0.659353355927,0.751833194285,0.));
#10310 = ORIENTED_EDGE('',*,*,#10311,.T.);
#10311 = EDGE_CURVE('',#10303,#10312,#10314,.T.);
#10312 = VERTEX_POINT('',#10313);
#10313 = CARTESIAN_POINT('',(123.202716,-73.636758,1.585));
#10314 = LINE('',#10315,#10316);
#10315 = CARTESIAN_POINT('',(124.046814,-70.486542,1.585));
#10316 = VECTOR('',#10317,1.);
#10317 = DIRECTION('',(-0.258819092826,-0.965925813502,0.));
#10318 = ORIENTED_EDGE('',*,*,#10319,.T.);
#10319 = EDGE_CURVE('',#10312,#10320,#10322,.T.);
#10320 = VERTEX_POINT('',#10321);
#10321 = CARTESIAN_POINT('',(123.097663,-73.604891,1.585));
#10322 = LINE('',#10323,#10324);
#10323 = CARTESIAN_POINT('',(123.202716,-73.636758,1.585));
#10324 = VECTOR('',#10325,1.);
#10325 = DIRECTION('',(-0.956941548164,0.290280680374,0.));
#10326 = ORIENTED_EDGE('',*,*,#10327,.T.);
#10327 = EDGE_CURVE('',#10320,#10328,#10330,.T.);
#10328 = VERTEX_POINT('',#10329);
#10329 = CARTESIAN_POINT('',(123.012705,-73.587991,1.585));
#10330 = LINE('',#10331,#10332);
#10331 = CARTESIAN_POINT('',(123.097663,-73.604891,1.585));
#10332 = VECTOR('',#10333,1.);
#10333 = DIRECTION('',(-0.980783506402,0.195099240309,0.));
#10334 = ORIENTED_EDGE('',*,*,#10335,.T.);
#10335 = EDGE_CURVE('',#10328,#10336,#10338,.T.);
#10336 = VERTEX_POINT('',#10337);
#10337 = CARTESIAN_POINT('',(123.85734,-70.435772,1.585));
#10338 = LINE('',#10339,#10340);
#10339 = CARTESIAN_POINT('',(123.012705,-73.587991,1.585));
#10340 = VECTOR('',#10341,1.);
#10341 = DIRECTION('',(0.258819177927,0.965925790699,0.));
#10342 = ORIENTED_EDGE('',*,*,#10343,.T.);
#10343 = EDGE_CURVE('',#10336,#10301,#10344,.T.);
#10344 = LINE('',#10345,#10346);
#10345 = CARTESIAN_POINT('',(123.85734,-70.435772,1.585));
#10346 = VECTOR('',#10347,1.);
#10347 = DIRECTION('',(0.608767769954,0.793348474673,0.));
#10348 = PLANE('',#10349);
#10349 = AXIS2_PLACEMENT_3D('',#10350,#10351,#10352);
#10350 = CARTESIAN_POINT('',(0.,0.,1.585));
#10351 = DIRECTION('',(0.,0.,1.));
#10352 = DIRECTION('',(1.,0.,-0.));
#10353 = SHELL_BASED_SURFACE_MODEL('',(#10354));
#10354 = OPEN_SHELL('',(#10355));
#10355 = ADVANCED_FACE('',(#10356),#10431,.T.);
#10356 = FACE_BOUND('',#10357,.F.);
#10357 = EDGE_LOOP('',(#10358,#10368,#10376,#10384,#10392,#10400,#10408,
    #10416,#10425));
#10358 = ORIENTED_EDGE('',*,*,#10359,.T.);
#10359 = EDGE_CURVE('',#10360,#10362,#10364,.T.);
#10360 = VERTEX_POINT('',#10361);
#10361 = CARTESIAN_POINT('',(122.45,-73.5,1.585));
#10362 = VERTEX_POINT('',#10363);
#10363 = CARTESIAN_POINT('',(122.44929,-73.507202,1.585));
#10364 = LINE('',#10365,#10366);
#10365 = CARTESIAN_POINT('',(122.45,-73.5,1.585));
#10366 = VECTOR('',#10367,1.);
#10367 = DIRECTION('',(-9.810813520977E-02,-0.995175760258,0.));
#10368 = ORIENTED_EDGE('',*,*,#10369,.T.);
#10369 = EDGE_CURVE('',#10362,#10370,#10372,.T.);
#10370 = VERTEX_POINT('',#10371);
#10371 = CARTESIAN_POINT('',(122.418969,-73.504216,1.585));
#10372 = LINE('',#10373,#10374);
#10373 = CARTESIAN_POINT('',(122.44929,-73.507202,1.585));
#10374 = VECTOR('',#10375,1.);
#10375 = DIRECTION('',(-0.995185872267,9.800550821528E-02,0.));
#10376 = ORIENTED_EDGE('',*,*,#10377,.T.);
#10377 = EDGE_CURVE('',#10370,#10378,#10380,.T.);
#10378 = VERTEX_POINT('',#10379);
#10379 = CARTESIAN_POINT('',(122.247232,-73.5,1.585));
#10380 = LINE('',#10381,#10382);
#10381 = CARTESIAN_POINT('',(122.418969,-73.504216,1.585));
#10382 = VECTOR('',#10383,1.);
#10383 = DIRECTION('',(-0.999698805374,2.454177121677E-02,0.));
#10384 = ORIENTED_EDGE('',*,*,#10385,.T.);
#10385 = EDGE_CURVE('',#10378,#10386,#10388,.T.);
#10386 = VERTEX_POINT('',#10387);
#10387 = CARTESIAN_POINT('',(122.075495,-73.504216,1.585));
#10388 = LINE('',#10389,#10390);
#10389 = CARTESIAN_POINT('',(122.247232,-73.5,1.585));
#10390 = VECTOR('',#10391,1.);
#10391 = DIRECTION('',(-0.999698805374,-2.454177121677E-02,0.));
#10392 = ORIENTED_EDGE('',*,*,#10393,.T.);
#10393 = EDGE_CURVE('',#10386,#10394,#10396,.T.);
#10394 = VERTEX_POINT('',#10395);
#10395 = CARTESIAN_POINT('',(121.951617,-73.516416,1.585));
#10396 = LINE('',#10397,#10398);
#10397 = CARTESIAN_POINT('',(122.075495,-73.504216,1.585));
#10398 = VECTOR('',#10399,1.);
#10399 = DIRECTION('',(-0.995185446076,-9.800983582344E-02,0.));
#10400 = ORIENTED_EDGE('',*,*,#10401,.T.);
#10401 = EDGE_CURVE('',#10394,#10402,#10404,.T.);
#10402 = VERTEX_POINT('',#10403);
#10403 = CARTESIAN_POINT('',(121.95,-73.5,1.585));
#10404 = LINE('',#10405,#10406);
#10405 = CARTESIAN_POINT('',(121.951617,-73.516416,1.585));
#10406 = VECTOR('',#10407,1.);
#10407 = DIRECTION('',(-9.802705433921E-02,0.995183750178,0.));
#10408 = ORIENTED_EDGE('',*,*,#10409,.T.);
#10409 = EDGE_CURVE('',#10402,#10410,#10412,.T.);
#10410 = VERTEX_POINT('',#10411);
#10411 = CARTESIAN_POINT('',(121.95,-69.75,1.585));
#10412 = LINE('',#10413,#10414);
#10413 = CARTESIAN_POINT('',(121.95,-73.5,1.585));
#10414 = VECTOR('',#10415,1.);
#10415 = DIRECTION('',(0.,1.,0.));
#10416 = ORIENTED_EDGE('',*,*,#10417,.T.);
#10417 = EDGE_CURVE('',#10410,#10418,#10420,.T.);
#10418 = VERTEX_POINT('',#10419);
#10419 = CARTESIAN_POINT('',(122.45,-69.75,1.585));
#10420 = CIRCLE('',#10421,0.250000000003);
#10421 = AXIS2_PLACEMENT_3D('',#10422,#10423,#10424);
#10422 = CARTESIAN_POINT('',(122.2,-69.75000118974,1.585));
#10423 = DIRECTION('',(0.,0.,-1.));
#10424 = DIRECTION('',(-0.999999999989,4.758985426125E-06,0.));
#10425 = ORIENTED_EDGE('',*,*,#10426,.T.);
#10426 = EDGE_CURVE('',#10418,#10360,#10427,.T.);
#10427 = LINE('',#10428,#10429);
#10428 = CARTESIAN_POINT('',(122.45,-69.75,1.585));
#10429 = VECTOR('',#10430,1.);
#10430 = DIRECTION('',(0.,-1.,0.));
#10431 = PLANE('',#10432);
#10432 = AXIS2_PLACEMENT_3D('',#10433,#10434,#10435);
#10433 = CARTESIAN_POINT('',(0.,0.,1.585));
#10434 = DIRECTION('',(0.,0.,1.));
#10435 = DIRECTION('',(1.,0.,-0.));
#10436 = SHELL_BASED_SURFACE_MODEL('',(#10437));
#10437 = OPEN_SHELL('',(#10438));
#10438 = ADVANCED_FACE('',(#10439,#10682),#10693,.T.);
#10439 = FACE_BOUND('',#10440,.F.);
#10440 = EDGE_LOOP('',(#10441,#10452,#10460,#10469,#10477,#10486,#10494,
    #10502,#10510,#10518,#10526,#10534,#10543,#10551,#10560,#10568,
    #10577,#10585,#10593,#10602,#10610,#10619,#10627,#10635,#10643,
    #10651,#10659,#10667,#10676));
#10441 = ORIENTED_EDGE('',*,*,#10442,.T.);
#10442 = EDGE_CURVE('',#10443,#10445,#10447,.T.);
#10443 = VERTEX_POINT('',#10444);
#10444 = CARTESIAN_POINT('',(137.976812,-39.966873,1.585));
#10445 = VERTEX_POINT('',#10446);
#10446 = CARTESIAN_POINT('',(143.9,-45.,1.585));
#10447 = CIRCLE('',#10448,5.100000555429);
#10448 = AXIS2_PLACEMENT_3D('',#10449,#10450,#10451);
#10449 = CARTESIAN_POINT('',(138.79999944457,-45.00000006937,1.585));
#10450 = DIRECTION('',(0.,0.,-1.));
#10451 = DIRECTION('',(-0.161409285278,0.986887553182,0.));
#10452 = ORIENTED_EDGE('',*,*,#10453,.T.);
#10453 = EDGE_CURVE('',#10445,#10454,#10456,.T.);
#10454 = VERTEX_POINT('',#10455);
#10455 = CARTESIAN_POINT('',(143.9,-57.,1.585));
#10456 = LINE('',#10457,#10458);
#10457 = CARTESIAN_POINT('',(143.9,-45.,1.585));
#10458 = VECTOR('',#10459,1.);
#10459 = DIRECTION('',(0.,-1.,0.));
#10460 = ORIENTED_EDGE('',*,*,#10461,.T.);
#10461 = EDGE_CURVE('',#10454,#10462,#10464,.T.);
#10462 = VERTEX_POINT('',#10463);
#10463 = CARTESIAN_POINT('',(137.976812,-62.033127,1.585));
#10464 = CIRCLE('',#10465,5.10000164573);
#10465 = AXIS2_PLACEMENT_3D('',#10466,#10467,#10468);
#10466 = CARTESIAN_POINT('',(138.79999835427,-56.99999864751,1.585));
#10467 = DIRECTION('',(0.,0.,-1.));
#10468 = DIRECTION('',(1.,-2.651931841212E-07,0.));
#10469 = ORIENTED_EDGE('',*,*,#10470,.T.);
#10470 = EDGE_CURVE('',#10462,#10471,#10473,.T.);
#10471 = VERTEX_POINT('',#10472);
#10472 = CARTESIAN_POINT('',(120.902213,-59.240507,1.585));
#10473 = LINE('',#10474,#10475);
#10474 = CARTESIAN_POINT('',(137.976812,-62.033127,1.585));
#10475 = VECTOR('',#10476,1.);
#10476 = DIRECTION('',(-0.986887524282,0.161409461977,0.));
#10477 = ORIENTED_EDGE('',*,*,#10478,.T.);
#10478 = EDGE_CURVE('',#10471,#10479,#10481,.T.);
#10479 = VERTEX_POINT('',#10480);
#10480 = CARTESIAN_POINT('',(115.186823,-55.453541,1.585));
#10481 = CIRCLE('',#10482,8.350000110641);
#10482 = AXIS2_PLACEMENT_3D('',#10483,#10484,#10485);
#10483 = CARTESIAN_POINT('',(122.24999969962,-50.99999895376,1.585));
#10484 = DIRECTION('',(0.,0.,-1.));
#10485 = DIRECTION('',(-0.161411578655,-0.986887178089,-0.));
#10486 = ORIENTED_EDGE('',*,*,#10487,.T.);
#10487 = EDGE_CURVE('',#10479,#10488,#10490,.T.);
#10488 = VERTEX_POINT('',#10489);
#10489 = CARTESIAN_POINT('',(115.001384,-55.137064,1.585));
#10490 = LINE('',#10491,#10492);
#10491 = CARTESIAN_POINT('',(115.186823,-55.453541,1.585));
#10492 = VECTOR('',#10493,1.);
#10493 = DIRECTION('',(-0.505553111841,0.862795486258,0.));
#10494 = ORIENTED_EDGE('',*,*,#10495,.T.);
#10495 = EDGE_CURVE('',#10488,#10496,#10498,.T.);
#10496 = VERTEX_POINT('',#10497);
#10497 = CARTESIAN_POINT('',(115.001384,-54.837332,1.585));
#10498 = LINE('',#10499,#10500);
#10499 = CARTESIAN_POINT('',(115.001384,-55.137064,1.585));
#10500 = VECTOR('',#10501,1.);
#10501 = DIRECTION('',(0.,1.,0.));
#10502 = ORIENTED_EDGE('',*,*,#10503,.T.);
#10503 = EDGE_CURVE('',#10496,#10504,#10506,.T.);
#10504 = VERTEX_POINT('',#10505);
#10505 = CARTESIAN_POINT('',(115.002612,-54.837038,1.585));
#10506 = LINE('',#10507,#10508);
#10507 = CARTESIAN_POINT('',(115.001384,-54.837332,1.585));
#10508 = VECTOR('',#10509,1.);
#10509 = DIRECTION('',(0.972516548534,0.232833766509,0.));
#10510 = ORIENTED_EDGE('',*,*,#10511,.T.);
#10511 = EDGE_CURVE('',#10504,#10512,#10514,.T.);
#10512 = VERTEX_POINT('',#10513);
#10513 = CARTESIAN_POINT('',(115.052245,-54.851737,1.585));
#10514 = LINE('',#10515,#10516);
#10515 = CARTESIAN_POINT('',(115.002612,-54.837038,1.585));
#10516 = VECTOR('',#10517,1.);
#10517 = DIRECTION('',(0.958835328532,-0.283962696071,0.));
#10518 = ORIENTED_EDGE('',*,*,#10519,.T.);
#10519 = EDGE_CURVE('',#10512,#10520,#10522,.T.);
#10520 = VERTEX_POINT('',#10521);
#10521 = CARTESIAN_POINT('',(115.087879,-54.889283,1.585));
#10522 = LINE('',#10523,#10524);
#10523 = CARTESIAN_POINT('',(115.052245,-54.851737,1.585));
#10524 = VECTOR('',#10525,1.);
#10525 = DIRECTION('',(0.688397026562,-0.725334084282,0.));
#10526 = ORIENTED_EDGE('',*,*,#10527,.T.);
#10527 = EDGE_CURVE('',#10520,#10528,#10530,.T.);
#10528 = VERTEX_POINT('',#10529);
#10529 = CARTESIAN_POINT('',(115.214527,-55.122419,1.585));
#10530 = LINE('',#10531,#10532);
#10531 = CARTESIAN_POINT('',(115.087879,-54.889283,1.585));
#10532 = VECTOR('',#10533,1.);
#10533 = DIRECTION('',(0.477349358188,-0.878713599666,0.));
#10534 = ORIENTED_EDGE('',*,*,#10535,.T.);
#10535 = EDGE_CURVE('',#10528,#10536,#10538,.T.);
#10536 = VERTEX_POINT('',#10537);
#10537 = CARTESIAN_POINT('',(120.672684,-59.000268,1.585));
#10538 = CIRCLE('',#10539,8.154279120292);
#10539 = AXIS2_PLACEMENT_3D('',#10540,#10541,#10542);
#10540 = CARTESIAN_POINT('',(122.25000171395,-50.99999695453,1.585));
#10541 = DIRECTION('',(0.,0.,1.));
#10542 = DIRECTION('',(-0.862795424362,-0.505553217476,0.));
#10543 = ORIENTED_EDGE('',*,*,#10544,.T.);
#10544 = EDGE_CURVE('',#10536,#10545,#10547,.T.);
#10545 = VERTEX_POINT('',#10546);
#10546 = CARTESIAN_POINT('',(137.318756,-61.722841,1.585));
#10547 = LINE('',#10548,#10549);
#10548 = CARTESIAN_POINT('',(120.672684,-59.000268,1.585));
#10549 = VECTOR('',#10550,1.);
#10550 = DIRECTION('',(0.986887143397,-0.161411790761,0.));
#10551 = ORIENTED_EDGE('',*,*,#10552,.T.);
#10552 = EDGE_CURVE('',#10545,#10553,#10555,.T.);
#10553 = VERTEX_POINT('',#10554);
#10554 = CARTESIAN_POINT('',(135.786631,-60.927099,1.585));
#10555 = CIRCLE('',#10556,4.939521155089);
#10556 = AXIS2_PLACEMENT_3D('',#10557,#10558,#10559);
#10557 = CARTESIAN_POINT('',(138.79435082227,-57.0088735455,1.585));
#10558 = DIRECTION('',(0.,0.,-1.));
#10559 = DIRECTION('',(-0.298732362095,-0.954336929935,-0.));
#10560 = ORIENTED_EDGE('',*,*,#10561,.T.);
#10561 = EDGE_CURVE('',#10553,#10562,#10564,.T.);
#10562 = VERTEX_POINT('',#10563);
#10563 = CARTESIAN_POINT('',(135.455828,-60.649523,1.585));
#10564 = LINE('',#10565,#10566);
#10565 = CARTESIAN_POINT('',(135.786631,-60.927099,1.585));
#10566 = VECTOR('',#10567,1.);
#10567 = DIRECTION('',(-0.766045213132,0.64278669202,0.));
#10568 = ORIENTED_EDGE('',*,*,#10569,.T.);
#10569 = EDGE_CURVE('',#10562,#10570,#10572,.T.);
#10570 = VERTEX_POINT('',#10571);
#10571 = CARTESIAN_POINT('',(143.632665,-55.928624,1.585));
#10572 = CIRCLE('',#10573,4.950000134387);
#10573 = AXIS2_PLACEMENT_3D('',#10574,#10575,#10576);
#10574 = CARTESIAN_POINT('',(138.79999962783,-57.00000009227,1.585));
#10575 = DIRECTION('',(0.,0.,-1.));
#10576 = DIRECTION('',(-0.675590209504,-0.73727733508,-0.));
#10577 = ORIENTED_EDGE('',*,*,#10578,.T.);
#10578 = EDGE_CURVE('',#10570,#10579,#10581,.T.);
#10579 = VERTEX_POINT('',#10580);
#10580 = CARTESIAN_POINT('',(143.7,-56.310498,1.585));
#10581 = LINE('',#10582,#10583);
#10582 = CARTESIAN_POINT('',(143.632665,-55.928624,1.585));
#10583 = VECTOR('',#10584,1.);
#10584 = DIRECTION('',(0.173648954436,-0.984807616046,0.));
#10585 = ORIENTED_EDGE('',*,*,#10586,.T.);
#10586 = EDGE_CURVE('',#10579,#10587,#10589,.T.);
#10587 = VERTEX_POINT('',#10588);
#10588 = CARTESIAN_POINT('',(143.699939,-44.787588,1.585));
#10589 = LINE('',#10590,#10591);
#10590 = CARTESIAN_POINT('',(143.7,-56.310498,1.585));
#10591 = VECTOR('',#10592,1.);
#10592 = DIRECTION('',(-5.293801651427E-06,0.999999999986,0.));
#10593 = ORIENTED_EDGE('',*,*,#10594,.T.);
#10594 = EDGE_CURVE('',#10587,#10595,#10597,.T.);
#10595 = VERTEX_POINT('',#10596);
#10596 = CARTESIAN_POINT('',(138.218731,-40.130026,1.585));
#10597 = CIRCLE('',#10598,4.904541046739);
#10598 = AXIS2_PLACEMENT_3D('',#10599,#10600,#10601);
#10599 = CARTESIAN_POINT('',(138.7999998264,-45.00000027412,1.585));
#10600 = DIRECTION('',(0.,0.,1.));
#10601 = DIRECTION('',(0.999061711769,4.330930704769E-02,-0.));
#10602 = ORIENTED_EDGE('',*,*,#10603,.T.);
#10603 = EDGE_CURVE('',#10595,#10604,#10606,.T.);
#10604 = VERTEX_POINT('',#10605);
#10605 = CARTESIAN_POINT('',(120.672683,-42.999732,1.585));
#10606 = LINE('',#10607,#10608);
#10607 = CARTESIAN_POINT('',(138.218731,-40.130026,1.585));
#10608 = VECTOR('',#10609,1.);
#10609 = DIRECTION('',(-0.986887716001,-0.161408289772,0.));
#10610 = ORIENTED_EDGE('',*,*,#10611,.T.);
#10611 = EDGE_CURVE('',#10604,#10612,#10614,.T.);
#10612 = VERTEX_POINT('',#10613);
#10613 = CARTESIAN_POINT('',(115.214527,-46.877582,1.585));
#10614 = CIRCLE('',#10615,8.154278675279);
#10615 = AXIS2_PLACEMENT_3D('',#10616,#10617,#10618);
#10616 = CARTESIAN_POINT('',(122.25000222438,-51.00000229408,1.585));
#10617 = DIRECTION('',(0.,0.,1.));
#10618 = DIRECTION('',(-0.193434549787,0.981113181518,0.));
#10619 = ORIENTED_EDGE('',*,*,#10620,.T.);
#10620 = EDGE_CURVE('',#10612,#10621,#10623,.T.);
#10621 = VERTEX_POINT('',#10622);
#10622 = CARTESIAN_POINT('',(115.087879,-47.110718,1.585));
#10623 = LINE('',#10624,#10625);
#10624 = CARTESIAN_POINT('',(115.214527,-46.877582,1.585));
#10625 = VECTOR('',#10626,1.);
#10626 = DIRECTION('',(-0.477349358188,-0.878713599666,0.));
#10627 = ORIENTED_EDGE('',*,*,#10628,.T.);
#10628 = EDGE_CURVE('',#10621,#10629,#10631,.T.);
#10629 = VERTEX_POINT('',#10630);
#10630 = CARTESIAN_POINT('',(115.052245,-47.148264,1.585));
#10631 = LINE('',#10632,#10633);
#10632 = CARTESIAN_POINT('',(115.087879,-47.110718,1.585));
#10633 = VECTOR('',#10634,1.);
#10634 = DIRECTION('',(-0.688397026562,-0.725334084282,0.));
#10635 = ORIENTED_EDGE('',*,*,#10636,.T.);
#10636 = EDGE_CURVE('',#10629,#10637,#10639,.T.);
#10637 = VERTEX_POINT('',#10638);
#10638 = CARTESIAN_POINT('',(115.002612,-47.162963,1.585));
#10639 = LINE('',#10640,#10641);
#10640 = CARTESIAN_POINT('',(115.052245,-47.148264,1.585));
#10641 = VECTOR('',#10642,1.);
#10642 = DIRECTION('',(-0.958835328532,-0.283962696071,0.));
#10643 = ORIENTED_EDGE('',*,*,#10644,.T.);
#10644 = EDGE_CURVE('',#10637,#10645,#10647,.T.);
#10645 = VERTEX_POINT('',#10646);
#10646 = CARTESIAN_POINT('',(115.001384,-47.162668,1.585));
#10647 = LINE('',#10648,#10649);
#10648 = CARTESIAN_POINT('',(115.002612,-47.162963,1.585));
#10649 = VECTOR('',#10650,1.);
#10650 = DIRECTION('',(-0.972336968,0.233582577819,0.));
#10651 = ORIENTED_EDGE('',*,*,#10652,.T.);
#10652 = EDGE_CURVE('',#10645,#10653,#10655,.T.);
#10653 = VERTEX_POINT('',#10654);
#10654 = CARTESIAN_POINT('',(115.001384,-46.862936,1.585));
#10655 = LINE('',#10656,#10657);
#10656 = CARTESIAN_POINT('',(115.001384,-47.162668,1.585));
#10657 = VECTOR('',#10658,1.);
#10658 = DIRECTION('',(0.,1.,0.));
#10659 = ORIENTED_EDGE('',*,*,#10660,.T.);
#10660 = EDGE_CURVE('',#10653,#10661,#10663,.T.);
#10661 = VERTEX_POINT('',#10662);
#10662 = CARTESIAN_POINT('',(115.186823,-46.54646,1.585));
#10663 = LINE('',#10664,#10665);
#10664 = CARTESIAN_POINT('',(115.001384,-46.862936,1.585));
#10665 = VECTOR('',#10666,1.);
#10666 = DIRECTION('',(0.505554301004,0.86279478947,0.));
#10667 = ORIENTED_EDGE('',*,*,#10668,.T.);
#10668 = EDGE_CURVE('',#10661,#10669,#10671,.T.);
#10669 = VERTEX_POINT('',#10670);
#10670 = CARTESIAN_POINT('',(120.902231,-42.759489,1.585));
#10671 = CIRCLE('',#10672,8.35000096067);
#10672 = AXIS2_PLACEMENT_3D('',#10673,#10674,#10675);
#10673 = CARTESIAN_POINT('',(122.25000165996,-51.00000053092,1.585));
#10674 = DIRECTION('',(0.,0.,-1.));
#10675 = DIRECTION('',(-0.845889562556,0.533358086053,0.));
#10676 = ORIENTED_EDGE('',*,*,#10677,.T.);
#10677 = EDGE_CURVE('',#10669,#10443,#10678,.T.);
#10678 = LINE('',#10679,#10680);
#10679 = CARTESIAN_POINT('',(120.902231,-42.759489,1.585));
#10680 = VECTOR('',#10681,1.);
#10681 = DIRECTION('',(0.986887534005,0.16140940253,0.));
#10682 = FACE_BOUND('',#10683,.F.);
#10683 = EDGE_LOOP('',(#10684));
#10684 = ORIENTED_EDGE('',*,*,#10685,.T.);
#10685 = EDGE_CURVE('',#10686,#10686,#10688,.T.);
#10686 = VERTEX_POINT('',#10687);
#10687 = CARTESIAN_POINT('',(141.8,-57.,1.585));
#10688 = CIRCLE('',#10689,3.);
#10689 = AXIS2_PLACEMENT_3D('',#10690,#10691,#10692);
#10690 = CARTESIAN_POINT('',(138.8,-57.,1.585));
#10691 = DIRECTION('',(0.,0.,1.));
#10692 = DIRECTION('',(1.,0.,-0.));
#10693 = PLANE('',#10694);
#10694 = AXIS2_PLACEMENT_3D('',#10695,#10696,#10697);
#10695 = CARTESIAN_POINT('',(0.,0.,1.585));
#10696 = DIRECTION('',(0.,0.,1.));
#10697 = DIRECTION('',(1.,0.,-0.));
#10698 = SHELL_BASED_SURFACE_MODEL('',(#10699));
#10699 = OPEN_SHELL('',(#10700));
#10700 = ADVANCED_FACE('',(#10701),#10744,.T.);
#10701 = FACE_BOUND('',#10702,.F.);
#10702 = EDGE_LOOP('',(#10703,#10714,#10722,#10730,#10738));
#10703 = ORIENTED_EDGE('',*,*,#10704,.T.);
#10704 = EDGE_CURVE('',#10705,#10707,#10709,.T.);
#10705 = VERTEX_POINT('',#10706);
#10706 = CARTESIAN_POINT('',(118.987776,-56.944574,1.585));
#10707 = VERTEX_POINT('',#10708);
#10708 = CARTESIAN_POINT('',(118.73296,-56.797456,1.585));
#10709 = CIRCLE('',#10710,0.150000237588);
#10710 = AXIS2_PLACEMENT_3D('',#10711,#10712,#10713);
#10711 = CARTESIAN_POINT('',(118.87499969145,-56.84567215216,1.585));
#10712 = DIRECTION('',(-0.,0.,-1.));
#10713 = DIRECTION('',(0.751840866148,-0.659344607918,-0.));
#10714 = ORIENTED_EDGE('',*,*,#10715,.T.);
#10715 = EDGE_CURVE('',#10707,#10716,#10718,.T.);
#10716 = VERTEX_POINT('',#10717);
#10717 = CARTESIAN_POINT('',(120.375385,-53.952691,1.585));
#10718 = LINE('',#10719,#10720);
#10719 = CARTESIAN_POINT('',(118.73296,-56.797456,1.585));
#10720 = VECTOR('',#10721,1.);
#10721 = DIRECTION('',(0.499999808546,0.866025514321,0.));
#10722 = ORIENTED_EDGE('',*,*,#10723,.T.);
#10723 = EDGE_CURVE('',#10716,#10724,#10726,.T.);
#10724 = VERTEX_POINT('',#10725);
#10725 = CARTESIAN_POINT('',(120.449256,-54.00205,1.585));
#10726 = LINE('',#10727,#10728);
#10727 = CARTESIAN_POINT('',(120.375385,-53.952691,1.585));
#10728 = VECTOR('',#10729,1.);
#10729 = DIRECTION('',(0.83146973793,-0.555570045004,0.));
#10730 = ORIENTED_EDGE('',*,*,#10731,.T.);
#10731 = EDGE_CURVE('',#10724,#10732,#10734,.T.);
#10732 = VERTEX_POINT('',#10733);
#10733 = CARTESIAN_POINT('',(120.630661,-54.099013,1.585));
#10734 = LINE('',#10735,#10736);
#10735 = CARTESIAN_POINT('',(120.449256,-54.00205,1.585));
#10736 = VECTOR('',#10737,1.);
#10737 = DIRECTION('',(0.881921249427,-0.471396764743,0.));
#10738 = ORIENTED_EDGE('',*,*,#10739,.T.);
#10739 = EDGE_CURVE('',#10732,#10705,#10740,.T.);
#10740 = LINE('',#10741,#10742);
#10741 = CARTESIAN_POINT('',(120.630661,-54.099013,1.585));
#10742 = VECTOR('',#10743,1.);
#10743 = DIRECTION('',(-0.499999906564,-0.86602545773,0.));
#10744 = PLANE('',#10745);
#10745 = AXIS2_PLACEMENT_3D('',#10746,#10747,#10748);
#10746 = CARTESIAN_POINT('',(0.,0.,1.585));
#10747 = DIRECTION('',(0.,0.,1.));
#10748 = DIRECTION('',(1.,0.,-0.));
#10749 = SHELL_BASED_SURFACE_MODEL('',(#10750));
#10750 = OPEN_SHELL('',(#10751));
#10751 = ADVANCED_FACE('',(#10752),#10795,.T.);
#10752 = FACE_BOUND('',#10753,.F.);
#10753 = EDGE_LOOP('',(#10754,#10764,#10772,#10780,#10789));
#10754 = ORIENTED_EDGE('',*,*,#10755,.T.);
#10755 = EDGE_CURVE('',#10756,#10758,#10760,.T.);
#10756 = VERTEX_POINT('',#10757);
#10757 = CARTESIAN_POINT('',(123.868685,-54.097882,1.585));
#10758 = VERTEX_POINT('',#10759);
#10759 = CARTESIAN_POINT('',(124.047976,-54.00205,1.585));
#10760 = LINE('',#10761,#10762);
#10761 = CARTESIAN_POINT('',(123.868685,-54.097882,1.585));
#10762 = VECTOR('',#10763,1.);
#10763 = DIRECTION('',(0.881923383092,0.471392772914,0.));
#10764 = ORIENTED_EDGE('',*,*,#10765,.T.);
#10765 = EDGE_CURVE('',#10758,#10766,#10768,.T.);
#10766 = VERTEX_POINT('',#10767);
#10767 = CARTESIAN_POINT('',(124.123843,-53.951356,1.585));
#10768 = LINE('',#10769,#10770);
#10769 = CARTESIAN_POINT('',(124.047976,-54.00205,1.585));
#10770 = VECTOR('',#10771,1.);
#10771 = DIRECTION('',(0.831463074999,0.555580016661,0.));
#10772 = ORIENTED_EDGE('',*,*,#10773,.T.);
#10773 = EDGE_CURVE('',#10766,#10774,#10776,.T.);
#10774 = VERTEX_POINT('',#10775);
#10775 = CARTESIAN_POINT('',(125.76704,-56.797456,1.585));
#10776 = LINE('',#10777,#10778);
#10777 = CARTESIAN_POINT('',(124.123843,-53.951356,1.585));
#10778 = VECTOR('',#10779,1.);
#10779 = DIRECTION('',(0.500000091025,-0.866025351231,0.));
#10780 = ORIENTED_EDGE('',*,*,#10781,.T.);
#10781 = EDGE_CURVE('',#10774,#10782,#10784,.T.);
#10782 = VERTEX_POINT('',#10783);
#10783 = CARTESIAN_POINT('',(125.512224,-56.944574,1.585));
#10784 = CIRCLE('',#10785,0.150000349199);
#10785 = AXIS2_PLACEMENT_3D('',#10786,#10787,#10788);
#10786 = CARTESIAN_POINT('',(125.6250000225,-56.8456716567,1.585));
#10787 = DIRECTION('',(0.,0.,-1.));
#10788 = DIRECTION('',(0.946930978882,0.321436963079,0.));
#10789 = ORIENTED_EDGE('',*,*,#10790,.T.);
#10790 = EDGE_CURVE('',#10782,#10756,#10791,.T.);
#10791 = LINE('',#10792,#10793);
#10792 = CARTESIAN_POINT('',(125.512224,-56.944574,1.585));
#10793 = VECTOR('',#10794,1.);
#10794 = DIRECTION('',(-0.500000138611,0.866025323757,0.));
#10795 = PLANE('',#10796);
#10796 = AXIS2_PLACEMENT_3D('',#10797,#10798,#10799);
#10797 = CARTESIAN_POINT('',(0.,0.,1.585));
#10798 = DIRECTION('',(0.,0.,1.));
#10799 = DIRECTION('',(1.,0.,-0.));
#10800 = SHELL_BASED_SURFACE_MODEL('',(#10801));
#10801 = OPEN_SHELL('',(#10802));
#10802 = ADVANCED_FACE('',(#10803),#10838,.T.);
#10803 = FACE_BOUND('',#10804,.F.);
#10804 = EDGE_LOOP('',(#10805,#10816,#10824,#10832));
#10805 = ORIENTED_EDGE('',*,*,#10806,.T.);
#10806 = EDGE_CURVE('',#10807,#10809,#10811,.T.);
#10807 = VERTEX_POINT('',#10808);
#10808 = CARTESIAN_POINT('',(117.20681,-56.251246,1.585));
#10809 = VERTEX_POINT('',#10810);
#10810 = CARTESIAN_POINT('',(116.998754,-56.04319,1.585));
#10811 = CIRCLE('',#10812,0.150000166887);
#10812 = AXIS2_PLACEMENT_3D('',#10813,#10814,#10815);
#10813 = CARTESIAN_POINT('',(117.123475,-56.126525,1.585));
#10814 = DIRECTION('',(0.,0.,-1.));
#10815 = DIRECTION('',(0.555566048557,-0.831472408256,0.));
#10816 = ORIENTED_EDGE('',*,*,#10817,.T.);
#10817 = EDGE_CURVE('',#10809,#10818,#10820,.T.);
#10818 = VERTEX_POINT('',#10819);
#10819 = CARTESIAN_POINT('',(119.673387,-53.368556,1.585));
#10820 = LINE('',#10821,#10822);
#10821 = CARTESIAN_POINT('',(116.998754,-56.04319,1.585));
#10822 = VECTOR('',#10823,1.);
#10823 = DIRECTION('',(0.707106648999,0.707106913374,0.));
#10824 = ORIENTED_EDGE('',*,*,#10825,.T.);
#10825 = EDGE_CURVE('',#10818,#10826,#10828,.T.);
#10826 = VERTEX_POINT('',#10827);
#10827 = CARTESIAN_POINT('',(119.881443,-53.576612,1.585));
#10828 = LINE('',#10829,#10830);
#10829 = CARTESIAN_POINT('',(119.673387,-53.368556,1.585));
#10830 = VECTOR('',#10831,1.);
#10831 = DIRECTION('',(0.707106781187,-0.707106781187,0.));
#10832 = ORIENTED_EDGE('',*,*,#10833,.T.);
#10833 = EDGE_CURVE('',#10826,#10807,#10834,.T.);
#10834 = LINE('',#10835,#10836);
#10835 = CARTESIAN_POINT('',(119.881443,-53.576612,1.585));
#10836 = VECTOR('',#10837,1.);
#10837 = DIRECTION('',(-0.707106648999,-0.707106913374,0.));
#10838 = PLANE('',#10839);
#10839 = AXIS2_PLACEMENT_3D('',#10840,#10841,#10842);
#10840 = CARTESIAN_POINT('',(0.,0.,1.585));
#10841 = DIRECTION('',(0.,0.,1.));
#10842 = DIRECTION('',(1.,0.,-0.));
#10843 = SHELL_BASED_SURFACE_MODEL('',(#10844));
#10844 = OPEN_SHELL('',(#10845));
#10845 = ADVANCED_FACE('',(#10846),#10881,.T.);
#10846 = FACE_BOUND('',#10847,.F.);
#10847 = EDGE_LOOP('',(#10848,#10859,#10867,#10875));
#10848 = ORIENTED_EDGE('',*,*,#10849,.T.);
#10849 = EDGE_CURVE('',#10850,#10852,#10854,.T.);
#10850 = VERTEX_POINT('',#10851);
#10851 = CARTESIAN_POINT('',(127.501245,-56.04319,1.585));
#10852 = VERTEX_POINT('',#10853);
#10853 = CARTESIAN_POINT('',(127.293189,-56.251246,1.585));
#10854 = CIRCLE('',#10855,0.150000166887);
#10855 = AXIS2_PLACEMENT_3D('',#10856,#10857,#10858);
#10856 = CARTESIAN_POINT('',(127.376524,-56.126525,1.585));
#10857 = DIRECTION('',(0.,0.,-1.));
#10858 = DIRECTION('',(0.831472408256,0.555566048557,0.));
#10859 = ORIENTED_EDGE('',*,*,#10860,.T.);
#10860 = EDGE_CURVE('',#10852,#10861,#10863,.T.);
#10861 = VERTEX_POINT('',#10862);
#10862 = CARTESIAN_POINT('',(124.617172,-53.575229,1.585));
#10863 = LINE('',#10864,#10865);
#10864 = CARTESIAN_POINT('',(127.293189,-56.251246,1.585));
#10865 = VECTOR('',#10866,1.);
#10866 = DIRECTION('',(-0.707106781187,0.707106781187,0.));
#10867 = ORIENTED_EDGE('',*,*,#10868,.T.);
#10868 = EDGE_CURVE('',#10861,#10869,#10871,.T.);
#10869 = VERTEX_POINT('',#10870);
#10870 = CARTESIAN_POINT('',(124.825228,-53.367173,1.585));
#10871 = LINE('',#10872,#10873);
#10872 = CARTESIAN_POINT('',(124.617172,-53.575229,1.585));
#10873 = VECTOR('',#10874,1.);
#10874 = DIRECTION('',(0.707106781187,0.707106781187,0.));
#10875 = ORIENTED_EDGE('',*,*,#10876,.T.);
#10876 = EDGE_CURVE('',#10869,#10850,#10877,.T.);
#10877 = LINE('',#10878,#10879);
#10878 = CARTESIAN_POINT('',(124.825228,-53.367173,1.585));
#10879 = VECTOR('',#10880,1.);
#10880 = DIRECTION('',(0.707106781187,-0.707106781187,0.));
#10881 = PLANE('',#10882);
#10882 = AXIS2_PLACEMENT_3D('',#10883,#10884,#10885);
#10883 = CARTESIAN_POINT('',(0.,0.,1.585));
#10884 = DIRECTION('',(0.,0.,1.));
#10885 = DIRECTION('',(1.,0.,-0.));
#10886 = SHELL_BASED_SURFACE_MODEL('',(#10887));
#10887 = OPEN_SHELL('',(#10888));
#10888 = ADVANCED_FACE('',(#10889),#10932,.T.);
#10889 = FACE_BOUND('',#10890,.F.);
#10890 = EDGE_LOOP('',(#10891,#10902,#10910,#10918,#10926));
#10891 = ORIENTED_EDGE('',*,*,#10892,.T.);
#10892 = EDGE_CURVE('',#10893,#10895,#10897,.T.);
#10893 = VERTEX_POINT('',#10894);
#10894 = CARTESIAN_POINT('',(116.436472,-54.469693,1.585));
#10895 = VERTEX_POINT('',#10896);
#10896 = CARTESIAN_POINT('',(116.338393,-54.299816,1.585));
#10897 = CIRCLE('',#10898,0.100000105172);
#10898 = AXIS2_PLACEMENT_3D('',#10899,#10900,#10901);
#10899 = CARTESIAN_POINT('',(116.4043277386,-54.37499998286,1.585));
#10900 = DIRECTION('',(0.,0.,-1.));
#10901 = DIRECTION('',(0.321442275912,-0.946929175417,0.));
#10902 = ORIENTED_EDGE('',*,*,#10903,.T.);
#10903 = EDGE_CURVE('',#10895,#10904,#10906,.T.);
#10904 = VERTEX_POINT('',#10905);
#10905 = CARTESIAN_POINT('',(119.173623,-52.662894,1.585));
#10906 = LINE('',#10907,#10908);
#10907 = CARTESIAN_POINT('',(116.338393,-54.299816,1.585));
#10908 = VECTOR('',#10909,1.);
#10909 = DIRECTION('',(0.866025245558,0.500000274055,0.));
#10910 = ORIENTED_EDGE('',*,*,#10911,.T.);
#10911 = EDGE_CURVE('',#10904,#10912,#10914,.T.);
#10912 = VERTEX_POINT('',#10913);
#10913 = CARTESIAN_POINT('',(119.246566,-52.79936,1.585));
#10914 = LINE('',#10915,#10916);
#10915 = CARTESIAN_POINT('',(119.173623,-52.662894,1.585));
#10916 = VECTOR('',#10917,1.);
#10917 = DIRECTION('',(0.471398764114,-0.881920180738,0.));
#10918 = ORIENTED_EDGE('',*,*,#10919,.T.);
#10919 = EDGE_CURVE('',#10912,#10920,#10922,.T.);
#10920 = VERTEX_POINT('',#10921);
#10921 = CARTESIAN_POINT('',(119.269674,-52.833943,1.585));
#10922 = LINE('',#10923,#10924);
#10923 = CARTESIAN_POINT('',(119.246566,-52.79936,1.585));
#10924 = VECTOR('',#10925,1.);
#10925 = DIRECTION('',(0.555576518729,-0.831465412291,0.));
#10926 = ORIENTED_EDGE('',*,*,#10927,.T.);
#10927 = EDGE_CURVE('',#10920,#10893,#10928,.T.);
#10928 = LINE('',#10929,#10930);
#10929 = CARTESIAN_POINT('',(119.269674,-52.833943,1.585));
#10930 = VECTOR('',#10931,1.);
#10931 = DIRECTION('',(-0.866025395495,-0.500000014358,0.));
#10932 = PLANE('',#10933);
#10933 = AXIS2_PLACEMENT_3D('',#10934,#10935,#10936);
#10934 = CARTESIAN_POINT('',(0.,0.,1.585));
#10935 = DIRECTION('',(0.,0.,1.));
#10936 = DIRECTION('',(1.,0.,-0.));
#10937 = SHELL_BASED_SURFACE_MODEL('',(#10938));
#10938 = OPEN_SHELL('',(#10939));
#10939 = ADVANCED_FACE('',(#10940),#10983,.T.);
#10940 = FACE_BOUND('',#10941,.F.);
#10941 = EDGE_LOOP('',(#10942,#10952,#10960,#10968,#10977));
#10942 = ORIENTED_EDGE('',*,*,#10943,.T.);
#10943 = EDGE_CURVE('',#10944,#10946,#10948,.T.);
#10944 = VERTEX_POINT('',#10945);
#10945 = CARTESIAN_POINT('',(125.228328,-52.83279,1.585));
#10946 = VERTEX_POINT('',#10947);
#10947 = CARTESIAN_POINT('',(125.250666,-52.79936,1.585));
#10948 = LINE('',#10949,#10950);
#10949 = CARTESIAN_POINT('',(125.228328,-52.83279,1.585));
#10950 = VECTOR('',#10951,1.);
#10951 = DIRECTION('',(0.555583784787,0.831460557142,0.));
#10952 = ORIENTED_EDGE('',*,*,#10953,.T.);
#10953 = EDGE_CURVE('',#10946,#10954,#10956,.T.);
#10954 = VERTEX_POINT('',#10955);
#10955 = CARTESIAN_POINT('',(125.32426,-52.661674,1.585));
#10956 = LINE('',#10957,#10958);
#10957 = CARTESIAN_POINT('',(125.250666,-52.79936,1.585));
#10958 = VECTOR('',#10959,1.);
#10959 = DIRECTION('',(0.47139324813,0.881923129086,0.));
#10960 = ORIENTED_EDGE('',*,*,#10961,.T.);
#10961 = EDGE_CURVE('',#10954,#10962,#10964,.T.);
#10962 = VERTEX_POINT('',#10963);
#10963 = CARTESIAN_POINT('',(128.161605,-54.299815,1.585));
#10964 = LINE('',#10965,#10966);
#10965 = CARTESIAN_POINT('',(125.32426,-52.661674,1.585));
#10966 = VECTOR('',#10967,1.);
#10967 = DIRECTION('',(0.866025522672,-0.499999794081,0.));
#10968 = ORIENTED_EDGE('',*,*,#10969,.T.);
#10969 = EDGE_CURVE('',#10962,#10970,#10972,.T.);
#10970 = VERTEX_POINT('',#10971);
#10971 = CARTESIAN_POINT('',(128.063526,-54.469693,1.585));
#10972 = CIRCLE('',#10973,0.100000442863);
#10973 = AXIS2_PLACEMENT_3D('',#10974,#10975,#10976);
#10974 = CARTESIAN_POINT('',(128.09567062275,-54.37499974891,1.585));
#10975 = DIRECTION('',(0.,0.,-1.));
#10976 = DIRECTION('',(0.659340852522,0.751844159514,0.));
#10977 = ORIENTED_EDGE('',*,*,#10978,.T.);
#10978 = EDGE_CURVE('',#10970,#10944,#10979,.T.);
#10979 = LINE('',#10980,#10981);
#10980 = CARTESIAN_POINT('',(128.063526,-54.469693,1.585));
#10981 = VECTOR('',#10982,1.);
#10982 = DIRECTION('',(-0.866025314969,0.500000153833,0.));
#10983 = PLANE('',#10984);
#10984 = AXIS2_PLACEMENT_3D('',#10985,#10986,#10987);
#10985 = CARTESIAN_POINT('',(0.,0.,1.585));
#10986 = DIRECTION('',(0.,0.,1.));
#10987 = DIRECTION('',(1.,0.,-0.));
#10988 = SHELL_BASED_SURFACE_MODEL('',(#10989));
#10989 = OPEN_SHELL('',(#10990));
#10990 = ADVANCED_FACE('',(#10991),#11034,.T.);
#10991 = FACE_BOUND('',#10992,.F.);
#10992 = EDGE_LOOP('',(#10993,#11004,#11012,#11020,#11028));
#10993 = ORIENTED_EDGE('',*,*,#10994,.T.);
#10994 = EDGE_CURVE('',#10995,#10997,#10999,.T.);
#10995 = VERTEX_POINT('',#10996);
#10996 = CARTESIAN_POINT('',(115.73654,-52.846815,1.585));
#10997 = VERTEX_POINT('',#10998);
#10998 = CARTESIAN_POINT('',(115.685771,-52.657341,1.585));
#10999 = CIRCLE('',#11000,0.100000305378);
#11000 = AXIS2_PLACEMENT_3D('',#11001,#11002,#11003);
#11001 = CARTESIAN_POINT('',(115.72999945958,-52.74702881655,1.585));
#11002 = DIRECTION('',(0.,0.,-1.));
#11003 = DIRECTION('',(6.540520438741E-02,-0.997858787223,0.));
#11004 = ORIENTED_EDGE('',*,*,#11005,.T.);
#11005 = EDGE_CURVE('',#10997,#11006,#11008,.T.);
#11006 = VERTEX_POINT('',#11007);
#11007 = CARTESIAN_POINT('',(118.845597,-51.810668,1.585));
#11008 = LINE('',#11009,#11010);
#11009 = CARTESIAN_POINT('',(115.685771,-52.657341,1.585));
#11010 = VECTOR('',#11011,1.);
#11011 = DIRECTION('',(0.965925812909,0.258819095037,0.));
#11012 = ORIENTED_EDGE('',*,*,#11013,.T.);
#11013 = EDGE_CURVE('',#11006,#11014,#11016,.T.);
#11014 = VERTEX_POINT('',#11015);
#11015 = CARTESIAN_POINT('',(118.853507,-51.850431,1.585));
#11016 = LINE('',#11017,#11018);
#11017 = CARTESIAN_POINT('',(118.845597,-51.810668,1.585));
#11018 = VECTOR('',#11019,1.);
#11019 = DIRECTION('',(0.195105686023,-0.980782224187,0.));
#11020 = ORIENTED_EDGE('',*,*,#11021,.T.);
#11021 = EDGE_CURVE('',#11014,#11022,#11024,.T.);
#11022 = VERTEX_POINT('',#11023);
#11023 = CARTESIAN_POINT('',(118.898729,-51.999509,1.585));
#11024 = LINE('',#11025,#11026);
#11025 = CARTESIAN_POINT('',(118.853507,-51.850431,1.585));
#11026 = VECTOR('',#11027,1.);
#11027 = DIRECTION('',(0.290282814473,-0.956940900799,0.));
#11028 = ORIENTED_EDGE('',*,*,#11029,.T.);
#11029 = EDGE_CURVE('',#11022,#10995,#11030,.T.);
#11030 = LINE('',#11031,#11032);
#11031 = CARTESIAN_POINT('',(118.898729,-51.999509,1.585));
#11032 = VECTOR('',#11033,1.);
#11033 = DIRECTION('',(-0.965925825439,-0.258819048276,0.));
#11034 = PLANE('',#11035);
#11035 = AXIS2_PLACEMENT_3D('',#11036,#11037,#11038);
#11036 = CARTESIAN_POINT('',(0.,0.,1.585));
#11037 = DIRECTION('',(0.,0.,1.));
#11038 = DIRECTION('',(1.,0.,-0.));
#11039 = SHELL_BASED_SURFACE_MODEL('',(#11040));
#11040 = OPEN_SHELL('',(#11041));
#11041 = ADVANCED_FACE('',(#11042),#11093,.T.);
#11042 = FACE_BOUND('',#11043,.F.);
#11043 = EDGE_LOOP('',(#11044,#11054,#11062,#11070,#11078,#11087));
#11044 = ORIENTED_EDGE('',*,*,#11045,.T.);
#11045 = EDGE_CURVE('',#11046,#11048,#11050,.T.);
#11046 = VERTEX_POINT('',#11047);
#11047 = CARTESIAN_POINT('',(125.59871,-51.998823,1.585));
#11048 = VERTEX_POINT('',#11049);
#11049 = CARTESIAN_POINT('',(125.643725,-51.850431,1.585));
#11050 = LINE('',#11051,#11052);
#11051 = CARTESIAN_POINT('',(125.59871,-51.998823,1.585));
#11052 = VECTOR('',#11053,1.);
#11053 = DIRECTION('',(0.29028927706,0.956938940385,0.));
#11054 = ORIENTED_EDGE('',*,*,#11055,.T.);
#11055 = EDGE_CURVE('',#11048,#11056,#11058,.T.);
#11056 = VERTEX_POINT('',#11057);
#11057 = CARTESIAN_POINT('',(125.652061,-51.808521,1.585));
#11058 = LINE('',#11059,#11060);
#11059 = CARTESIAN_POINT('',(125.643725,-51.850431,1.585));
#11060 = VECTOR('',#11061,1.);
#11061 = DIRECTION('',(0.195080927566,0.980787149029,0.));
#11062 = ORIENTED_EDGE('',*,*,#11063,.T.);
#11063 = EDGE_CURVE('',#11056,#11064,#11066,.T.);
#11064 = VERTEX_POINT('',#11065);
#11065 = CARTESIAN_POINT('',(125.656622,-51.809274,1.585));
#11066 = LINE('',#11067,#11068);
#11067 = CARTESIAN_POINT('',(125.652061,-51.808521,1.585));
#11068 = VECTOR('',#11069,1.);
#11069 = DIRECTION('',(0.986644171617,-0.162890388343,0.));
#11070 = ORIENTED_EDGE('',*,*,#11071,.T.);
#11071 = EDGE_CURVE('',#11064,#11072,#11074,.T.);
#11072 = VERTEX_POINT('',#11073);
#11073 = CARTESIAN_POINT('',(128.814228,-52.657341,1.585));
#11074 = LINE('',#11075,#11076);
#11075 = CARTESIAN_POINT('',(125.656622,-51.809274,1.585));
#11076 = VECTOR('',#11077,1.);
#11077 = DIRECTION('',(0.965773570789,-0.259386603287,0.));
#11078 = ORIENTED_EDGE('',*,*,#11079,.T.);
#11079 = EDGE_CURVE('',#11072,#11080,#11082,.T.);
#11080 = VERTEX_POINT('',#11081);
#11081 = CARTESIAN_POINT('',(128.763458,-52.846815,1.585));
#11082 = CIRCLE('',#11083,0.100000529732);
#11083 = AXIS2_PLACEMENT_3D('',#11084,#11085,#11086);
#11084 = CARTESIAN_POINT('',(128.76999858287,-52.7470285945,1.585));
#11085 = DIRECTION('',(0.,0.,-1.));
#11086 = DIRECTION('',(0.442291828285,0.896871194003,0.));
#11087 = ORIENTED_EDGE('',*,*,#11088,.T.);
#11088 = EDGE_CURVE('',#11080,#11046,#11089,.T.);
#11089 = LINE('',#11090,#11091);
#11090 = CARTESIAN_POINT('',(128.763458,-52.846815,1.585));
#11091 = VECTOR('',#11092,1.);
#11092 = DIRECTION('',(-0.965925801174,0.258819138835,0.));
#11093 = PLANE('',#11094);
#11094 = AXIS2_PLACEMENT_3D('',#11095,#11096,#11097);
#11095 = CARTESIAN_POINT('',(0.,0.,1.585));
#11096 = DIRECTION('',(0.,0.,1.));
#11097 = DIRECTION('',(1.,0.,-0.));
#11098 = SHELL_BASED_SURFACE_MODEL('',(#11099));
#11099 = OPEN_SHELL('',(#11100));
#11100 = ADVANCED_FACE('',(#11101),#11135,.T.);
#11101 = FACE_BOUND('',#11102,.F.);
#11102 = EDGE_LOOP('',(#11103,#11113,#11121,#11129));
#11103 = ORIENTED_EDGE('',*,*,#11104,.T.);
#11104 = EDGE_CURVE('',#11105,#11107,#11109,.T.);
#11105 = VERTEX_POINT('',#11106);
#11106 = CARTESIAN_POINT('',(115.001384,-51.147118,1.585));
#11107 = VERTEX_POINT('',#11108);
#11108 = CARTESIAN_POINT('',(115.001384,-50.852882,1.585));
#11109 = LINE('',#11110,#11111);
#11110 = CARTESIAN_POINT('',(115.001384,-51.147118,1.585));
#11111 = VECTOR('',#11112,1.);
#11112 = DIRECTION('',(0.,1.,0.));
#11113 = ORIENTED_EDGE('',*,*,#11114,.T.);
#11114 = EDGE_CURVE('',#11107,#11115,#11117,.T.);
#11115 = VERTEX_POINT('',#11116);
#11116 = CARTESIAN_POINT('',(118.752832,-50.852882,1.585));
#11117 = LINE('',#11118,#11119);
#11118 = CARTESIAN_POINT('',(115.001384,-50.852882,1.585));
#11119 = VECTOR('',#11120,1.);
#11120 = DIRECTION('',(1.,0.,0.));
#11121 = ORIENTED_EDGE('',*,*,#11122,.T.);
#11122 = EDGE_CURVE('',#11115,#11123,#11125,.T.);
#11123 = VERTEX_POINT('',#11124);
#11124 = CARTESIAN_POINT('',(118.752832,-51.147118,1.585));
#11125 = LINE('',#11126,#11127);
#11126 = CARTESIAN_POINT('',(118.752832,-50.852882,1.585));
#11127 = VECTOR('',#11128,1.);
#11128 = DIRECTION('',(0.,-1.,0.));
#11129 = ORIENTED_EDGE('',*,*,#11130,.T.);
#11130 = EDGE_CURVE('',#11123,#11105,#11131,.T.);
#11131 = LINE('',#11132,#11133);
#11132 = CARTESIAN_POINT('',(118.752832,-51.147118,1.585));
#11133 = VECTOR('',#11134,1.);
#11134 = DIRECTION('',(-1.,0.,0.));
#11135 = PLANE('',#11136);
#11136 = AXIS2_PLACEMENT_3D('',#11137,#11138,#11139);
#11137 = CARTESIAN_POINT('',(0.,0.,1.585));
#11138 = DIRECTION('',(0.,0.,1.));
#11139 = DIRECTION('',(1.,0.,-0.));
#11140 = SHELL_BASED_SURFACE_MODEL('',(#11141));
#11141 = OPEN_SHELL('',(#11142));
#11142 = ADVANCED_FACE('',(#11143),#11178,.T.);
#11143 = FACE_BOUND('',#11144,.F.);
#11144 = EDGE_LOOP('',(#11145,#11155,#11163,#11172));
#11145 = ORIENTED_EDGE('',*,*,#11146,.T.);
#11146 = EDGE_CURVE('',#11147,#11149,#11151,.T.);
#11147 = VERTEX_POINT('',#11148);
#11148 = CARTESIAN_POINT('',(125.7444,-51.147118,1.585));
#11149 = VERTEX_POINT('',#11150);
#11150 = CARTESIAN_POINT('',(125.7444,-50.852882,1.585));
#11151 = LINE('',#11152,#11153);
#11152 = CARTESIAN_POINT('',(125.7444,-51.147118,1.585));
#11153 = VECTOR('',#11154,1.);
#11154 = DIRECTION('',(0.,1.,0.));
#11155 = ORIENTED_EDGE('',*,*,#11156,.T.);
#11156 = EDGE_CURVE('',#11149,#11157,#11159,.T.);
#11157 = VERTEX_POINT('',#11158);
#11158 = CARTESIAN_POINT('',(129.529264,-50.852882,1.585));
#11159 = LINE('',#11160,#11161);
#11160 = CARTESIAN_POINT('',(125.7444,-50.852882,1.585));
#11161 = VECTOR('',#11162,1.);
#11162 = DIRECTION('',(1.,0.,0.));
#11163 = ORIENTED_EDGE('',*,*,#11164,.T.);
#11164 = EDGE_CURVE('',#11157,#11165,#11167,.T.);
#11165 = VERTEX_POINT('',#11166);
#11166 = CARTESIAN_POINT('',(129.529264,-51.147118,1.585));
#11167 = CIRCLE('',#11168,0.150000292066);
#11168 = AXIS2_PLACEMENT_3D('',#11169,#11170,#11171);
#11169 = CARTESIAN_POINT('',(129.5,-51.,1.585));
#11170 = DIRECTION('',(0.,0.,-1.));
#11171 = DIRECTION('',(0.195092953466,0.980784756972,0.));
#11172 = ORIENTED_EDGE('',*,*,#11173,.T.);
#11173 = EDGE_CURVE('',#11165,#11147,#11174,.T.);
#11174 = LINE('',#11175,#11176);
#11175 = CARTESIAN_POINT('',(129.529264,-51.147118,1.585));
#11176 = VECTOR('',#11177,1.);
#11177 = DIRECTION('',(-1.,0.,0.));
#11178 = PLANE('',#11179);
#11179 = AXIS2_PLACEMENT_3D('',#11180,#11181,#11182);
#11180 = CARTESIAN_POINT('',(0.,0.,1.585));
#11181 = DIRECTION('',(0.,0.,1.));
#11182 = DIRECTION('',(1.,0.,-0.));
#11183 = SHELL_BASED_SURFACE_MODEL('',(#11184));
#11184 = OPEN_SHELL('',(#11185));
#11185 = ADVANCED_FACE('',(#11186),#11229,.T.);
#11186 = FACE_BOUND('',#11187,.F.);
#11187 = EDGE_LOOP('',(#11188,#11198,#11206,#11215,#11223));
#11188 = ORIENTED_EDGE('',*,*,#11189,.T.);
#11189 = EDGE_CURVE('',#11190,#11192,#11194,.T.);
#11190 = VERTEX_POINT('',#11191);
#11191 = CARTESIAN_POINT('',(125.643725,-50.149569,1.585));
#11192 = VERTEX_POINT('',#11193);
#11193 = CARTESIAN_POINT('',(125.59871,-50.001177,1.585));
#11194 = LINE('',#11195,#11196);
#11195 = CARTESIAN_POINT('',(125.643725,-50.149569,1.585));
#11196 = VECTOR('',#11197,1.);
#11197 = DIRECTION('',(-0.29028927706,0.956938940385,0.));
#11198 = ORIENTED_EDGE('',*,*,#11199,.T.);
#11199 = EDGE_CURVE('',#11192,#11200,#11202,.T.);
#11200 = VERTEX_POINT('',#11201);
#11201 = CARTESIAN_POINT('',(128.763458,-49.153186,1.585));
#11202 = LINE('',#11203,#11204);
#11203 = CARTESIAN_POINT('',(125.59871,-50.001177,1.585));
#11204 = VECTOR('',#11205,1.);
#11205 = DIRECTION('',(0.965925877477,0.258818854066,0.));
#11206 = ORIENTED_EDGE('',*,*,#11207,.T.);
#11207 = EDGE_CURVE('',#11200,#11208,#11210,.T.);
#11208 = VERTEX_POINT('',#11209);
#11209 = CARTESIAN_POINT('',(128.814228,-49.34266,1.585));
#11210 = CIRCLE('',#11211,0.100000347819);
#11211 = AXIS2_PLACEMENT_3D('',#11212,#11213,#11214);
#11212 = CARTESIAN_POINT('',(128.76999948357,-49.25297216415,1.585));
#11213 = DIRECTION('',(0.,0.,-1.));
#11214 = DIRECTION('',(-6.541460824581E-02,0.997858170798,-0.));
#11215 = ORIENTED_EDGE('',*,*,#11216,.T.);
#11216 = EDGE_CURVE('',#11208,#11217,#11219,.T.);
#11217 = VERTEX_POINT('',#11218);
#11218 = CARTESIAN_POINT('',(125.651774,-50.190036,1.585));
#11219 = LINE('',#11220,#11221);
#11220 = CARTESIAN_POINT('',(128.814228,-49.34266,1.585));
#11221 = VECTOR('',#11222,1.);
#11222 = DIRECTION('',(-0.965925902297,-0.258818761438,0.));
#11223 = ORIENTED_EDGE('',*,*,#11224,.T.);
#11224 = EDGE_CURVE('',#11217,#11190,#11225,.T.);
#11225 = LINE('',#11226,#11227);
#11226 = CARTESIAN_POINT('',(125.651774,-50.190036,1.585));
#11227 = VECTOR('',#11228,1.);
#11228 = DIRECTION('',(-0.195081304735,0.980787074009,0.));
#11229 = PLANE('',#11230);
#11230 = AXIS2_PLACEMENT_3D('',#11231,#11232,#11233);
#11231 = CARTESIAN_POINT('',(0.,0.,1.585));
#11232 = DIRECTION('',(0.,0.,1.));
#11233 = DIRECTION('',(1.,0.,-0.));
#11234 = SHELL_BASED_SURFACE_MODEL('',(#11235));
#11235 = OPEN_SHELL('',(#11236));
#11236 = ADVANCED_FACE('',(#11237),#11280,.T.);
#11237 = FACE_BOUND('',#11238,.F.);
#11238 = EDGE_LOOP('',(#11239,#11249,#11257,#11265,#11274));
#11239 = ORIENTED_EDGE('',*,*,#11240,.T.);
#11240 = EDGE_CURVE('',#11241,#11243,#11245,.T.);
#11241 = VERTEX_POINT('',#11242);
#11242 = CARTESIAN_POINT('',(118.898731,-50.000482,1.585));
#11243 = VERTEX_POINT('',#11244);
#11244 = CARTESIAN_POINT('',(118.853507,-50.149569,1.585));
#11245 = LINE('',#11246,#11247);
#11246 = CARTESIAN_POINT('',(118.898731,-50.000482,1.585));
#11247 = VECTOR('',#11248,1.);
#11248 = DIRECTION('',(-0.290278523068,-0.956942202563,0.));
#11249 = ORIENTED_EDGE('',*,*,#11250,.T.);
#11250 = EDGE_CURVE('',#11243,#11251,#11253,.T.);
#11251 = VERTEX_POINT('',#11252);
#11252 = CARTESIAN_POINT('',(118.845597,-50.189332,1.585));
#11253 = LINE('',#11254,#11255);
#11254 = CARTESIAN_POINT('',(118.853507,-50.149569,1.585));
#11255 = VECTOR('',#11256,1.);
#11256 = DIRECTION('',(-0.195105686023,-0.980782224187,0.));
#11257 = ORIENTED_EDGE('',*,*,#11258,.T.);
#11258 = EDGE_CURVE('',#11251,#11259,#11261,.T.);
#11259 = VERTEX_POINT('',#11260);
#11260 = CARTESIAN_POINT('',(115.685771,-49.34266,1.585));
#11261 = LINE('',#11262,#11263);
#11262 = CARTESIAN_POINT('',(118.845597,-50.189332,1.585));
#11263 = VECTOR('',#11264,1.);
#11264 = DIRECTION('',(-0.965925889332,0.258818809824,0.));
#11265 = ORIENTED_EDGE('',*,*,#11266,.T.);
#11266 = EDGE_CURVE('',#11259,#11267,#11269,.T.);
#11267 = VERTEX_POINT('',#11268);
#11268 = CARTESIAN_POINT('',(115.755882,-49.156379,1.585));
#11269 = CIRCLE('',#11270,0.100000663228);
#11270 = AXIS2_PLACEMENT_3D('',#11271,#11272,#11273);
#11271 = CARTESIAN_POINT('',(115.73000085574,-49.25297247295,1.585));
#11272 = DIRECTION('',(0.,0.,-1.));
#11273 = DIRECTION('',(-0.442295623991,-0.896869322142,-0.));
#11274 = ORIENTED_EDGE('',*,*,#11275,.T.);
#11275 = EDGE_CURVE('',#11267,#11241,#11276,.T.);
#11276 = LINE('',#11277,#11278);
#11277 = CARTESIAN_POINT('',(115.755882,-49.156379,1.585));
#11278 = VECTOR('',#11279,1.);
#11279 = DIRECTION('',(0.965773615292,-0.259386437589,0.));
#11280 = PLANE('',#11281);
#11281 = AXIS2_PLACEMENT_3D('',#11282,#11283,#11284);
#11282 = CARTESIAN_POINT('',(0.,0.,1.585));
#11283 = DIRECTION('',(0.,0.,1.));
#11284 = DIRECTION('',(1.,0.,-0.));
#11285 = SHELL_BASED_SURFACE_MODEL('',(#11286));
#11286 = OPEN_SHELL('',(#11287));
#11287 = ADVANCED_FACE('',(#11288),#11331,.T.);
#11288 = FACE_BOUND('',#11289,.F.);
#11289 = EDGE_LOOP('',(#11290,#11300,#11309,#11317,#11325));
#11290 = ORIENTED_EDGE('',*,*,#11291,.T.);
#11291 = EDGE_CURVE('',#11292,#11294,#11296,.T.);
#11292 = VERTEX_POINT('',#11293);
#11293 = CARTESIAN_POINT('',(125.228328,-49.167209,1.585));
#11294 = VERTEX_POINT('',#11295);
#11295 = CARTESIAN_POINT('',(128.063526,-47.530307,1.585));
#11296 = LINE('',#11297,#11298);
#11297 = CARTESIAN_POINT('',(125.228328,-49.167209,1.585));
#11298 = VECTOR('',#11299,1.);
#11299 = DIRECTION('',(0.866025447235,0.499999924742,0.));
#11300 = ORIENTED_EDGE('',*,*,#11301,.T.);
#11301 = EDGE_CURVE('',#11294,#11302,#11304,.T.);
#11302 = VERTEX_POINT('',#11303);
#11303 = CARTESIAN_POINT('',(128.161605,-47.700185,1.585));
#11304 = CIRCLE('',#11305,0.100000369189);
#11305 = AXIS2_PLACEMENT_3D('',#11306,#11307,#11308);
#11306 = CARTESIAN_POINT('',(128.09567094981,-47.62500006225,1.585));
#11307 = DIRECTION('',(0.,0.,-1.));
#11308 = DIRECTION('',(-0.321448311344,0.946927126623,-0.));
#11309 = ORIENTED_EDGE('',*,*,#11310,.T.);
#11310 = EDGE_CURVE('',#11302,#11311,#11313,.T.);
#11311 = VERTEX_POINT('',#11312);
#11312 = CARTESIAN_POINT('',(125.32426,-49.338325,1.585));
#11313 = LINE('',#11314,#11315);
#11314 = CARTESIAN_POINT('',(128.161605,-47.700185,1.585));
#11315 = VECTOR('',#11316,1.);
#11316 = DIRECTION('',(-0.866025654838,-0.499999565163,0.));
#11317 = ORIENTED_EDGE('',*,*,#11318,.T.);
#11318 = EDGE_CURVE('',#11311,#11319,#11321,.T.);
#11319 = VERTEX_POINT('',#11320);
#11320 = CARTESIAN_POINT('',(125.250666,-49.20064,1.585));
#11321 = LINE('',#11322,#11323);
#11322 = CARTESIAN_POINT('',(125.32426,-49.338325,1.585));
#11323 = VECTOR('',#11324,1.);
#11324 = DIRECTION('',(-0.471395911044,0.881921705738,0.));
#11325 = ORIENTED_EDGE('',*,*,#11326,.T.);
#11326 = EDGE_CURVE('',#11319,#11292,#11327,.T.);
#11327 = LINE('',#11328,#11329);
#11328 = CARTESIAN_POINT('',(125.250666,-49.20064,1.585));
#11329 = VECTOR('',#11330,1.);
#11330 = DIRECTION('',(-0.555572295594,0.831468234131,0.));
#11331 = PLANE('',#11332);
#11332 = AXIS2_PLACEMENT_3D('',#11333,#11334,#11335);
#11333 = CARTESIAN_POINT('',(0.,0.,1.585));
#11334 = DIRECTION('',(0.,0.,1.));
#11335 = DIRECTION('',(1.,0.,-0.));
#11336 = SHELL_BASED_SURFACE_MODEL('',(#11337));
#11337 = OPEN_SHELL('',(#11338));
#11338 = ADVANCED_FACE('',(#11339),#11382,.T.);
#11339 = FACE_BOUND('',#11340,.F.);
#11340 = EDGE_LOOP('',(#11341,#11351,#11359,#11367,#11376));
#11341 = ORIENTED_EDGE('',*,*,#11342,.T.);
#11342 = EDGE_CURVE('',#11343,#11345,#11347,.T.);
#11343 = VERTEX_POINT('',#11344);
#11344 = CARTESIAN_POINT('',(119.269674,-49.166056,1.585));
#11345 = VERTEX_POINT('',#11346);
#11346 = CARTESIAN_POINT('',(119.246566,-49.20064,1.585));
#11347 = LINE('',#11348,#11349);
#11348 = CARTESIAN_POINT('',(119.269674,-49.166056,1.585));
#11349 = VECTOR('',#11350,1.);
#11350 = DIRECTION('',(-0.555565412597,-0.831472833186,0.));
#11351 = ORIENTED_EDGE('',*,*,#11352,.T.);
#11352 = EDGE_CURVE('',#11345,#11353,#11355,.T.);
#11353 = VERTEX_POINT('',#11354);
#11354 = CARTESIAN_POINT('',(119.173623,-49.337105,1.585));
#11355 = LINE('',#11356,#11357);
#11356 = CARTESIAN_POINT('',(119.246566,-49.20064,1.585));
#11357 = VECTOR('',#11358,1.);
#11358 = DIRECTION('',(-0.471401450848,-0.881918744635,0.));
#11359 = ORIENTED_EDGE('',*,*,#11360,.T.);
#11360 = EDGE_CURVE('',#11353,#11361,#11363,.T.);
#11361 = VERTEX_POINT('',#11362);
#11362 = CARTESIAN_POINT('',(116.338393,-47.700184,1.585));
#11363 = LINE('',#11364,#11365);
#11364 = CARTESIAN_POINT('',(119.173623,-49.337105,1.585));
#11365 = VECTOR('',#11366,1.);
#11366 = DIRECTION('',(-0.866025377823,0.500000044967,0.));
#11367 = ORIENTED_EDGE('',*,*,#11368,.T.);
#11368 = EDGE_CURVE('',#11361,#11369,#11371,.T.);
#11369 = VERTEX_POINT('',#11370);
#11370 = CARTESIAN_POINT('',(116.436472,-47.530307,1.585));
#11371 = CIRCLE('',#11372,0.100000191056);
#11372 = AXIS2_PLACEMENT_3D('',#11373,#11374,#11375);
#11373 = CARTESIAN_POINT('',(116.40432811984,-47.62500023724,1.585));
#11374 = DIRECTION('',(0.,0.,-1.));
#11375 = DIRECTION('',(-0.659349938755,-0.75183619111,-0.));
#11376 = ORIENTED_EDGE('',*,*,#11377,.T.);
#11377 = EDGE_CURVE('',#11369,#11343,#11378,.T.);
#11378 = LINE('',#11379,#11380);
#11379 = CARTESIAN_POINT('',(116.436472,-47.530307,1.585));
#11380 = VECTOR('',#11381,1.);
#11381 = DIRECTION('',(0.866025527854,-0.499999785106,0.));
#11382 = PLANE('',#11383);
#11383 = AXIS2_PLACEMENT_3D('',#11384,#11385,#11386);
#11384 = CARTESIAN_POINT('',(0.,0.,1.585));
#11385 = DIRECTION('',(0.,0.,1.));
#11386 = DIRECTION('',(1.,0.,-0.));
#11387 = SHELL_BASED_SURFACE_MODEL('',(#11388));
#11388 = OPEN_SHELL('',(#11389));
#11389 = ADVANCED_FACE('',(#11390),#11425,.T.);
#11390 = FACE_BOUND('',#11391,.F.);
#11391 = EDGE_LOOP('',(#11392,#11403,#11411,#11419));
#11392 = ORIENTED_EDGE('',*,*,#11393,.T.);
#11393 = EDGE_CURVE('',#11394,#11396,#11398,.T.);
#11394 = VERTEX_POINT('',#11395);
#11395 = CARTESIAN_POINT('',(127.293189,-45.748755,1.585));
#11396 = VERTEX_POINT('',#11397);
#11397 = CARTESIAN_POINT('',(127.501245,-45.956811,1.585));
#11398 = CIRCLE('',#11399,0.150000166887);
#11399 = AXIS2_PLACEMENT_3D('',#11400,#11401,#11402);
#11400 = CARTESIAN_POINT('',(127.376524,-45.873476,1.585));
#11401 = DIRECTION('',(0.,0.,-1.));
#11402 = DIRECTION('',(-0.555566048557,0.831472408256,0.));
#11403 = ORIENTED_EDGE('',*,*,#11404,.T.);
#11404 = EDGE_CURVE('',#11396,#11405,#11407,.T.);
#11405 = VERTEX_POINT('',#11406);
#11406 = CARTESIAN_POINT('',(124.825228,-48.632827,1.585));
#11407 = LINE('',#11408,#11409);
#11408 = CARTESIAN_POINT('',(127.501245,-45.956811,1.585));
#11409 = VECTOR('',#11410,1.);
#11410 = DIRECTION('',(-0.707106913306,-0.707106649067,0.));
#11411 = ORIENTED_EDGE('',*,*,#11412,.T.);
#11412 = EDGE_CURVE('',#11405,#11413,#11415,.T.);
#11413 = VERTEX_POINT('',#11414);
#11414 = CARTESIAN_POINT('',(124.617172,-48.424771,1.585));
#11415 = LINE('',#11416,#11417);
#11416 = CARTESIAN_POINT('',(124.825228,-48.632827,1.585));
#11417 = VECTOR('',#11418,1.);
#11418 = DIRECTION('',(-0.707106781187,0.707106781187,0.));
#11419 = ORIENTED_EDGE('',*,*,#11420,.T.);
#11420 = EDGE_CURVE('',#11413,#11394,#11421,.T.);
#11421 = LINE('',#11422,#11423);
#11422 = CARTESIAN_POINT('',(124.617172,-48.424771,1.585));
#11423 = VECTOR('',#11424,1.);
#11424 = DIRECTION('',(0.707106913306,0.707106649067,0.));
#11425 = PLANE('',#11426);
#11426 = AXIS2_PLACEMENT_3D('',#11427,#11428,#11429);
#11427 = CARTESIAN_POINT('',(0.,0.,1.585));
#11428 = DIRECTION('',(0.,0.,1.));
#11429 = DIRECTION('',(1.,0.,-0.));
#11430 = SHELL_BASED_SURFACE_MODEL('',(#11431));
#11431 = OPEN_SHELL('',(#11432));
#11432 = ADVANCED_FACE('',(#11433),#11468,.T.);
#11433 = FACE_BOUND('',#11434,.F.);
#11434 = EDGE_LOOP('',(#11435,#11445,#11453,#11462));
#11435 = ORIENTED_EDGE('',*,*,#11436,.T.);
#11436 = EDGE_CURVE('',#11437,#11439,#11441,.T.);
#11437 = VERTEX_POINT('',#11438);
#11438 = CARTESIAN_POINT('',(119.881443,-48.423388,1.585));
#11439 = VERTEX_POINT('',#11440);
#11440 = CARTESIAN_POINT('',(119.673387,-48.631444,1.585));
#11441 = LINE('',#11442,#11443);
#11442 = CARTESIAN_POINT('',(119.881443,-48.423388,1.585));
#11443 = VECTOR('',#11444,1.);
#11444 = DIRECTION('',(-0.707106781187,-0.707106781187,0.));
#11445 = ORIENTED_EDGE('',*,*,#11446,.T.);
#11446 = EDGE_CURVE('',#11439,#11447,#11449,.T.);
#11447 = VERTEX_POINT('',#11448);
#11448 = CARTESIAN_POINT('',(116.998754,-45.956811,1.585));
#11449 = LINE('',#11450,#11451);
#11450 = CARTESIAN_POINT('',(119.673387,-48.631444,1.585));
#11451 = VECTOR('',#11452,1.);
#11452 = DIRECTION('',(-0.707106781187,0.707106781187,0.));
#11453 = ORIENTED_EDGE('',*,*,#11454,.T.);
#11454 = EDGE_CURVE('',#11447,#11455,#11457,.T.);
#11455 = VERTEX_POINT('',#11456);
#11456 = CARTESIAN_POINT('',(117.20681,-45.748755,1.585));
#11457 = CIRCLE('',#11458,0.150000188319);
#11458 = AXIS2_PLACEMENT_3D('',#11459,#11460,#11461);
#11459 = CARTESIAN_POINT('',(117.12347507768,-45.87347607768,1.585));
#11460 = DIRECTION('',(0.,0.,-1.));
#11461 = DIRECTION('',(-0.831472807322,-0.555565451305,-0.));
#11462 = ORIENTED_EDGE('',*,*,#11463,.T.);
#11463 = EDGE_CURVE('',#11455,#11437,#11464,.T.);
#11464 = LINE('',#11465,#11466);
#11465 = CARTESIAN_POINT('',(117.20681,-45.748755,1.585));
#11466 = VECTOR('',#11467,1.);
#11467 = DIRECTION('',(0.707106781187,-0.707106781187,0.));
#11468 = PLANE('',#11469);
#11469 = AXIS2_PLACEMENT_3D('',#11470,#11471,#11472);
#11470 = CARTESIAN_POINT('',(0.,0.,1.585));
#11471 = DIRECTION('',(0.,0.,1.));
#11472 = DIRECTION('',(1.,0.,-0.));
#11473 = SHELL_BASED_SURFACE_MODEL('',(#11474));
#11474 = OPEN_SHELL('',(#11475));
#11475 = ADVANCED_FACE('',(#11476),#11519,.T.);
#11476 = FACE_BOUND('',#11477,.F.);
#11477 = EDGE_LOOP('',(#11478,#11489,#11497,#11505,#11513));
#11478 = ORIENTED_EDGE('',*,*,#11479,.T.);
#11479 = EDGE_CURVE('',#11480,#11482,#11484,.T.);
#11480 = VERTEX_POINT('',#11481);
#11481 = CARTESIAN_POINT('',(125.549815,-45.088395,1.585));
#11482 = VERTEX_POINT('',#11483);
#11483 = CARTESIAN_POINT('',(125.719693,-45.186474,1.585));
#11484 = CIRCLE('',#11485,0.100000442863);
#11485 = AXIS2_PLACEMENT_3D('',#11486,#11487,#11488);
#11486 = CARTESIAN_POINT('',(125.62499974891,-45.15432937725,1.585));
#11487 = DIRECTION('',(0.,0.,-1.));
#11488 = DIRECTION('',(-0.751844159514,0.659340852522,0.));
#11489 = ORIENTED_EDGE('',*,*,#11490,.T.);
#11490 = EDGE_CURVE('',#11482,#11491,#11493,.T.);
#11491 = VERTEX_POINT('',#11492);
#11492 = CARTESIAN_POINT('',(124.082982,-48.02134,1.585));
#11493 = LINE('',#11494,#11495);
#11494 = CARTESIAN_POINT('',(125.719693,-45.186474,1.585));
#11495 = VECTOR('',#11496,1.);
#11496 = DIRECTION('',(-0.5000000806,-0.86602535725,0.));
#11497 = ORIENTED_EDGE('',*,*,#11498,.T.);
#11498 = EDGE_CURVE('',#11491,#11499,#11501,.T.);
#11499 = VERTEX_POINT('',#11500);
#11500 = CARTESIAN_POINT('',(124.047976,-47.99795,1.585));
#11501 = LINE('',#11502,#11503);
#11502 = CARTESIAN_POINT('',(124.082982,-48.02134,1.585));
#11503 = VECTOR('',#11504,1.);
#11504 = DIRECTION('',(-0.831472480394,0.555565940594,0.));
#11505 = ORIENTED_EDGE('',*,*,#11506,.T.);
#11506 = EDGE_CURVE('',#11499,#11507,#11509,.T.);
#11507 = VERTEX_POINT('',#11508);
#11508 = CARTESIAN_POINT('',(123.911958,-47.925246,1.585));
#11509 = LINE('',#11510,#11511);
#11510 = CARTESIAN_POINT('',(124.047976,-47.99795,1.585));
#11511 = VECTOR('',#11512,1.);
#11512 = DIRECTION('',(-0.881918934539,0.471401095566,0.));
#11513 = ORIENTED_EDGE('',*,*,#11514,.T.);
#11514 = EDGE_CURVE('',#11507,#11480,#11515,.T.);
#11515 = LINE('',#11516,#11517);
#11516 = CARTESIAN_POINT('',(123.911958,-47.925246,1.585));
#11517 = VECTOR('',#11518,1.);
#11518 = DIRECTION('',(0.50000007132,0.866025362608,0.));
#11519 = PLANE('',#11520);
#11520 = AXIS2_PLACEMENT_3D('',#11521,#11522,#11523);
#11521 = CARTESIAN_POINT('',(0.,0.,1.585));
#11522 = DIRECTION('',(0.,0.,1.));
#11523 = DIRECTION('',(1.,0.,-0.));
#11524 = SHELL_BASED_SURFACE_MODEL('',(#11525));
#11525 = OPEN_SHELL('',(#11526));
#11526 = ADVANCED_FACE('',(#11527),#11570,.T.);
#11527 = FACE_BOUND('',#11528,.F.);
#11528 = EDGE_LOOP('',(#11529,#11539,#11547,#11555,#11564));
#11529 = ORIENTED_EDGE('',*,*,#11530,.T.);
#11530 = EDGE_CURVE('',#11531,#11533,#11535,.T.);
#11531 = VERTEX_POINT('',#11532);
#11532 = CARTESIAN_POINT('',(120.587389,-47.924116,1.585));
#11533 = VERTEX_POINT('',#11534);
#11534 = CARTESIAN_POINT('',(120.449256,-47.99795,1.585));
#11535 = LINE('',#11536,#11537);
#11536 = CARTESIAN_POINT('',(120.587389,-47.924116,1.585));
#11537 = VECTOR('',#11538,1.);
#11538 = DIRECTION('',(-0.881920273612,-0.471398590358,0.));
#11539 = ORIENTED_EDGE('',*,*,#11540,.T.);
#11540 = EDGE_CURVE('',#11533,#11541,#11543,.T.);
#11541 = VERTEX_POINT('',#11542);
#11542 = CARTESIAN_POINT('',(120.416247,-48.020005,1.585));
#11543 = LINE('',#11544,#11545);
#11544 = CARTESIAN_POINT('',(120.449256,-47.99795,1.585));
#11545 = VECTOR('',#11546,1.);
#11546 = DIRECTION('',(-0.831480185338,-0.555554409028,0.));
#11547 = ORIENTED_EDGE('',*,*,#11548,.T.);
#11548 = EDGE_CURVE('',#11541,#11549,#11551,.T.);
#11549 = VERTEX_POINT('',#11550);
#11550 = CARTESIAN_POINT('',(118.780307,-45.186473,1.585));
#11551 = LINE('',#11552,#11553);
#11552 = CARTESIAN_POINT('',(120.416247,-48.020005,1.585));
#11553 = VECTOR('',#11554,1.);
#11554 = DIRECTION('',(-0.499999893878,0.866025465054,0.));
#11555 = ORIENTED_EDGE('',*,*,#11556,.T.);
#11556 = EDGE_CURVE('',#11549,#11557,#11559,.T.);
#11557 = VERTEX_POINT('',#11558);
#11558 = CARTESIAN_POINT('',(118.950184,-45.088394,1.585));
#11559 = CIRCLE('',#11560,0.100000115017);
#11560 = AXIS2_PLACEMENT_3D('',#11561,#11562,#11563);
#11561 = CARTESIAN_POINT('',(118.87500004236,-45.1543287823,1.585));
#11562 = DIRECTION('',(0.,0.,-1.));
#11563 = DIRECTION('',(-0.946929334517,-0.321441807224,-0.));
#11564 = ORIENTED_EDGE('',*,*,#11565,.T.);
#11565 = EDGE_CURVE('',#11557,#11531,#11566,.T.);
#11566 = LINE('',#11567,#11568);
#11567 = CARTESIAN_POINT('',(118.950184,-45.088394,1.585));
#11568 = VECTOR('',#11569,1.);
#11569 = DIRECTION('',(0.500000032056,-0.866025385277,0.));
#11570 = PLANE('',#11571);
#11571 = AXIS2_PLACEMENT_3D('',#11572,#11573,#11574);
#11572 = CARTESIAN_POINT('',(0.,0.,1.585));
#11573 = DIRECTION('',(0.,0.,1.));
#11574 = DIRECTION('',(1.,0.,-0.));
#11575 = SHELL_BASED_SURFACE_MODEL('',(#11576));
#11576 = OPEN_SHELL('',(#11577));
#11577 = ADVANCED_FACE('',(#11578),#11629,.T.);
#11578 = FACE_BOUND('',#11579,.F.);
#11579 = EDGE_LOOP('',(#11580,#11591,#11599,#11607,#11615,#11623));
#11580 = ORIENTED_EDGE('',*,*,#11581,.T.);
#11581 = EDGE_CURVE('',#11582,#11584,#11586,.T.);
#11582 = VERTEX_POINT('',#11583);
#11583 = CARTESIAN_POINT('',(123.931093,-44.404817,1.585));
#11584 = VERTEX_POINT('',#11585);
#11585 = CARTESIAN_POINT('',(124.096814,-44.486542,1.585));
#11586 = CIRCLE('',#11587,9.999991917952E-02);
#11587 = AXIS2_PLACEMENT_3D('',#11588,#11589,#11590);
#11588 = CARTESIAN_POINT('',(123.9970282823,-44.48000025866,1.585));
#11589 = DIRECTION('',(0.,0.,-1.));
#11590 = DIRECTION('',(-0.659353355927,0.751833194284,0.));
#11591 = ORIENTED_EDGE('',*,*,#11592,.T.);
#11592 = EDGE_CURVE('',#11584,#11593,#11595,.T.);
#11593 = VERTEX_POINT('',#11594);
#11594 = CARTESIAN_POINT('',(123.249061,-47.650397,1.585));
#11595 = LINE('',#11596,#11597);
#11596 = CARTESIAN_POINT('',(124.096814,-44.486542,1.585));
#11597 = VECTOR('',#11598,1.);
#11598 = DIRECTION('',(-0.258819218228,-0.9659257799,0.));
#11599 = ORIENTED_EDGE('',*,*,#11600,.T.);
#11600 = EDGE_CURVE('',#11593,#11601,#11603,.T.);
#11601 = VERTEX_POINT('',#11602);
#11602 = CARTESIAN_POINT('',(123.099047,-47.604891,1.585));
#11603 = LINE('',#11604,#11605);
#11604 = CARTESIAN_POINT('',(123.249061,-47.650397,1.585));
#11605 = VECTOR('',#11606,1.);
#11606 = DIRECTION('',(-0.956940777657,0.29028322042,0.));
#11607 = ORIENTED_EDGE('',*,*,#11608,.T.);
#11608 = EDGE_CURVE('',#11601,#11609,#11611,.T.);
#11609 = VERTEX_POINT('',#11610);
#11610 = CARTESIAN_POINT('',(123.060245,-47.597172,1.585));
#11611 = LINE('',#11612,#11613);
#11612 = CARTESIAN_POINT('',(123.099047,-47.604891,1.585));
#11613 = VECTOR('',#11614,1.);
#11614 = DIRECTION('',(-0.980781399815,0.195109830039,0.));
#11615 = ORIENTED_EDGE('',*,*,#11616,.T.);
#11616 = EDGE_CURVE('',#11609,#11617,#11619,.T.);
#11617 = VERTEX_POINT('',#11618);
#11618 = CARTESIAN_POINT('',(123.90734,-44.435772,1.585));
#11619 = LINE('',#11620,#11621);
#11620 = CARTESIAN_POINT('',(123.060245,-47.597172,1.585));
#11621 = VECTOR('',#11622,1.);
#11622 = DIRECTION('',(0.258819165701,0.965925793975,0.));
#11623 = ORIENTED_EDGE('',*,*,#11624,.T.);
#11624 = EDGE_CURVE('',#11617,#11582,#11625,.T.);
#11625 = LINE('',#11626,#11627);
#11626 = CARTESIAN_POINT('',(123.90734,-44.435772,1.585));
#11627 = VECTOR('',#11628,1.);
#11628 = DIRECTION('',(0.608767769953,0.793348474673,0.));
#11629 = PLANE('',#11630);
#11630 = AXIS2_PLACEMENT_3D('',#11631,#11632,#11633);
#11631 = CARTESIAN_POINT('',(0.,0.,1.585));
#11632 = DIRECTION('',(0.,0.,1.));
#11633 = DIRECTION('',(1.,0.,-0.));
#11634 = SHELL_BASED_SURFACE_MODEL('',(#11635));
#11635 = OPEN_SHELL('',(#11636));
#11636 = ADVANCED_FACE('',(#11637),#11696,.T.);
#11637 = FACE_BOUND('',#11638,.F.);
#11638 = EDGE_LOOP('',(#11639,#11650,#11658,#11666,#11674,#11682,#11690)
  );
#11639 = ORIENTED_EDGE('',*,*,#11640,.T.);
#11640 = EDGE_CURVE('',#11641,#11643,#11645,.T.);
#11641 = VERTEX_POINT('',#11642);
#11642 = CARTESIAN_POINT('',(120.427787,-44.414066,1.585));
#11643 = VERTEX_POINT('',#11644);
#11644 = CARTESIAN_POINT('',(120.592659,-44.435772,1.585));
#11645 = CIRCLE('',#11646,0.100001210234);
#11646 = AXIS2_PLACEMENT_3D('',#11647,#11648,#11649);
#11647 = CARTESIAN_POINT('',(120.50297108257,-44.48000230089,1.585));
#11648 = DIRECTION('',(0.,0.,-1.));
#11649 = DIRECTION('',(-0.751831726864,0.659355029161,0.));
#11650 = ORIENTED_EDGE('',*,*,#11651,.T.);
#11651 = EDGE_CURVE('',#11643,#11652,#11654,.T.);
#11652 = VERTEX_POINT('',#11653);
#11653 = CARTESIAN_POINT('',(121.439613,-47.59665,1.585));
#11654 = LINE('',#11655,#11656);
#11655 = CARTESIAN_POINT('',(120.592659,-44.435772,1.585));
#11656 = VECTOR('',#11657,1.);
#11657 = DIRECTION('',(0.25881884339,-0.965925880338,0.));
#11658 = ORIENTED_EDGE('',*,*,#11659,.T.);
#11659 = EDGE_CURVE('',#11652,#11660,#11662,.T.);
#11660 = VERTEX_POINT('',#11661);
#11661 = CARTESIAN_POINT('',(121.398185,-47.604891,1.585));
#11662 = LINE('',#11663,#11664);
#11663 = CARTESIAN_POINT('',(121.439613,-47.59665,1.585));
#11664 = VECTOR('',#11665,1.);
#11665 = DIRECTION('',(-0.980783203641,-0.195100762316,0.));
#11666 = ORIENTED_EDGE('',*,*,#11667,.T.);
#11667 = EDGE_CURVE('',#11660,#11668,#11670,.T.);
#11668 = VERTEX_POINT('',#11669);
#11669 = CARTESIAN_POINT('',(121.250729,-47.649621,1.585));
#11670 = LINE('',#11671,#11672);
#11671 = CARTESIAN_POINT('',(121.398185,-47.604891,1.585));
#11672 = VECTOR('',#11673,1.);
#11673 = DIRECTION('',(-0.95694085596,-0.290282962288,0.));
#11674 = ORIENTED_EDGE('',*,*,#11675,.T.);
#11675 = EDGE_CURVE('',#11668,#11676,#11678,.T.);
#11676 = VERTEX_POINT('',#11677);
#11677 = CARTESIAN_POINT('',(120.403185,-44.486541,1.585));
#11678 = LINE('',#11679,#11680);
#11679 = CARTESIAN_POINT('',(121.250729,-47.649621,1.585));
#11680 = VECTOR('',#11681,1.);
#11681 = DIRECTION('',(-0.258818836657,0.965925882142,0.));
#11682 = ORIENTED_EDGE('',*,*,#11683,.T.);
#11683 = EDGE_CURVE('',#11676,#11684,#11686,.T.);
#11684 = VERTEX_POINT('',#11685);
#11685 = CARTESIAN_POINT('',(120.408278,-44.447857,1.585));
#11686 = LINE('',#11687,#11688);
#11687 = CARTESIAN_POINT('',(120.403185,-44.486541,1.585));
#11688 = VECTOR('',#11689,1.);
#11689 = DIRECTION('',(0.130530091624,0.991444348,0.));
#11690 = ORIENTED_EDGE('',*,*,#11691,.T.);
#11691 = EDGE_CURVE('',#11684,#11641,#11692,.T.);
#11692 = LINE('',#11693,#11694);
#11693 = CARTESIAN_POINT('',(120.408278,-44.447857,1.585));
#11694 = VECTOR('',#11695,1.);
#11695 = DIRECTION('',(0.49999533015,0.866028099907,0.));
#11696 = PLANE('',#11697);
#11697 = AXIS2_PLACEMENT_3D('',#11698,#11699,#11700);
#11698 = CARTESIAN_POINT('',(0.,0.,1.585));
#11699 = DIRECTION('',(0.,0.,1.));
#11700 = DIRECTION('',(1.,0.,-0.));
#11701 = SHELL_BASED_SURFACE_MODEL('',(#11702));
#11702 = OPEN_SHELL('',(#11703));
#11703 = ADVANCED_FACE('',(#11704),#11779,.T.);
#11704 = FACE_BOUND('',#11705,.F.);
#11705 = EDGE_LOOP('',(#11706,#11716,#11724,#11732,#11740,#11748,#11756,
    #11764,#11773));
#11706 = ORIENTED_EDGE('',*,*,#11707,.T.);
#11707 = EDGE_CURVE('',#11708,#11710,#11712,.T.);
#11708 = VERTEX_POINT('',#11709);
#11709 = CARTESIAN_POINT('',(122.5,-47.5,1.585));
#11710 = VERTEX_POINT('',#11711);
#11711 = CARTESIAN_POINT('',(122.498823,-47.511944,1.585));
#11712 = LINE('',#11713,#11714);
#11713 = CARTESIAN_POINT('',(122.5,-47.5,1.585));
#11714 = VECTOR('',#11715,1.);
#11715 = DIRECTION('',(-9.80681935219E-02,-0.995179697049,0.));
#11716 = ORIENTED_EDGE('',*,*,#11717,.T.);
#11717 = EDGE_CURVE('',#11710,#11718,#11720,.T.);
#11718 = VERTEX_POINT('',#11719);
#11719 = CARTESIAN_POINT('',(122.420353,-47.504216,1.585));
#11720 = LINE('',#11721,#11722);
#11721 = CARTESIAN_POINT('',(122.498823,-47.511944,1.585));
#11722 = VECTOR('',#11723,1.);
#11723 = DIRECTION('',(-0.995185494167,9.800934750766E-02,0.));
#11724 = ORIENTED_EDGE('',*,*,#11725,.T.);
#11725 = EDGE_CURVE('',#11718,#11726,#11728,.T.);
#11726 = VERTEX_POINT('',#11727);
#11727 = CARTESIAN_POINT('',(122.248616,-47.5,1.585));
#11728 = LINE('',#11729,#11730);
#11729 = CARTESIAN_POINT('',(122.420353,-47.504216,1.585));
#11730 = VECTOR('',#11731,1.);
#11731 = DIRECTION('',(-0.999698805374,2.454177121677E-02,0.));
#11732 = ORIENTED_EDGE('',*,*,#11733,.T.);
#11733 = EDGE_CURVE('',#11726,#11734,#11736,.T.);
#11734 = VERTEX_POINT('',#11735);
#11735 = CARTESIAN_POINT('',(122.076879,-47.504216,1.585));
#11736 = LINE('',#11737,#11738);
#11737 = CARTESIAN_POINT('',(122.248616,-47.5,1.585));
#11738 = VECTOR('',#11739,1.);
#11739 = DIRECTION('',(-0.999698805374,-2.454177121677E-02,0.));
#11740 = ORIENTED_EDGE('',*,*,#11741,.T.);
#11741 = EDGE_CURVE('',#11734,#11742,#11744,.T.);
#11742 = VERTEX_POINT('',#11743);
#11743 = CARTESIAN_POINT('',(122.001149,-47.511674,1.585));
#11744 = LINE('',#11745,#11746);
#11745 = CARTESIAN_POINT('',(122.076879,-47.504216,1.585));
#11746 = VECTOR('',#11747,1.);
#11747 = DIRECTION('',(-0.995185693119,-9.800732733762E-02,0.));
#11748 = ORIENTED_EDGE('',*,*,#11749,.T.);
#11749 = EDGE_CURVE('',#11742,#11750,#11752,.T.);
#11750 = VERTEX_POINT('',#11751);
#11751 = CARTESIAN_POINT('',(122.,-47.5,1.585));
#11752 = LINE('',#11753,#11754);
#11753 = CARTESIAN_POINT('',(122.001149,-47.511674,1.585));
#11754 = VECTOR('',#11755,1.);
#11755 = DIRECTION('',(-9.795055538407E-02,0.995191282468,0.));
#11756 = ORIENTED_EDGE('',*,*,#11757,.T.);
#11757 = EDGE_CURVE('',#11750,#11758,#11760,.T.);
#11758 = VERTEX_POINT('',#11759);
#11759 = CARTESIAN_POINT('',(122.,-43.75,1.585));
#11760 = LINE('',#11761,#11762);
#11761 = CARTESIAN_POINT('',(122.,-47.5,1.585));
#11762 = VECTOR('',#11763,1.);
#11763 = DIRECTION('',(0.,1.,0.));
#11764 = ORIENTED_EDGE('',*,*,#11765,.T.);
#11765 = EDGE_CURVE('',#11758,#11766,#11768,.T.);
#11766 = VERTEX_POINT('',#11767);
#11767 = CARTESIAN_POINT('',(122.5,-43.75,1.585));
#11768 = CIRCLE('',#11769,0.250000000003);
#11769 = AXIS2_PLACEMENT_3D('',#11770,#11771,#11772);
#11770 = CARTESIAN_POINT('',(122.25,-43.75000118974,1.585));
#11771 = DIRECTION('',(0.,0.,-1.));
#11772 = DIRECTION('',(-0.999999999989,4.758985369281E-06,0.));
#11773 = ORIENTED_EDGE('',*,*,#11774,.T.);
#11774 = EDGE_CURVE('',#11766,#11708,#11775,.T.);
#11775 = LINE('',#11776,#11777);
#11776 = CARTESIAN_POINT('',(122.5,-43.75,1.585));
#11777 = VECTOR('',#11778,1.);
#11778 = DIRECTION('',(0.,-1.,0.));
#11779 = PLANE('',#11780);
#11780 = AXIS2_PLACEMENT_3D('',#11781,#11782,#11783);
#11781 = CARTESIAN_POINT('',(0.,0.,1.585));
#11782 = DIRECTION('',(0.,0.,1.));
#11783 = DIRECTION('',(1.,0.,-0.));
#11784 = SHELL_BASED_SURFACE_MODEL('',(#11785));
#11785 = OPEN_SHELL('',(#11786));
#11786 = ADVANCED_FACE('',(#11787,#11919),#12017,.T.);
#11787 = FACE_BOUND('',#11788,.F.);
#11788 = EDGE_LOOP('',(#11789,#11799,#11807,#11816,#11824,#11832,#11840,
    #11848,#11856,#11864,#11872,#11880,#11888,#11896,#11905,#11913));
#11789 = ORIENTED_EDGE('',*,*,#11790,.T.);
#11790 = EDGE_CURVE('',#11791,#11793,#11795,.T.);
#11791 = VERTEX_POINT('',#11792);
#11792 = CARTESIAN_POINT('',(117.734031,-32.531045,1.585));
#11793 = VERTEX_POINT('',#11794);
#11794 = CARTESIAN_POINT('',(117.845255,-32.516913,1.585));
#11795 = LINE('',#11796,#11797);
#11796 = CARTESIAN_POINT('',(117.734031,-32.531045,1.585));
#11797 = VECTOR('',#11798,1.);
#11798 = DIRECTION('',(0.99202445574,0.126045544204,0.));
#11799 = ORIENTED_EDGE('',*,*,#11800,.T.);
#11800 = EDGE_CURVE('',#11793,#11801,#11803,.T.);
#11801 = VERTEX_POINT('',#11802);
#11802 = CARTESIAN_POINT('',(119.525646,-32.516913,1.585));
#11803 = LINE('',#11804,#11805);
#11804 = CARTESIAN_POINT('',(117.845255,-32.516913,1.585));
#11805 = VECTOR('',#11806,1.);
#11806 = DIRECTION('',(1.,0.,0.));
#11807 = ORIENTED_EDGE('',*,*,#11808,.T.);
#11808 = EDGE_CURVE('',#11801,#11809,#11811,.T.);
#11809 = VERTEX_POINT('',#11810);
#11810 = CARTESIAN_POINT('',(119.823622,-32.639035,1.585));
#11811 = CIRCLE('',#11812,0.415675794459);
#11812 = AXIS2_PLACEMENT_3D('',#11813,#11814,#11815);
#11813 = CARTESIAN_POINT('',(119.52930585178,-32.93257268241,1.585));
#11814 = DIRECTION('',(0.,0.,-1.));
#11815 = DIRECTION('',(-8.804582392875E-03,0.999961238913,0.));
#11816 = ORIENTED_EDGE('',*,*,#11817,.T.);
#11817 = EDGE_CURVE('',#11809,#11818,#11820,.T.);
#11818 = VERTEX_POINT('',#11819);
#11819 = CARTESIAN_POINT('',(119.88972,-32.725283,1.585));
#11820 = LINE('',#11821,#11822);
#11821 = CARTESIAN_POINT('',(119.823622,-32.639035,1.585));
#11822 = VECTOR('',#11823,1.);
#11823 = DIRECTION('',(0.608283928358,-0.793719511226,0.));
#11824 = ORIENTED_EDGE('',*,*,#11825,.T.);
#11825 = EDGE_CURVE('',#11818,#11826,#11828,.T.);
#11826 = VERTEX_POINT('',#11827);
#11827 = CARTESIAN_POINT('',(119.931603,-32.825831,1.585));
#11828 = LINE('',#11829,#11830);
#11829 = CARTESIAN_POINT('',(119.88972,-32.725283,1.585));
#11830 = VECTOR('',#11831,1.);
#11831 = DIRECTION('',(0.384521509801,-0.923116031981,0.));
#11832 = ORIENTED_EDGE('',*,*,#11833,.T.);
#11833 = EDGE_CURVE('',#11826,#11834,#11836,.T.);
#11834 = VERTEX_POINT('',#11835);
#11835 = CARTESIAN_POINT('',(119.945744,-32.937164,1.585));
#11836 = LINE('',#11837,#11838);
#11837 = CARTESIAN_POINT('',(119.931603,-32.825831,1.585));
#11838 = VECTOR('',#11839,1.);
#11839 = DIRECTION('',(0.126003019954,-0.992029857899,0.));
#11840 = ORIENTED_EDGE('',*,*,#11841,.T.);
#11841 = EDGE_CURVE('',#11834,#11842,#11844,.T.);
#11842 = VERTEX_POINT('',#11843);
#11843 = CARTESIAN_POINT('',(119.945744,-35.0375,1.585));
#11844 = LINE('',#11845,#11846);
#11845 = CARTESIAN_POINT('',(119.945744,-32.937164,1.585));
#11846 = VECTOR('',#11847,1.);
#11847 = DIRECTION('',(0.,-1.,0.));
#11848 = ORIENTED_EDGE('',*,*,#11849,.T.);
#11849 = EDGE_CURVE('',#11842,#11850,#11852,.T.);
#11850 = VERTEX_POINT('',#11851);
#11851 = CARTESIAN_POINT('',(119.658758,-35.0375,1.585));
#11852 = LINE('',#11853,#11854);
#11853 = CARTESIAN_POINT('',(119.945744,-35.0375,1.585));
#11854 = VECTOR('',#11855,1.);
#11855 = DIRECTION('',(-1.,0.,0.));
#11856 = ORIENTED_EDGE('',*,*,#11857,.T.);
#11857 = EDGE_CURVE('',#11850,#11858,#11860,.T.);
#11858 = VERTEX_POINT('',#11859);
#11859 = CARTESIAN_POINT('',(119.658758,-34.119146,1.585));
#11860 = LINE('',#11861,#11862);
#11861 = CARTESIAN_POINT('',(119.658758,-35.0375,1.585));
#11862 = VECTOR('',#11863,1.);
#11863 = DIRECTION('',(0.,1.,0.));
#11864 = ORIENTED_EDGE('',*,*,#11865,.T.);
#11865 = EDGE_CURVE('',#11858,#11866,#11868,.T.);
#11866 = VERTEX_POINT('',#11867);
#11867 = CARTESIAN_POINT('',(117.712143,-34.119146,1.585));
#11868 = LINE('',#11869,#11870);
#11869 = CARTESIAN_POINT('',(119.658758,-34.119146,1.585));
#11870 = VECTOR('',#11871,1.);
#11871 = DIRECTION('',(-1.,0.,0.));
#11872 = ORIENTED_EDGE('',*,*,#11873,.T.);
#11873 = EDGE_CURVE('',#11866,#11874,#11876,.T.);
#11874 = VERTEX_POINT('',#11875);
#11875 = CARTESIAN_POINT('',(117.712143,-35.0375,1.585));
#11876 = LINE('',#11877,#11878);
#11877 = CARTESIAN_POINT('',(117.712143,-34.119146,1.585));
#11878 = VECTOR('',#11879,1.);
#11879 = DIRECTION('',(0.,-1.,0.));
#11880 = ORIENTED_EDGE('',*,*,#11881,.T.);
#11881 = EDGE_CURVE('',#11874,#11882,#11884,.T.);
#11882 = VERTEX_POINT('',#11883);
#11883 = CARTESIAN_POINT('',(117.425157,-35.0375,1.585));
#11884 = LINE('',#11885,#11886);
#11885 = CARTESIAN_POINT('',(117.712143,-35.0375,1.585));
#11886 = VECTOR('',#11887,1.);
#11887 = DIRECTION('',(-1.,0.,0.));
#11888 = ORIENTED_EDGE('',*,*,#11889,.T.);
#11889 = EDGE_CURVE('',#11882,#11890,#11892,.T.);
#11890 = VERTEX_POINT('',#11891);
#11891 = CARTESIAN_POINT('',(117.425157,-32.937164,1.585));
#11892 = LINE('',#11893,#11894);
#11893 = CARTESIAN_POINT('',(117.425157,-35.0375,1.585));
#11894 = VECTOR('',#11895,1.);
#11895 = DIRECTION('',(0.,1.,0.));
#11896 = ORIENTED_EDGE('',*,*,#11897,.T.);
#11897 = EDGE_CURVE('',#11890,#11898,#11900,.T.);
#11898 = VERTEX_POINT('',#11899);
#11899 = CARTESIAN_POINT('',(117.547252,-32.639024,1.585));
#11900 = CIRCLE('',#11901,0.415955996003);
#11901 = AXIS2_PLACEMENT_3D('',#11902,#11903,#11904);
#11902 = CARTESIAN_POINT('',(117.84109623672,-32.93343010584,1.585));
#11903 = DIRECTION('',(0.,0.,-1.));
#11904 = DIRECTION('',(-0.999959709006,-8.976656655491E-03,-0.));
#11905 = ORIENTED_EDGE('',*,*,#11906,.T.);
#11906 = EDGE_CURVE('',#11898,#11907,#11909,.T.);
#11907 = VERTEX_POINT('',#11908);
#11908 = CARTESIAN_POINT('',(117.633375,-32.572937,1.585));
#11909 = LINE('',#11910,#11911);
#11910 = CARTESIAN_POINT('',(117.547252,-32.639024,1.585));
#11911 = VECTOR('',#11912,1.);
#11912 = DIRECTION('',(0.793342227568,0.608775911118,0.));
#11913 = ORIENTED_EDGE('',*,*,#11914,.T.);
#11914 = EDGE_CURVE('',#11907,#11791,#11915,.T.);
#11915 = LINE('',#11916,#11917);
#11916 = CARTESIAN_POINT('',(117.633375,-32.572937,1.585));
#11917 = VECTOR('',#11918,1.);
#11918 = DIRECTION('',(0.923233153518,0.384240216849,0.));
#11919 = FACE_BOUND('',#11920,.F.);
#11920 = EDGE_LOOP('',(#11921,#11931,#11939,#11947,#11955,#11963,#11971,
    #11979,#11987,#11995,#12003,#12011));
#11921 = ORIENTED_EDGE('',*,*,#11922,.T.);
#11922 = EDGE_CURVE('',#11923,#11925,#11927,.T.);
#11923 = VERTEX_POINT('',#11924);
#11924 = CARTESIAN_POINT('',(119.574466,-32.814159,1.585));
#11925 = VERTEX_POINT('',#11926);
#11926 = CARTESIAN_POINT('',(119.522746,-32.804204,1.585));
#11927 = LINE('',#11928,#11929);
#11928 = CARTESIAN_POINT('',(119.574466,-32.814159,1.585));
#11929 = VECTOR('',#11930,1.);
#11930 = DIRECTION('',(-0.981975286219,0.189009357585,0.));
#11931 = ORIENTED_EDGE('',*,*,#11932,.T.);
#11932 = EDGE_CURVE('',#11925,#11933,#11935,.T.);
#11933 = VERTEX_POINT('',#11934);
#11934 = CARTESIAN_POINT('',(117.848156,-32.804204,1.585));
#11935 = LINE('',#11936,#11937);
#11936 = CARTESIAN_POINT('',(119.522746,-32.804204,1.585));
#11937 = VECTOR('',#11938,1.);
#11938 = DIRECTION('',(-1.,0.,0.));
#11939 = ORIENTED_EDGE('',*,*,#11940,.T.);
#11940 = EDGE_CURVE('',#11933,#11941,#11943,.T.);
#11941 = VERTEX_POINT('',#11942);
#11942 = CARTESIAN_POINT('',(117.796304,-32.814166,1.585));
#11943 = LINE('',#11944,#11945);
#11944 = CARTESIAN_POINT('',(117.848156,-32.804204,1.585));
#11945 = VECTOR('',#11946,1.);
#11946 = DIRECTION('',(-0.982039933264,-0.188673181655,0.));
#11947 = ORIENTED_EDGE('',*,*,#11948,.T.);
#11948 = EDGE_CURVE('',#11941,#11949,#11951,.T.);
#11949 = VERTEX_POINT('',#11950);
#11950 = CARTESIAN_POINT('',(117.752138,-32.844199,1.585));
#11951 = LINE('',#11952,#11953);
#11952 = CARTESIAN_POINT('',(117.796304,-32.814166,1.585));
#11953 = VECTOR('',#11954,1.);
#11954 = DIRECTION('',(-0.826925457342,-0.562311557768,0.));
#11955 = ORIENTED_EDGE('',*,*,#11956,.T.);
#11956 = EDGE_CURVE('',#11949,#11957,#11959,.T.);
#11957 = VERTEX_POINT('',#11958);
#11958 = CARTESIAN_POINT('',(117.72211,-32.888238,1.585));
#11959 = LINE('',#11960,#11961);
#11960 = CARTESIAN_POINT('',(117.752138,-32.844199,1.585));
#11961 = VECTOR('',#11962,1.);
#11962 = DIRECTION('',(-0.56335487104,-0.826215038156,0.));
#11963 = ORIENTED_EDGE('',*,*,#11964,.T.);
#11964 = EDGE_CURVE('',#11957,#11965,#11967,.T.);
#11965 = VERTEX_POINT('',#11966);
#11966 = CARTESIAN_POINT('',(117.712143,-32.940064,1.585));
#11967 = LINE('',#11968,#11969);
#11968 = CARTESIAN_POINT('',(117.72211,-32.888238,1.585));
#11969 = VECTOR('',#11970,1.);
#11970 = DIRECTION('',(-0.188855827039,-0.982004825137,0.));
#11971 = ORIENTED_EDGE('',*,*,#11972,.T.);
#11972 = EDGE_CURVE('',#11965,#11973,#11975,.T.);
#11973 = VERTEX_POINT('',#11974);
#11974 = CARTESIAN_POINT('',(117.712143,-33.831856,1.585));
#11975 = LINE('',#11976,#11977);
#11976 = CARTESIAN_POINT('',(117.712143,-32.940064,1.585));
#11977 = VECTOR('',#11978,1.);
#11978 = DIRECTION('',(0.,-1.,0.));
#11979 = ORIENTED_EDGE('',*,*,#11980,.T.);
#11980 = EDGE_CURVE('',#11973,#11981,#11983,.T.);
#11981 = VERTEX_POINT('',#11982);
#11982 = CARTESIAN_POINT('',(119.658758,-33.831856,1.585));
#11983 = LINE('',#11984,#11985);
#11984 = CARTESIAN_POINT('',(117.712143,-33.831856,1.585));
#11985 = VECTOR('',#11986,1.);
#11986 = DIRECTION('',(1.,0.,0.));
#11987 = ORIENTED_EDGE('',*,*,#11988,.T.);
#11988 = EDGE_CURVE('',#11981,#11989,#11991,.T.);
#11989 = VERTEX_POINT('',#11990);
#11990 = CARTESIAN_POINT('',(119.658758,-32.940064,1.585));
#11991 = LINE('',#11992,#11993);
#11992 = CARTESIAN_POINT('',(119.658758,-33.831856,1.585));
#11993 = VECTOR('',#11994,1.);
#11994 = DIRECTION('',(0.,1.,0.));
#11995 = ORIENTED_EDGE('',*,*,#11996,.T.);
#11996 = EDGE_CURVE('',#11989,#11997,#11999,.T.);
#11997 = VERTEX_POINT('',#11998);
#11998 = CARTESIAN_POINT('',(119.648758,-32.88825,1.585));
#11999 = LINE('',#12000,#12001);
#12000 = CARTESIAN_POINT('',(119.658758,-32.940064,1.585));
#12001 = VECTOR('',#12002,1.);
#12002 = DIRECTION('',(-0.189501008646,0.981880526196,0.));
#12003 = ORIENTED_EDGE('',*,*,#12004,.T.);
#12004 = EDGE_CURVE('',#11997,#12005,#12007,.T.);
#12005 = VERTEX_POINT('',#12006);
#12006 = CARTESIAN_POINT('',(119.618611,-32.844199,1.585));
#12007 = LINE('',#12008,#12009);
#12008 = CARTESIAN_POINT('',(119.648758,-32.88825,1.585));
#12009 = VECTOR('',#12010,1.);
#12010 = DIRECTION('',(-0.564771219528,0.825247520198,0.));
#12011 = ORIENTED_EDGE('',*,*,#12012,.T.);
#12012 = EDGE_CURVE('',#12005,#11923,#12013,.T.);
#12013 = LINE('',#12014,#12015);
#12014 = CARTESIAN_POINT('',(119.618611,-32.844199,1.585));
#12015 = VECTOR('',#12016,1.);
#12016 = DIRECTION('',(-0.826740100396,0.562584043853,0.));
#12017 = PLANE('',#12018);
#12018 = AXIS2_PLACEMENT_3D('',#12019,#12020,#12021);
#12019 = CARTESIAN_POINT('',(0.,0.,1.585));
#12020 = DIRECTION('',(0.,0.,1.));
#12021 = DIRECTION('',(1.,0.,-0.));
#12022 = SHELL_BASED_SURFACE_MODEL('',(#12023));
#12023 = OPEN_SHELL('',(#12024));
#12024 = ADVANCED_FACE('',(#12025),#12172,.T.);
#12025 = FACE_BOUND('',#12026,.F.);
#12026 = EDGE_LOOP('',(#12027,#12037,#12045,#12053,#12061,#12069,#12077,
    #12085,#12093,#12101,#12109,#12117,#12125,#12133,#12141,#12150,
    #12158,#12166));
#12027 = ORIENTED_EDGE('',*,*,#12028,.T.);
#12028 = EDGE_CURVE('',#12029,#12031,#12033,.T.);
#12029 = VERTEX_POINT('',#12030);
#12030 = CARTESIAN_POINT('',(120.331647,-34.613738,1.585));
#12031 = VERTEX_POINT('',#12032);
#12032 = CARTESIAN_POINT('',(120.331647,-32.341058,1.585));
#12033 = LINE('',#12034,#12035);
#12034 = CARTESIAN_POINT('',(120.331647,-34.613738,1.585));
#12035 = VECTOR('',#12036,1.);
#12036 = DIRECTION('',(0.,1.,0.));
#12037 = ORIENTED_EDGE('',*,*,#12038,.T.);
#12038 = EDGE_CURVE('',#12031,#12039,#12041,.T.);
#12039 = VERTEX_POINT('',#12040);
#12040 = CARTESIAN_POINT('',(120.618633,-32.341058,1.585));
#12041 = LINE('',#12042,#12043);
#12042 = CARTESIAN_POINT('',(120.331647,-32.341058,1.585));
#12043 = VECTOR('',#12044,1.);
#12044 = DIRECTION('',(1.,0.,0.));
#12045 = ORIENTED_EDGE('',*,*,#12046,.T.);
#12046 = EDGE_CURVE('',#12039,#12047,#12049,.T.);
#12047 = VERTEX_POINT('',#12048);
#12048 = CARTESIAN_POINT('',(120.618633,-33.005399,1.585));
#12049 = LINE('',#12050,#12051);
#12050 = CARTESIAN_POINT('',(120.618633,-32.341058,1.585));
#12051 = VECTOR('',#12052,1.);
#12052 = DIRECTION('',(0.,-1.,0.));
#12053 = ORIENTED_EDGE('',*,*,#12054,.T.);
#12054 = EDGE_CURVE('',#12047,#12055,#12057,.T.);
#12055 = VERTEX_POINT('',#12056);
#12056 = CARTESIAN_POINT('',(121.499128,-33.005399,1.585));
#12057 = LINE('',#12058,#12059);
#12058 = CARTESIAN_POINT('',(120.618633,-33.005399,1.585));
#12059 = VECTOR('',#12060,1.);
#12060 = DIRECTION('',(1.,0.,0.));
#12061 = ORIENTED_EDGE('',*,*,#12062,.T.);
#12062 = EDGE_CURVE('',#12055,#12063,#12065,.T.);
#12063 = VERTEX_POINT('',#12064);
#12064 = CARTESIAN_POINT('',(121.499128,-33.29269,1.585));
#12065 = LINE('',#12066,#12067);
#12066 = CARTESIAN_POINT('',(121.499128,-33.005399,1.585));
#12067 = VECTOR('',#12068,1.);
#12068 = DIRECTION('',(0.,-1.,0.));
#12069 = ORIENTED_EDGE('',*,*,#12070,.T.);
#12070 = EDGE_CURVE('',#12063,#12071,#12073,.T.);
#12071 = VERTEX_POINT('',#12072);
#12072 = CARTESIAN_POINT('',(120.618633,-33.29269,1.585));
#12073 = LINE('',#12074,#12075);
#12074 = CARTESIAN_POINT('',(121.499128,-33.29269,1.585));
#12075 = VECTOR('',#12076,1.);
#12076 = DIRECTION('',(-1.,0.,0.));
#12077 = ORIENTED_EDGE('',*,*,#12078,.T.);
#12078 = EDGE_CURVE('',#12071,#12079,#12081,.T.);
#12079 = VERTEX_POINT('',#12080);
#12080 = CARTESIAN_POINT('',(120.618633,-34.613586,1.585));
#12081 = LINE('',#12082,#12083);
#12082 = CARTESIAN_POINT('',(120.618633,-33.29269,1.585));
#12083 = VECTOR('',#12084,1.);
#12084 = DIRECTION('',(0.,-1.,0.));
#12085 = ORIENTED_EDGE('',*,*,#12086,.T.);
#12086 = EDGE_CURVE('',#12079,#12087,#12089,.T.);
#12087 = VERTEX_POINT('',#12088);
#12088 = CARTESIAN_POINT('',(120.628663,-34.665571,1.585));
#12089 = LINE('',#12090,#12091);
#12090 = CARTESIAN_POINT('',(120.618633,-34.613586,1.585));
#12091 = VECTOR('',#12092,1.);
#12092 = DIRECTION('',(0.189446330782,-0.981891077337,0.));
#12093 = ORIENTED_EDGE('',*,*,#12094,.T.);
#12094 = EDGE_CURVE('',#12087,#12095,#12097,.T.);
#12095 = VERTEX_POINT('',#12096);
#12096 = CARTESIAN_POINT('',(120.658933,-34.709909,1.585));
#12097 = LINE('',#12098,#12099);
#12098 = CARTESIAN_POINT('',(120.628663,-34.665571,1.585));
#12099 = VECTOR('',#12100,1.);
#12100 = DIRECTION('',(0.563839570743,-0.825884337219,0.));
#12101 = ORIENTED_EDGE('',*,*,#12102,.T.);
#12102 = EDGE_CURVE('',#12095,#12103,#12105,.T.);
#12103 = VERTEX_POINT('',#12104);
#12104 = CARTESIAN_POINT('',(120.703397,-34.740183,1.585));
#12105 = LINE('',#12106,#12107);
#12106 = CARTESIAN_POINT('',(120.658933,-34.709909,1.585));
#12107 = VECTOR('',#12108,1.);
#12108 = DIRECTION('',(0.826593727422,-0.562799084742,0.));
#12109 = ORIENTED_EDGE('',*,*,#12110,.T.);
#12110 = EDGE_CURVE('',#12103,#12111,#12113,.T.);
#12111 = VERTEX_POINT('',#12112);
#12112 = CARTESIAN_POINT('',(120.755409,-34.750209,1.585));
#12113 = LINE('',#12114,#12115);
#12114 = CARTESIAN_POINT('',(120.703397,-34.740183,1.585));
#12115 = VECTOR('',#12116,1.);
#12116 = DIRECTION('',(0.981923404093,-0.189278705865,0.));
#12117 = ORIENTED_EDGE('',*,*,#12118,.T.);
#12118 = EDGE_CURVE('',#12111,#12119,#12121,.T.);
#12119 = VERTEX_POINT('',#12120);
#12120 = CARTESIAN_POINT('',(121.499128,-34.750209,1.585));
#12121 = LINE('',#12122,#12123);
#12122 = CARTESIAN_POINT('',(120.755409,-34.750209,1.585));
#12123 = VECTOR('',#12124,1.);
#12124 = DIRECTION('',(1.,0.,0.));
#12125 = ORIENTED_EDGE('',*,*,#12126,.T.);
#12126 = EDGE_CURVE('',#12119,#12127,#12129,.T.);
#12127 = VERTEX_POINT('',#12128);
#12128 = CARTESIAN_POINT('',(121.499128,-35.0375,1.585));
#12129 = LINE('',#12130,#12131);
#12130 = CARTESIAN_POINT('',(121.499128,-34.750209,1.585));
#12131 = VECTOR('',#12132,1.);
#12132 = DIRECTION('',(0.,-1.,0.));
#12133 = ORIENTED_EDGE('',*,*,#12134,.T.);
#12134 = EDGE_CURVE('',#12127,#12135,#12137,.T.);
#12135 = VERTEX_POINT('',#12136);
#12136 = CARTESIAN_POINT('',(120.755867,-35.0375,1.585));
#12137 = LINE('',#12138,#12139);
#12138 = CARTESIAN_POINT('',(121.499128,-35.0375,1.585));
#12139 = VECTOR('',#12140,1.);
#12140 = DIRECTION('',(-1.,0.,0.));
#12141 = ORIENTED_EDGE('',*,*,#12142,.T.);
#12142 = EDGE_CURVE('',#12135,#12143,#12145,.T.);
#12143 = VERTEX_POINT('',#12144);
#12144 = CARTESIAN_POINT('',(120.453812,-34.912253,1.585));
#12145 = CIRCLE('',#12146,0.414866992541);
#12146 = AXIS2_PLACEMENT_3D('',#12147,#12148,#12149);
#12147 = CARTESIAN_POINT('',(120.75088473543,-34.6226629253,1.585));
#12148 = DIRECTION('',(0.,0.,-1.));
#12149 = DIRECTION('',(1.200930576267E-02,-0.999927885687,0.));
#12150 = ORIENTED_EDGE('',*,*,#12151,.T.);
#12151 = EDGE_CURVE('',#12143,#12152,#12154,.T.);
#12152 = VERTEX_POINT('',#12153);
#12153 = CARTESIAN_POINT('',(120.387671,-34.825619,1.585));
#12154 = LINE('',#12155,#12156);
#12155 = CARTESIAN_POINT('',(120.453812,-34.912253,1.585));
#12156 = VECTOR('',#12157,1.);
#12157 = DIRECTION('',(-0.60682161316,0.794838052563,0.));
#12158 = ORIENTED_EDGE('',*,*,#12159,.T.);
#12159 = EDGE_CURVE('',#12152,#12160,#12162,.T.);
#12160 = VERTEX_POINT('',#12161);
#12161 = CARTESIAN_POINT('',(120.345779,-34.724962,1.585));
#12162 = LINE('',#12163,#12164);
#12163 = CARTESIAN_POINT('',(120.387671,-34.825619,1.585));
#12164 = VECTOR('',#12165,1.);
#12165 = DIRECTION('',(-0.384236963111,0.923234507684,0.));
#12166 = ORIENTED_EDGE('',*,*,#12167,.T.);
#12167 = EDGE_CURVE('',#12160,#12029,#12168,.T.);
#12168 = LINE('',#12169,#12170);
#12169 = CARTESIAN_POINT('',(120.345779,-34.724962,1.585));
#12170 = VECTOR('',#12171,1.);
#12171 = DIRECTION('',(-0.126045544204,0.99202445574,0.));
#12172 = PLANE('',#12173);
#12173 = AXIS2_PLACEMENT_3D('',#12174,#12175,#12176);
#12174 = CARTESIAN_POINT('',(0.,0.,1.585));
#12175 = DIRECTION('',(0.,0.,1.));
#12176 = DIRECTION('',(1.,0.,-0.));
#12177 = SHELL_BASED_SURFACE_MODEL('',(#12178));
#12178 = OPEN_SHELL('',(#12179));
#12179 = ADVANCED_FACE('',(#12180),#12327,.T.);
#12180 = FACE_BOUND('',#12181,.F.);
#12181 = EDGE_LOOP('',(#12182,#12192,#12200,#12208,#12216,#12224,#12232,
    #12240,#12248,#12256,#12264,#12272,#12280,#12288,#12296,#12305,
    #12313,#12321));
#12182 = ORIENTED_EDGE('',*,*,#12183,.T.);
#12183 = EDGE_CURVE('',#12184,#12186,#12188,.T.);
#12184 = VERTEX_POINT('',#12185);
#12185 = CARTESIAN_POINT('',(121.765353,-34.613738,1.585));
#12186 = VERTEX_POINT('',#12187);
#12187 = CARTESIAN_POINT('',(121.765353,-32.341058,1.585));
#12188 = LINE('',#12189,#12190);
#12189 = CARTESIAN_POINT('',(121.765353,-34.613738,1.585));
#12190 = VECTOR('',#12191,1.);
#12191 = DIRECTION('',(0.,1.,0.));
#12192 = ORIENTED_EDGE('',*,*,#12193,.T.);
#12193 = EDGE_CURVE('',#12186,#12194,#12196,.T.);
#12194 = VERTEX_POINT('',#12195);
#12195 = CARTESIAN_POINT('',(122.052338,-32.341058,1.585));
#12196 = LINE('',#12197,#12198);
#12197 = CARTESIAN_POINT('',(121.765353,-32.341058,1.585));
#12198 = VECTOR('',#12199,1.);
#12199 = DIRECTION('',(1.,0.,0.));
#12200 = ORIENTED_EDGE('',*,*,#12201,.T.);
#12201 = EDGE_CURVE('',#12194,#12202,#12204,.T.);
#12202 = VERTEX_POINT('',#12203);
#12203 = CARTESIAN_POINT('',(122.052338,-33.005399,1.585));
#12204 = LINE('',#12205,#12206);
#12205 = CARTESIAN_POINT('',(122.052338,-32.341058,1.585));
#12206 = VECTOR('',#12207,1.);
#12207 = DIRECTION('',(0.,-1.,0.));
#12208 = ORIENTED_EDGE('',*,*,#12209,.T.);
#12209 = EDGE_CURVE('',#12202,#12210,#12212,.T.);
#12210 = VERTEX_POINT('',#12211);
#12211 = CARTESIAN_POINT('',(122.932834,-33.005399,1.585));
#12212 = LINE('',#12213,#12214);
#12213 = CARTESIAN_POINT('',(122.052338,-33.005399,1.585));
#12214 = VECTOR('',#12215,1.);
#12215 = DIRECTION('',(1.,0.,0.));
#12216 = ORIENTED_EDGE('',*,*,#12217,.T.);
#12217 = EDGE_CURVE('',#12210,#12218,#12220,.T.);
#12218 = VERTEX_POINT('',#12219);
#12219 = CARTESIAN_POINT('',(122.932834,-33.29269,1.585));
#12220 = LINE('',#12221,#12222);
#12221 = CARTESIAN_POINT('',(122.932834,-33.005399,1.585));
#12222 = VECTOR('',#12223,1.);
#12223 = DIRECTION('',(0.,-1.,0.));
#12224 = ORIENTED_EDGE('',*,*,#12225,.T.);
#12225 = EDGE_CURVE('',#12218,#12226,#12228,.T.);
#12226 = VERTEX_POINT('',#12227);
#12227 = CARTESIAN_POINT('',(122.052338,-33.29269,1.585));
#12228 = LINE('',#12229,#12230);
#12229 = CARTESIAN_POINT('',(122.932834,-33.29269,1.585));
#12230 = VECTOR('',#12231,1.);
#12231 = DIRECTION('',(-1.,0.,0.));
#12232 = ORIENTED_EDGE('',*,*,#12233,.T.);
#12233 = EDGE_CURVE('',#12226,#12234,#12236,.T.);
#12234 = VERTEX_POINT('',#12235);
#12235 = CARTESIAN_POINT('',(122.052338,-34.613586,1.585));
#12236 = LINE('',#12237,#12238);
#12237 = CARTESIAN_POINT('',(122.052338,-33.29269,1.585));
#12238 = VECTOR('',#12239,1.);
#12239 = DIRECTION('',(0.,-1.,0.));
#12240 = ORIENTED_EDGE('',*,*,#12241,.T.);
#12241 = EDGE_CURVE('',#12234,#12242,#12244,.T.);
#12242 = VERTEX_POINT('',#12243);
#12243 = CARTESIAN_POINT('',(122.062369,-34.665571,1.585));
#12244 = LINE('',#12245,#12246);
#12245 = CARTESIAN_POINT('',(122.052338,-34.613586,1.585));
#12246 = VECTOR('',#12247,1.);
#12247 = DIRECTION('',(0.189464540766,-0.981887563722,0.));
#12248 = ORIENTED_EDGE('',*,*,#12249,.T.);
#12249 = EDGE_CURVE('',#12242,#12250,#12252,.T.);
#12250 = VERTEX_POINT('',#12251);
#12251 = CARTESIAN_POINT('',(122.092638,-34.709909,1.585));
#12252 = LINE('',#12253,#12254);
#12253 = CARTESIAN_POINT('',(122.062369,-34.665571,1.585));
#12254 = VECTOR('',#12255,1.);
#12255 = DIRECTION('',(0.563826865341,-0.825893011183,0.));
#12256 = ORIENTED_EDGE('',*,*,#12257,.T.);
#12257 = EDGE_CURVE('',#12250,#12258,#12260,.T.);
#12258 = VERTEX_POINT('',#12259);
#12259 = CARTESIAN_POINT('',(122.137102,-34.740183,1.585));
#12260 = LINE('',#12261,#12262);
#12261 = CARTESIAN_POINT('',(122.092638,-34.709909,1.585));
#12262 = VECTOR('',#12263,1.);
#12263 = DIRECTION('',(0.826593727422,-0.562799084742,0.));
#12264 = ORIENTED_EDGE('',*,*,#12265,.T.);
#12265 = EDGE_CURVE('',#12258,#12266,#12268,.T.);
#12266 = VERTEX_POINT('',#12267);
#12267 = CARTESIAN_POINT('',(122.189114,-34.750209,1.585));
#12268 = LINE('',#12269,#12270);
#12269 = CARTESIAN_POINT('',(122.137102,-34.740183,1.585));
#12270 = VECTOR('',#12271,1.);
#12271 = DIRECTION('',(0.981923404093,-0.189278705865,0.));
#12272 = ORIENTED_EDGE('',*,*,#12273,.T.);
#12273 = EDGE_CURVE('',#12266,#12274,#12276,.T.);
#12274 = VERTEX_POINT('',#12275);
#12275 = CARTESIAN_POINT('',(122.932834,-34.750209,1.585));
#12276 = LINE('',#12277,#12278);
#12277 = CARTESIAN_POINT('',(122.189114,-34.750209,1.585));
#12278 = VECTOR('',#12279,1.);
#12279 = DIRECTION('',(1.,0.,0.));
#12280 = ORIENTED_EDGE('',*,*,#12281,.T.);
#12281 = EDGE_CURVE('',#12274,#12282,#12284,.T.);
#12282 = VERTEX_POINT('',#12283);
#12283 = CARTESIAN_POINT('',(122.932834,-35.0375,1.585));
#12284 = LINE('',#12285,#12286);
#12285 = CARTESIAN_POINT('',(122.932834,-34.750209,1.585));
#12286 = VECTOR('',#12287,1.);
#12287 = DIRECTION('',(0.,-1.,0.));
#12288 = ORIENTED_EDGE('',*,*,#12289,.T.);
#12289 = EDGE_CURVE('',#12282,#12290,#12292,.T.);
#12290 = VERTEX_POINT('',#12291);
#12291 = CARTESIAN_POINT('',(122.189572,-35.0375,1.585));
#12292 = LINE('',#12293,#12294);
#12293 = CARTESIAN_POINT('',(122.932834,-35.0375,1.585));
#12294 = VECTOR('',#12295,1.);
#12295 = DIRECTION('',(-1.,0.,0.));
#12296 = ORIENTED_EDGE('',*,*,#12297,.T.);
#12297 = EDGE_CURVE('',#12290,#12298,#12300,.T.);
#12298 = VERTEX_POINT('',#12299);
#12299 = CARTESIAN_POINT('',(121.887517,-34.912253,1.585));
#12300 = CIRCLE('',#12301,0.414870312676);
#12301 = AXIS2_PLACEMENT_3D('',#12302,#12303,#12304);
#12302 = CARTESIAN_POINT('',(122.18459111911,-34.62265958831,1.585));
#12303 = DIRECTION('',(0.,0.,-1.));
#12304 = DIRECTION('',(1.200587443827E-02,-0.999927926892,0.));
#12305 = ORIENTED_EDGE('',*,*,#12306,.T.);
#12306 = EDGE_CURVE('',#12298,#12307,#12309,.T.);
#12307 = VERTEX_POINT('',#12308);
#12308 = CARTESIAN_POINT('',(121.821376,-34.825619,1.585));
#12309 = LINE('',#12310,#12311);
#12310 = CARTESIAN_POINT('',(121.887517,-34.912253,1.585));
#12311 = VECTOR('',#12312,1.);
#12312 = DIRECTION('',(-0.60682161316,0.794838052563,0.));
#12313 = ORIENTED_EDGE('',*,*,#12314,.T.);
#12314 = EDGE_CURVE('',#12307,#12315,#12317,.T.);
#12315 = VERTEX_POINT('',#12316);
#12316 = CARTESIAN_POINT('',(121.779485,-34.724962,1.585));
#12317 = LINE('',#12318,#12319);
#12318 = CARTESIAN_POINT('',(121.821376,-34.825619,1.585));
#12319 = VECTOR('',#12320,1.);
#12320 = DIRECTION('',(-0.384229145134,0.923237761375,0.));
#12321 = ORIENTED_EDGE('',*,*,#12322,.T.);
#12322 = EDGE_CURVE('',#12315,#12184,#12323,.T.);
#12323 = LINE('',#12324,#12325);
#12324 = CARTESIAN_POINT('',(121.779485,-34.724962,1.585));
#12325 = VECTOR('',#12326,1.);
#12326 = DIRECTION('',(-0.126045544204,0.99202445574,0.));
#12327 = PLANE('',#12328);
#12328 = AXIS2_PLACEMENT_3D('',#12329,#12330,#12331);
#12329 = CARTESIAN_POINT('',(0.,0.,1.585));
#12330 = DIRECTION('',(0.,0.,1.));
#12331 = DIRECTION('',(1.,0.,-0.));
#12332 = SHELL_BASED_SURFACE_MODEL('',(#12333));
#12333 = OPEN_SHELL('',(#12334));
#12334 = ADVANCED_FACE('',(#12335,#12532),#12630,.T.);
#12335 = FACE_BOUND('',#12336,.F.);
#12336 = EDGE_LOOP('',(#12337,#12347,#12355,#12363,#12372,#12380,#12388,
    #12396,#12404,#12412,#12420,#12428,#12436,#12444,#12452,#12460,
    #12468,#12476,#12484,#12493,#12501,#12509,#12517,#12526));
#12337 = ORIENTED_EDGE('',*,*,#12338,.T.);
#12338 = EDGE_CURVE('',#12339,#12341,#12343,.T.);
#12339 = VERTEX_POINT('',#12340);
#12340 = CARTESIAN_POINT('',(123.501306,-33.019958,1.585));
#12341 = VERTEX_POINT('',#12342);
#12342 = CARTESIAN_POINT('',(123.612134,-33.005399,1.585));
#12343 = LINE('',#12344,#12345);
#12344 = CARTESIAN_POINT('',(123.501306,-33.019958,1.585));
#12345 = VECTOR('',#12346,1.);
#12346 = DIRECTION('',(0.991481617617,0.13024669642,0.));
#12347 = ORIENTED_EDGE('',*,*,#12348,.T.);
#12348 = EDGE_CURVE('',#12341,#12349,#12351,.T.);
#12349 = VERTEX_POINT('',#12350);
#12350 = CARTESIAN_POINT('',(124.828158,-33.005399,1.585));
#12351 = LINE('',#12352,#12353);
#12352 = CARTESIAN_POINT('',(123.612134,-33.005399,1.585));
#12353 = VECTOR('',#12354,1.);
#12354 = DIRECTION('',(1.,0.,0.));
#12355 = ORIENTED_EDGE('',*,*,#12356,.T.);
#12356 = EDGE_CURVE('',#12349,#12357,#12359,.T.);
#12357 = VERTEX_POINT('',#12358);
#12358 = CARTESIAN_POINT('',(124.941879,-33.020029,1.585));
#12359 = LINE('',#12360,#12361);
#12360 = CARTESIAN_POINT('',(124.828158,-33.005399,1.585));
#12361 = VECTOR('',#12362,1.);
#12362 = DIRECTION('',(0.991826143904,-0.1275966311,0.));
#12363 = ORIENTED_EDGE('',*,*,#12364,.T.);
#12364 = EDGE_CURVE('',#12357,#12365,#12367,.T.);
#12365 = VERTEX_POINT('',#12366);
#12366 = CARTESIAN_POINT('',(125.19666,-33.216822,1.585));
#12367 = CIRCLE('',#12368,0.432371649);
#12368 = AXIS2_PLACEMENT_3D('',#12369,#12370,#12371);
#12369 = CARTESIAN_POINT('',(124.82396565221,-33.43601179444,1.585));
#12370 = DIRECTION('',(0.,0.,-1.));
#12371 = DIRECTION('',(0.272712949745,0.96209544591,0.));
#12372 = ORIENTED_EDGE('',*,*,#12373,.T.);
#12373 = EDGE_CURVE('',#12365,#12374,#12376,.T.);
#12374 = VERTEX_POINT('',#12375);
#12375 = CARTESIAN_POINT('',(125.239839,-33.317407,1.585));
#12376 = LINE('',#12377,#12378);
#12377 = CARTESIAN_POINT('',(125.19666,-33.216822,1.585));
#12378 = VECTOR('',#12379,1.);
#12379 = DIRECTION('',(0.39446831247,-0.918909544219,0.));
#12380 = ORIENTED_EDGE('',*,*,#12381,.T.);
#12381 = EDGE_CURVE('',#12374,#12382,#12384,.T.);
#12382 = VERTEX_POINT('',#12383);
#12383 = CARTESIAN_POINT('',(125.254362,-33.428244,1.585));
#12384 = LINE('',#12385,#12386);
#12385 = CARTESIAN_POINT('',(125.239839,-33.317407,1.585));
#12386 = VECTOR('',#12387,1.);
#12387 = DIRECTION('',(0.129919707086,-0.991524517957,0.));
#12388 = ORIENTED_EDGE('',*,*,#12389,.T.);
#12389 = EDGE_CURVE('',#12382,#12390,#12392,.T.);
#12390 = VERTEX_POINT('',#12391);
#12391 = CARTESIAN_POINT('',(125.254362,-34.162194,1.585));
#12392 = LINE('',#12393,#12394);
#12393 = CARTESIAN_POINT('',(125.254362,-33.428244,1.585));
#12394 = VECTOR('',#12395,1.);
#12395 = DIRECTION('',(0.,-1.,0.));
#12396 = ORIENTED_EDGE('',*,*,#12397,.T.);
#12397 = EDGE_CURVE('',#12390,#12398,#12400,.T.);
#12398 = VERTEX_POINT('',#12399);
#12399 = CARTESIAN_POINT('',(123.476274,-34.162194,1.585));
#12400 = LINE('',#12401,#12402);
#12401 = CARTESIAN_POINT('',(125.254362,-34.162194,1.585));
#12402 = VECTOR('',#12403,1.);
#12403 = DIRECTION('',(-1.,0.,0.));
#12404 = ORIENTED_EDGE('',*,*,#12405,.T.);
#12405 = EDGE_CURVE('',#12398,#12406,#12408,.T.);
#12406 = VERTEX_POINT('',#12407);
#12407 = CARTESIAN_POINT('',(123.476274,-34.612975,1.585));
#12408 = LINE('',#12409,#12410);
#12409 = CARTESIAN_POINT('',(123.476274,-34.162194,1.585));
#12410 = VECTOR('',#12411,1.);
#12411 = DIRECTION('',(0.,-1.,0.));
#12412 = ORIENTED_EDGE('',*,*,#12413,.T.);
#12413 = EDGE_CURVE('',#12406,#12414,#12416,.T.);
#12414 = VERTEX_POINT('',#12415);
#12415 = CARTESIAN_POINT('',(123.486269,-34.665156,1.585));
#12416 = LINE('',#12417,#12418);
#12417 = CARTESIAN_POINT('',(123.476274,-34.612975,1.585));
#12418 = VECTOR('',#12419,1.);
#12419 = DIRECTION('',(0.188124807432,-0.982145130227,0.));
#12420 = ORIENTED_EDGE('',*,*,#12421,.T.);
#12421 = EDGE_CURVE('',#12414,#12422,#12424,.T.);
#12422 = VERTEX_POINT('',#12423);
#12423 = CARTESIAN_POINT('',(123.516421,-34.709756,1.585));
#12424 = LINE('',#12425,#12426);
#12425 = CARTESIAN_POINT('',(123.486269,-34.665156,1.585));
#12426 = VECTOR('',#12427,1.);
#12427 = DIRECTION('',(0.560072467085,-0.828443620057,0.));
#12428 = ORIENTED_EDGE('',*,*,#12429,.T.);
#12429 = EDGE_CURVE('',#12422,#12430,#12432,.T.);
#12430 = VERTEX_POINT('',#12431);
#12431 = CARTESIAN_POINT('',(123.560749,-34.740152,1.585));
#12432 = LINE('',#12433,#12434);
#12433 = CARTESIAN_POINT('',(123.516421,-34.709756,1.585));
#12434 = VECTOR('',#12435,1.);
#12435 = DIRECTION('',(0.824731827016,-0.565524016738,0.));
#12436 = ORIENTED_EDGE('',*,*,#12437,.T.);
#12437 = EDGE_CURVE('',#12430,#12438,#12440,.T.);
#12438 = VERTEX_POINT('',#12439);
#12439 = CARTESIAN_POINT('',(123.612592,-34.750209,1.585));
#12440 = LINE('',#12441,#12442);
#12441 = CARTESIAN_POINT('',(123.560749,-34.740152,1.585));
#12442 = VECTOR('',#12443,1.);
#12443 = DIRECTION('',(0.981698965717,-0.190439336038,0.));
#12444 = ORIENTED_EDGE('',*,*,#12445,.T.);
#12445 = EDGE_CURVE('',#12438,#12446,#12448,.T.);
#12446 = VERTEX_POINT('',#12447);
#12447 = CARTESIAN_POINT('',(125.254362,-34.750209,1.585));
#12448 = LINE('',#12449,#12450);
#12449 = CARTESIAN_POINT('',(123.612592,-34.750209,1.585));
#12450 = VECTOR('',#12451,1.);
#12451 = DIRECTION('',(1.,0.,0.));
#12452 = ORIENTED_EDGE('',*,*,#12453,.T.);
#12453 = EDGE_CURVE('',#12446,#12454,#12456,.T.);
#12454 = VERTEX_POINT('',#12455);
#12455 = CARTESIAN_POINT('',(125.254362,-35.0375,1.585));
#12456 = LINE('',#12457,#12458);
#12457 = CARTESIAN_POINT('',(125.254362,-34.750209,1.585));
#12458 = VECTOR('',#12459,1.);
#12459 = DIRECTION('',(0.,-1.,0.));
#12460 = ORIENTED_EDGE('',*,*,#12461,.T.);
#12461 = EDGE_CURVE('',#12454,#12462,#12464,.T.);
#12462 = VERTEX_POINT('',#12463);
#12463 = CARTESIAN_POINT('',(123.612134,-35.0375,1.585));
#12464 = LINE('',#12465,#12466);
#12465 = CARTESIAN_POINT('',(125.254362,-35.0375,1.585));
#12466 = VECTOR('',#12467,1.);
#12467 = DIRECTION('',(-1.,0.,0.));
#12468 = ORIENTED_EDGE('',*,*,#12469,.T.);
#12469 = EDGE_CURVE('',#12462,#12470,#12472,.T.);
#12470 = VERTEX_POINT('',#12471);
#12471 = CARTESIAN_POINT('',(123.501297,-35.022977,1.585));
#12472 = LINE('',#12473,#12474);
#12473 = CARTESIAN_POINT('',(123.612134,-35.0375,1.585));
#12474 = VECTOR('',#12475,1.);
#12475 = DIRECTION('',(-0.991524517957,0.129919707086,0.));
#12476 = ORIENTED_EDGE('',*,*,#12477,.T.);
#12477 = EDGE_CURVE('',#12470,#12478,#12480,.T.);
#12478 = VERTEX_POINT('',#12479);
#12479 = CARTESIAN_POINT('',(123.400711,-34.979797,1.585));
#12480 = LINE('',#12481,#12482);
#12481 = CARTESIAN_POINT('',(123.501297,-35.022977,1.585));
#12482 = VECTOR('',#12483,1.);
#12483 = DIRECTION('',(-0.918907654289,0.394472715012,0.));
#12484 = ORIENTED_EDGE('',*,*,#12485,.T.);
#12485 = EDGE_CURVE('',#12478,#12486,#12488,.T.);
#12486 = VERTEX_POINT('',#12487);
#12487 = CARTESIAN_POINT('',(123.203813,-34.724733,1.585));
#12488 = CIRCLE('',#12489,0.438928128707);
#12489 = AXIS2_PLACEMENT_3D('',#12490,#12491,#12492);
#12490 = CARTESIAN_POINT('',(123.62545697785,-34.60277293232,1.585));
#12491 = DIRECTION('',(0.,0.,-1.));
#12492 = DIRECTION('',(-0.512033663731,-0.858965381844,-0.));
#12493 = ORIENTED_EDGE('',*,*,#12494,.T.);
#12494 = EDGE_CURVE('',#12486,#12495,#12497,.T.);
#12495 = VERTEX_POINT('',#12496);
#12496 = CARTESIAN_POINT('',(123.189289,-34.613586,1.585));
#12497 = LINE('',#12498,#12499);
#12498 = CARTESIAN_POINT('',(123.203813,-34.724733,1.585));
#12499 = VECTOR('',#12500,1.);
#12500 = DIRECTION('',(-0.129572210799,0.991569988548,0.));
#12501 = ORIENTED_EDGE('',*,*,#12502,.T.);
#12502 = EDGE_CURVE('',#12495,#12503,#12505,.T.);
#12503 = VERTEX_POINT('',#12504);
#12504 = CARTESIAN_POINT('',(123.189369,-33.428702,1.585));
#12505 = LINE('',#12506,#12507);
#12506 = CARTESIAN_POINT('',(123.189289,-34.613586,1.585));
#12507 = VECTOR('',#12508,1.);
#12508 = DIRECTION('',(6.751715764128E-05,0.999999997721,0.));
#12509 = ORIENTED_EDGE('',*,*,#12510,.T.);
#12510 = EDGE_CURVE('',#12503,#12511,#12513,.T.);
#12511 = VERTEX_POINT('',#12512);
#12512 = CARTESIAN_POINT('',(123.203817,-33.318188,1.585));
#12513 = LINE('',#12514,#12515);
#12514 = CARTESIAN_POINT('',(123.189369,-33.428702,1.585));
#12515 = VECTOR('',#12516,1.);
#12516 = DIRECTION('',(0.12963146122,0.99156224427,0.));
#12517 = ORIENTED_EDGE('',*,*,#12518,.T.);
#12518 = EDGE_CURVE('',#12511,#12519,#12521,.T.);
#12519 = VERTEX_POINT('',#12520);
#12520 = CARTESIAN_POINT('',(123.400711,-33.063254,1.585));
#12521 = CIRCLE('',#12522,0.435215412393);
#12522 = AXIS2_PLACEMENT_3D('',#12523,#12524,#12525);
#12523 = CARTESIAN_POINT('',(123.6222555327,-33.43786109445,1.585));
#12524 = DIRECTION('',(0.,0.,-1.));
#12525 = DIRECTION('',(-0.961451549704,0.274974394395,0.));
#12526 = ORIENTED_EDGE('',*,*,#12527,.T.);
#12527 = EDGE_CURVE('',#12519,#12339,#12528,.T.);
#12528 = LINE('',#12529,#12530);
#12529 = CARTESIAN_POINT('',(123.400711,-33.063254,1.585));
#12530 = VECTOR('',#12531,1.);
#12531 = DIRECTION('',(0.918536092445,0.395337130657,0.));
#12532 = FACE_BOUND('',#12533,.F.);
#12533 = EDGE_LOOP('',(#12534,#12544,#12552,#12560,#12568,#12576,#12584,
    #12592,#12600,#12608,#12616,#12624));
#12534 = ORIENTED_EDGE('',*,*,#12535,.T.);
#12535 = EDGE_CURVE('',#12536,#12538,#12540,.T.);
#12536 = VERTEX_POINT('',#12537);
#12537 = CARTESIAN_POINT('',(124.882772,-33.30268,1.585));
#12538 = VERTEX_POINT('',#12539);
#12539 = CARTESIAN_POINT('',(124.830906,-33.29269,1.585));
#12540 = LINE('',#12541,#12542);
#12541 = CARTESIAN_POINT('',(124.882772,-33.30268,1.585));
#12542 = VECTOR('',#12543,1.);
#12543 = DIRECTION('',(-0.981951038806,0.189135288584,0.));
#12544 = ORIENTED_EDGE('',*,*,#12545,.T.);
#12545 = EDGE_CURVE('',#12538,#12546,#12548,.T.);
#12546 = VERTEX_POINT('',#12547);
#12547 = CARTESIAN_POINT('',(123.612897,-33.29269,1.585));
#12548 = LINE('',#12549,#12550);
#12549 = CARTESIAN_POINT('',(124.830906,-33.29269,1.585));
#12550 = VECTOR('',#12551,1.);
#12551 = DIRECTION('',(-1.,0.,0.));
#12552 = ORIENTED_EDGE('',*,*,#12553,.T.);
#12553 = EDGE_CURVE('',#12546,#12554,#12556,.T.);
#12554 = VERTEX_POINT('',#12555);
#12555 = CARTESIAN_POINT('',(123.5609,-33.302687,1.585));
#12556 = LINE('',#12557,#12558);
#12557 = CARTESIAN_POINT('',(123.612897,-33.29269,1.585));
#12558 = VECTOR('',#12559,1.);
#12559 = DIRECTION('',(-0.982014932562,-0.188803263281,0.));
#12560 = ORIENTED_EDGE('',*,*,#12561,.T.);
#12561 = EDGE_CURVE('',#12554,#12562,#12564,.T.);
#12562 = VERTEX_POINT('',#12563);
#12563 = CARTESIAN_POINT('',(123.516574,-33.332837,1.585));
#12564 = LINE('',#12565,#12566);
#12565 = CARTESIAN_POINT('',(123.5609,-33.302687,1.585));
#12566 = VECTOR('',#12567,1.);
#12567 = DIRECTION('',(-0.826854328613,-0.562416144197,0.));
#12568 = ORIENTED_EDGE('',*,*,#12569,.T.);
#12569 = EDGE_CURVE('',#12562,#12570,#12572,.T.);
#12570 = VERTEX_POINT('',#12571);
#12571 = CARTESIAN_POINT('',(123.486307,-33.3769,1.585));
#12572 = LINE('',#12573,#12574);
#12573 = CARTESIAN_POINT('',(123.516574,-33.332837,1.585));
#12574 = VECTOR('',#12575,1.);
#12575 = DIRECTION('',(-0.566194537359,-0.824271645675,0.));
#12576 = ORIENTED_EDGE('',*,*,#12577,.T.);
#12577 = EDGE_CURVE('',#12570,#12578,#12580,.T.);
#12578 = VERTEX_POINT('',#12579);
#12579 = CARTESIAN_POINT('',(123.476274,-33.428702,1.585));
#12580 = LINE('',#12581,#12582);
#12581 = CARTESIAN_POINT('',(123.486307,-33.3769,1.585));
#12582 = VECTOR('',#12583,1.);
#12583 = DIRECTION('',(-0.190146243629,-0.981755777184,0.));
#12584 = ORIENTED_EDGE('',*,*,#12585,.T.);
#12585 = EDGE_CURVE('',#12578,#12586,#12588,.T.);
#12586 = VERTEX_POINT('',#12587);
#12587 = CARTESIAN_POINT('',(123.476274,-33.874904,1.585));
#12588 = LINE('',#12589,#12590);
#12589 = CARTESIAN_POINT('',(123.476274,-33.428702,1.585));
#12590 = VECTOR('',#12591,1.);
#12591 = DIRECTION('',(0.,-1.,0.));
#12592 = ORIENTED_EDGE('',*,*,#12593,.T.);
#12593 = EDGE_CURVE('',#12586,#12594,#12596,.T.);
#12594 = VERTEX_POINT('',#12595);
#12595 = CARTESIAN_POINT('',(124.967377,-33.874904,1.585));
#12596 = LINE('',#12597,#12598);
#12597 = CARTESIAN_POINT('',(123.476274,-33.874904,1.585));
#12598 = VECTOR('',#12599,1.);
#12599 = DIRECTION('',(1.,0.,0.));
#12600 = ORIENTED_EDGE('',*,*,#12601,.T.);
#12601 = EDGE_CURVE('',#12594,#12602,#12604,.T.);
#12602 = VERTEX_POINT('',#12603);
#12603 = CARTESIAN_POINT('',(124.967377,-33.428702,1.585));
#12604 = LINE('',#12605,#12606);
#12605 = CARTESIAN_POINT('',(124.967377,-33.874904,1.585));
#12606 = VECTOR('',#12607,1.);
#12607 = DIRECTION('',(0.,1.,0.));
#12608 = ORIENTED_EDGE('',*,*,#12609,.T.);
#12609 = EDGE_CURVE('',#12602,#12610,#12612,.T.);
#12610 = VERTEX_POINT('',#12611);
#12611 = CARTESIAN_POINT('',(124.957343,-33.3769,1.585));
#12612 = LINE('',#12613,#12614);
#12613 = CARTESIAN_POINT('',(124.967377,-33.428702,1.585));
#12614 = VECTOR('',#12615,1.);
#12615 = DIRECTION('',(-0.190164510389,0.981752239105,0.));
#12616 = ORIENTED_EDGE('',*,*,#12617,.T.);
#12617 = EDGE_CURVE('',#12610,#12618,#12620,.T.);
#12618 = VERTEX_POINT('',#12619);
#12619 = CARTESIAN_POINT('',(124.927077,-33.332837,1.585));
#12620 = LINE('',#12621,#12622);
#12621 = CARTESIAN_POINT('',(124.957343,-33.3769,1.585));
#12622 = VECTOR('',#12623,1.);
#12623 = DIRECTION('',(-0.566181827407,0.824280376034,0.));
#12624 = ORIENTED_EDGE('',*,*,#12625,.T.);
#12625 = EDGE_CURVE('',#12618,#12536,#12626,.T.);
#12626 = LINE('',#12627,#12628);
#12627 = CARTESIAN_POINT('',(124.927077,-33.332837,1.585));
#12628 = VECTOR('',#12629,1.);
#12629 = DIRECTION('',(-0.826669604798,0.562687626044,0.));
#12630 = PLANE('',#12631);
#12631 = AXIS2_PLACEMENT_3D('',#12632,#12633,#12634);
#12632 = CARTESIAN_POINT('',(0.,0.,1.585));
#12633 = DIRECTION('',(0.,0.,1.));
#12634 = DIRECTION('',(1.,0.,-0.));
#12635 = SHELL_BASED_SURFACE_MODEL('',(#12636));
#12636 = OPEN_SHELL('',(#12637));
#12637 = ADVANCED_FACE('',(#12638),#12801,.T.);
#12638 = FACE_BOUND('',#12639,.F.);
#12639 = EDGE_LOOP('',(#12640,#12650,#12658,#12666,#12674,#12683,#12691,
    #12699,#12707,#12715,#12723,#12731,#12739,#12747,#12755,#12763,
    #12771,#12779,#12787,#12795));
#12640 = ORIENTED_EDGE('',*,*,#12641,.T.);
#12641 = EDGE_CURVE('',#12642,#12644,#12646,.T.);
#12642 = VERTEX_POINT('',#12643);
#12643 = CARTESIAN_POINT('',(125.619505,-35.0375,1.585));
#12644 = VERTEX_POINT('',#12645);
#12645 = CARTESIAN_POINT('',(125.619505,-33.005399,1.585));
#12646 = LINE('',#12647,#12648);
#12647 = CARTESIAN_POINT('',(125.619505,-35.0375,1.585));
#12648 = VECTOR('',#12649,1.);
#12649 = DIRECTION('',(0.,1.,0.));
#12650 = ORIENTED_EDGE('',*,*,#12651,.T.);
#12651 = EDGE_CURVE('',#12644,#12652,#12654,.T.);
#12652 = VERTEX_POINT('',#12653);
#12653 = CARTESIAN_POINT('',(127.266465,-33.005399,1.585));
#12654 = LINE('',#12655,#12656);
#12655 = CARTESIAN_POINT('',(125.619505,-33.005399,1.585));
#12656 = VECTOR('',#12657,1.);
#12657 = DIRECTION('',(1.,0.,0.));
#12658 = ORIENTED_EDGE('',*,*,#12659,.T.);
#12659 = EDGE_CURVE('',#12652,#12660,#12662,.T.);
#12660 = VERTEX_POINT('',#12661);
#12661 = CARTESIAN_POINT('',(127.377713,-33.019968,1.585));
#12662 = LINE('',#12663,#12664);
#12663 = CARTESIAN_POINT('',(127.266465,-33.005399,1.585));
#12664 = VECTOR('',#12665,1.);
#12665 = DIRECTION('',(0.991533532386,-0.129850892001,0.));
#12666 = ORIENTED_EDGE('',*,*,#12667,.T.);
#12667 = EDGE_CURVE('',#12660,#12668,#12670,.T.);
#12668 = VERTEX_POINT('',#12669);
#12669 = CARTESIAN_POINT('',(127.478498,-33.063254,1.585));
#12670 = LINE('',#12671,#12672);
#12671 = CARTESIAN_POINT('',(127.377713,-33.019968,1.585));
#12672 = VECTOR('',#12673,1.);
#12673 = DIRECTION('',(0.918839654914,-0.394631079056,0.));
#12674 = ORIENTED_EDGE('',*,*,#12675,.T.);
#12675 = EDGE_CURVE('',#12668,#12676,#12678,.T.);
#12676 = VERTEX_POINT('',#12677);
#12677 = CARTESIAN_POINT('',(127.67612,-33.318197,1.585));
#12678 = CIRCLE('',#12679,0.438029278905);
#12679 = AXIS2_PLACEMENT_3D('',#12680,#12681,#12682);
#12680 = CARTESIAN_POINT('',(127.25543328522,-33.44023116403,1.585));
#12681 = DIRECTION('',(0.,0.,-1.));
#12682 = DIRECTION('',(0.509246129235,0.860620926924,0.));
#12683 = ORIENTED_EDGE('',*,*,#12684,.T.);
#12684 = EDGE_CURVE('',#12676,#12685,#12687,.T.);
#12685 = VERTEX_POINT('',#12686);
#12686 = CARTESIAN_POINT('',(127.690684,-33.429313,1.585));
#12687 = LINE('',#12688,#12689);
#12688 = CARTESIAN_POINT('',(127.67612,-33.318197,1.585));
#12689 = VECTOR('',#12690,1.);
#12690 = DIRECTION('',(0.129958680074,-0.991519410538,0.));
#12691 = ORIENTED_EDGE('',*,*,#12692,.T.);
#12692 = EDGE_CURVE('',#12685,#12693,#12695,.T.);
#12693 = VERTEX_POINT('',#12694);
#12694 = CARTESIAN_POINT('',(127.690684,-35.0375,1.585));
#12695 = LINE('',#12696,#12697);
#12696 = CARTESIAN_POINT('',(127.690684,-33.429313,1.585));
#12697 = VECTOR('',#12698,1.);
#12698 = DIRECTION('',(0.,-1.,0.));
#12699 = ORIENTED_EDGE('',*,*,#12700,.T.);
#12700 = EDGE_CURVE('',#12693,#12701,#12703,.T.);
#12701 = VERTEX_POINT('',#12702);
#12702 = CARTESIAN_POINT('',(127.403699,-35.0375,1.585));
#12703 = LINE('',#12704,#12705);
#12704 = CARTESIAN_POINT('',(127.690684,-35.0375,1.585));
#12705 = VECTOR('',#12706,1.);
#12706 = DIRECTION('',(-1.,0.,0.));
#12707 = ORIENTED_EDGE('',*,*,#12708,.T.);
#12708 = EDGE_CURVE('',#12701,#12709,#12711,.T.);
#12709 = VERTEX_POINT('',#12710);
#12710 = CARTESIAN_POINT('',(127.403699,-33.429313,1.585));
#12711 = LINE('',#12712,#12713);
#12712 = CARTESIAN_POINT('',(127.403699,-35.0375,1.585));
#12713 = VECTOR('',#12714,1.);
#12714 = DIRECTION('',(0.,1.,0.));
#12715 = ORIENTED_EDGE('',*,*,#12716,.T.);
#12716 = EDGE_CURVE('',#12709,#12717,#12719,.T.);
#12717 = VERTEX_POINT('',#12718);
#12718 = CARTESIAN_POINT('',(127.393669,-33.377327,1.585));
#12719 = LINE('',#12720,#12721);
#12720 = CARTESIAN_POINT('',(127.403699,-33.429313,1.585));
#12721 = VECTOR('',#12722,1.);
#12722 = DIRECTION('',(-0.189442817388,0.981891755205,0.));
#12723 = ORIENTED_EDGE('',*,*,#12724,.T.);
#12724 = EDGE_CURVE('',#12717,#12725,#12727,.T.);
#12725 = VERTEX_POINT('',#12726);
#12726 = CARTESIAN_POINT('',(127.363399,-33.33299,1.585));
#12727 = LINE('',#12728,#12729);
#12728 = CARTESIAN_POINT('',(127.393669,-33.377327,1.585));
#12729 = VECTOR('',#12730,1.);
#12730 = DIRECTION('',(-0.563848244816,0.825878415276,0.));
#12731 = ORIENTED_EDGE('',*,*,#12732,.T.);
#12732 = EDGE_CURVE('',#12725,#12733,#12735,.T.);
#12733 = VERTEX_POINT('',#12734);
#12734 = CARTESIAN_POINT('',(127.31904,-33.302727,1.585));
#12735 = LINE('',#12736,#12737);
#12736 = CARTESIAN_POINT('',(127.363399,-33.33299,1.585));
#12737 = VECTOR('',#12738,1.);
#12738 = DIRECTION('',(-0.8260693223,0.563568518243,0.));
#12739 = ORIENTED_EDGE('',*,*,#12740,.T.);
#12740 = EDGE_CURVE('',#12733,#12741,#12743,.T.);
#12741 = VERTEX_POINT('',#12742);
#12742 = CARTESIAN_POINT('',(127.266923,-33.29269,1.585));
#12743 = LINE('',#12744,#12745);
#12744 = CARTESIAN_POINT('',(127.31904,-33.302727,1.585));
#12745 = VECTOR('',#12746,1.);
#12746 = DIRECTION('',(-0.981955746897,0.189110843518,0.));
#12747 = ORIENTED_EDGE('',*,*,#12748,.T.);
#12748 = EDGE_CURVE('',#12741,#12749,#12751,.T.);
#12749 = VERTEX_POINT('',#12750);
#12750 = CARTESIAN_POINT('',(126.046777,-33.29269,1.585));
#12751 = LINE('',#12752,#12753);
#12752 = CARTESIAN_POINT('',(127.266923,-33.29269,1.585));
#12753 = VECTOR('',#12754,1.);
#12754 = DIRECTION('',(-1.,0.,0.));
#12755 = ORIENTED_EDGE('',*,*,#12756,.T.);
#12756 = EDGE_CURVE('',#12749,#12757,#12759,.T.);
#12757 = VERTEX_POINT('',#12758);
#12758 = CARTESIAN_POINT('',(125.994347,-33.302669,1.585));
#12759 = LINE('',#12760,#12761);
#12760 = CARTESIAN_POINT('',(126.046777,-33.29269,1.585));
#12761 = VECTOR('',#12762,1.);
#12762 = DIRECTION('',(-0.982364960213,-0.186973487278,0.));
#12763 = ORIENTED_EDGE('',*,*,#12764,.T.);
#12764 = EDGE_CURVE('',#12757,#12765,#12767,.T.);
#12765 = VERTEX_POINT('',#12766);
#12766 = CARTESIAN_POINT('',(125.94847,-33.33299,1.585));
#12767 = LINE('',#12768,#12769);
#12768 = CARTESIAN_POINT('',(125.994347,-33.302669,1.585));
#12769 = VECTOR('',#12770,1.);
#12770 = DIRECTION('',(-0.834256603557,-0.551376386347,0.));
#12771 = ORIENTED_EDGE('',*,*,#12772,.T.);
#12772 = EDGE_CURVE('',#12765,#12773,#12775,.T.);
#12773 = VERTEX_POINT('',#12774);
#12774 = CARTESIAN_POINT('',(125.916882,-33.377458,1.585));
#12775 = LINE('',#12776,#12777);
#12776 = CARTESIAN_POINT('',(125.94847,-33.33299,1.585));
#12777 = VECTOR('',#12778,1.);
#12778 = DIRECTION('',(-0.579113512756,-0.815246919248,0.));
#12779 = ORIENTED_EDGE('',*,*,#12780,.T.);
#12780 = EDGE_CURVE('',#12773,#12781,#12783,.T.);
#12781 = VERTEX_POINT('',#12782);
#12782 = CARTESIAN_POINT('',(125.90649,-33.429313,1.585));
#12783 = LINE('',#12784,#12785);
#12784 = CARTESIAN_POINT('',(125.916882,-33.377458,1.585));
#12785 = VECTOR('',#12786,1.);
#12786 = DIRECTION('',(-0.196497928068,-0.980504239799,0.));
#12787 = ORIENTED_EDGE('',*,*,#12788,.T.);
#12788 = EDGE_CURVE('',#12781,#12789,#12791,.T.);
#12789 = VERTEX_POINT('',#12790);
#12790 = CARTESIAN_POINT('',(125.90649,-35.0375,1.585));
#12791 = LINE('',#12792,#12793);
#12792 = CARTESIAN_POINT('',(125.90649,-33.429313,1.585));
#12793 = VECTOR('',#12794,1.);
#12794 = DIRECTION('',(0.,-1.,0.));
#12795 = ORIENTED_EDGE('',*,*,#12796,.T.);
#12796 = EDGE_CURVE('',#12789,#12642,#12797,.T.);
#12797 = LINE('',#12798,#12799);
#12798 = CARTESIAN_POINT('',(125.90649,-35.0375,1.585));
#12799 = VECTOR('',#12800,1.);
#12800 = DIRECTION('',(-1.,0.,0.));
#12801 = PLANE('',#12802);
#12802 = AXIS2_PLACEMENT_3D('',#12803,#12804,#12805);
#12803 = CARTESIAN_POINT('',(0.,0.,1.585));
#12804 = DIRECTION('',(0.,0.,1.));
#12805 = DIRECTION('',(1.,0.,-0.));
#12806 = SHELL_BASED_SURFACE_MODEL('',(#12807));
#12807 = OPEN_SHELL('',(#12808));
#12808 = ADVANCED_FACE('',(#12809),#13005,.T.);
#12809 = FACE_BOUND('',#12810,.F.);
#12810 = EDGE_LOOP('',(#12811,#12821,#12829,#12837,#12845,#12853,#12861,
    #12869,#12877,#12885,#12893,#12901,#12909,#12917,#12925,#12933,
    #12941,#12950,#12958,#12966,#12974,#12982,#12991,#12999));
#12811 = ORIENTED_EDGE('',*,*,#12812,.T.);
#12812 = EDGE_CURVE('',#12813,#12815,#12817,.T.);
#12813 = VERTEX_POINT('',#12814);
#12814 = CARTESIAN_POINT('',(128.054606,-34.613586,1.585));
#12815 = VERTEX_POINT('',#12816);
#12816 = CARTESIAN_POINT('',(128.054606,-33.005399,1.585));
#12817 = LINE('',#12818,#12819);
#12818 = CARTESIAN_POINT('',(128.054606,-34.613586,1.585));
#12819 = VECTOR('',#12820,1.);
#12820 = DIRECTION('',(0.,1.,0.));
#12821 = ORIENTED_EDGE('',*,*,#12822,.T.);
#12822 = EDGE_CURVE('',#12815,#12823,#12825,.T.);
#12823 = VERTEX_POINT('',#12824);
#12824 = CARTESIAN_POINT('',(128.341592,-33.005399,1.585));
#12825 = LINE('',#12826,#12827);
#12826 = CARTESIAN_POINT('',(128.054606,-33.005399,1.585));
#12827 = VECTOR('',#12828,1.);
#12828 = DIRECTION('',(1.,0.,0.));
#12829 = ORIENTED_EDGE('',*,*,#12830,.T.);
#12830 = EDGE_CURVE('',#12823,#12831,#12833,.T.);
#12831 = VERTEX_POINT('',#12832);
#12832 = CARTESIAN_POINT('',(128.341592,-34.613586,1.585));
#12833 = LINE('',#12834,#12835);
#12834 = CARTESIAN_POINT('',(128.341592,-33.005399,1.585));
#12835 = VECTOR('',#12836,1.);
#12836 = DIRECTION('',(0.,-1.,0.));
#12837 = ORIENTED_EDGE('',*,*,#12838,.T.);
#12838 = EDGE_CURVE('',#12831,#12839,#12841,.T.);
#12839 = VERTEX_POINT('',#12840);
#12840 = CARTESIAN_POINT('',(128.351622,-34.665571,1.585));
#12841 = LINE('',#12842,#12843);
#12842 = CARTESIAN_POINT('',(128.341592,-34.613586,1.585));
#12843 = VECTOR('',#12844,1.);
#12844 = DIRECTION('',(0.189446330782,-0.981891077337,0.));
#12845 = ORIENTED_EDGE('',*,*,#12846,.T.);
#12846 = EDGE_CURVE('',#12839,#12847,#12849,.T.);
#12847 = VERTEX_POINT('',#12848);
#12848 = CARTESIAN_POINT('',(128.381892,-34.709909,1.585));
#12849 = LINE('',#12850,#12851);
#12850 = CARTESIAN_POINT('',(128.351622,-34.665571,1.585));
#12851 = VECTOR('',#12852,1.);
#12852 = DIRECTION('',(0.563839570743,-0.825884337219,0.));
#12853 = ORIENTED_EDGE('',*,*,#12854,.T.);
#12854 = EDGE_CURVE('',#12847,#12855,#12857,.T.);
#12855 = VERTEX_POINT('',#12856);
#12856 = CARTESIAN_POINT('',(128.426355,-34.740183,1.585));
#12857 = LINE('',#12858,#12859);
#12858 = CARTESIAN_POINT('',(128.381892,-34.709909,1.585));
#12859 = VECTOR('',#12860,1.);
#12860 = DIRECTION('',(0.826587838981,-0.562807733111,0.));
#12861 = ORIENTED_EDGE('',*,*,#12862,.T.);
#12862 = EDGE_CURVE('',#12855,#12863,#12865,.T.);
#12863 = VERTEX_POINT('',#12864);
#12864 = CARTESIAN_POINT('',(128.478368,-34.750209,1.585));
#12865 = LINE('',#12866,#12867);
#12866 = CARTESIAN_POINT('',(128.426355,-34.740183,1.585));
#12867 = VECTOR('',#12868,1.);
#12868 = DIRECTION('',(0.981924080434,-0.189275197171,0.));
#12869 = ORIENTED_EDGE('',*,*,#12870,.T.);
#12870 = EDGE_CURVE('',#12863,#12871,#12873,.T.);
#12871 = VERTEX_POINT('',#12872);
#12872 = CARTESIAN_POINT('',(129.698361,-34.750209,1.585));
#12873 = LINE('',#12874,#12875);
#12874 = CARTESIAN_POINT('',(128.478368,-34.750209,1.585));
#12875 = VECTOR('',#12876,1.);
#12876 = DIRECTION('',(1.,0.,0.));
#12877 = ORIENTED_EDGE('',*,*,#12878,.T.);
#12878 = EDGE_CURVE('',#12871,#12879,#12881,.T.);
#12879 = VERTEX_POINT('',#12880);
#12880 = CARTESIAN_POINT('',(129.750791,-34.74023,1.585));
#12881 = LINE('',#12882,#12883);
#12882 = CARTESIAN_POINT('',(129.698361,-34.750209,1.585));
#12883 = VECTOR('',#12884,1.);
#12884 = DIRECTION('',(0.982364960213,0.186973487278,0.));
#12885 = ORIENTED_EDGE('',*,*,#12886,.T.);
#12886 = EDGE_CURVE('',#12879,#12887,#12889,.T.);
#12887 = VERTEX_POINT('',#12888);
#12888 = CARTESIAN_POINT('',(129.796668,-34.709909,1.585));
#12889 = LINE('',#12890,#12891);
#12890 = CARTESIAN_POINT('',(129.750791,-34.74023,1.585));
#12891 = VECTOR('',#12892,1.);
#12892 = DIRECTION('',(0.834256603557,0.551376386347,0.));
#12893 = ORIENTED_EDGE('',*,*,#12894,.T.);
#12894 = EDGE_CURVE('',#12887,#12895,#12897,.T.);
#12895 = VERTEX_POINT('',#12896);
#12896 = CARTESIAN_POINT('',(129.828376,-34.665429,1.585));
#12897 = LINE('',#12898,#12899);
#12898 = CARTESIAN_POINT('',(129.796668,-34.709909,1.585));
#12899 = VECTOR('',#12900,1.);
#12900 = DIRECTION('',(0.580469052577,0.814282309154,0.));
#12901 = ORIENTED_EDGE('',*,*,#12902,.T.);
#12902 = EDGE_CURVE('',#12895,#12903,#12905,.T.);
#12903 = VERTEX_POINT('',#12904);
#12904 = CARTESIAN_POINT('',(129.8388,-34.613586,1.585));
#12905 = LINE('',#12906,#12907);
#12906 = CARTESIAN_POINT('',(129.828376,-34.665429,1.585));
#12907 = VECTOR('',#12908,1.);
#12908 = DIRECTION('',(0.197123381124,0.980378688372,0.));
#12909 = ORIENTED_EDGE('',*,*,#12910,.T.);
#12910 = EDGE_CURVE('',#12903,#12911,#12913,.T.);
#12911 = VERTEX_POINT('',#12912);
#12912 = CARTESIAN_POINT('',(129.8388,-33.005399,1.585));
#12913 = LINE('',#12914,#12915);
#12914 = CARTESIAN_POINT('',(129.8388,-34.613586,1.585));
#12915 = VECTOR('',#12916,1.);
#12916 = DIRECTION('',(0.,1.,0.));
#12917 = ORIENTED_EDGE('',*,*,#12918,.T.);
#12918 = EDGE_CURVE('',#12911,#12919,#12921,.T.);
#12919 = VERTEX_POINT('',#12920);
#12920 = CARTESIAN_POINT('',(130.125786,-33.005399,1.585));
#12921 = LINE('',#12922,#12923);
#12922 = CARTESIAN_POINT('',(129.8388,-33.005399,1.585));
#12923 = VECTOR('',#12924,1.);
#12924 = DIRECTION('',(1.,0.,0.));
#12925 = ORIENTED_EDGE('',*,*,#12926,.T.);
#12926 = EDGE_CURVE('',#12919,#12927,#12929,.T.);
#12927 = VERTEX_POINT('',#12928);
#12928 = CARTESIAN_POINT('',(130.125786,-34.613586,1.585));
#12929 = LINE('',#12930,#12931);
#12930 = CARTESIAN_POINT('',(130.125786,-33.005399,1.585));
#12931 = VECTOR('',#12932,1.);
#12932 = DIRECTION('',(0.,-1.,0.));
#12933 = ORIENTED_EDGE('',*,*,#12934,.T.);
#12934 = EDGE_CURVE('',#12927,#12935,#12937,.T.);
#12935 = VERTEX_POINT('',#12936);
#12936 = CARTESIAN_POINT('',(130.111226,-34.724724,1.585));
#12937 = LINE('',#12938,#12939);
#12938 = CARTESIAN_POINT('',(130.125786,-34.613586,1.585));
#12939 = VECTOR('',#12940,1.);
#12940 = DIRECTION('',(-0.129898304893,-0.991527322057,0.));
#12941 = ORIENTED_EDGE('',*,*,#12942,.T.);
#12942 = EDGE_CURVE('',#12935,#12943,#12945,.T.);
#12943 = VERTEX_POINT('',#12944);
#12944 = CARTESIAN_POINT('',(129.9136,-34.979797,1.585));
#12945 = CIRCLE('',#12946,0.434367636091);
#12946 = AXIS2_PLACEMENT_3D('',#12947,#12948,#12949);
#12947 = CARTESIAN_POINT('',(129.69361009059,-34.6052577056,1.585));
#12948 = DIRECTION('',(0.,0.,-1.));
#12949 = DIRECTION('',(0.961434220014,-0.27503498066,0.));
#12950 = ORIENTED_EDGE('',*,*,#12951,.T.);
#12951 = EDGE_CURVE('',#12943,#12952,#12954,.T.);
#12952 = VERTEX_POINT('',#12953);
#12953 = CARTESIAN_POINT('',(129.812351,-35.022859,1.585));
#12954 = LINE('',#12955,#12956);
#12955 = CARTESIAN_POINT('',(129.9136,-34.979797,1.585));
#12956 = VECTOR('',#12957,1.);
#12957 = DIRECTION('',(-0.920228889899,-0.391380620617,0.));
#12958 = ORIENTED_EDGE('',*,*,#12959,.T.);
#12959 = EDGE_CURVE('',#12952,#12960,#12962,.T.);
#12960 = VERTEX_POINT('',#12961);
#12961 = CARTESIAN_POINT('',(129.698055,-35.0375,1.585));
#12962 = LINE('',#12963,#12964);
#12963 = CARTESIAN_POINT('',(129.812351,-35.022859,1.585));
#12964 = VECTOR('',#12965,1.);
#12965 = DIRECTION('',(-0.9918951593,-0.127059013678,0.));
#12966 = ORIENTED_EDGE('',*,*,#12967,.T.);
#12967 = EDGE_CURVE('',#12960,#12968,#12970,.T.);
#12968 = VERTEX_POINT('',#12969);
#12969 = CARTESIAN_POINT('',(128.47852,-35.0375,1.585));
#12970 = LINE('',#12971,#12972);
#12971 = CARTESIAN_POINT('',(129.698055,-35.0375,1.585));
#12972 = VECTOR('',#12973,1.);
#12973 = DIRECTION('',(-1.,0.,0.));
#12974 = ORIENTED_EDGE('',*,*,#12975,.T.);
#12975 = EDGE_CURVE('',#12968,#12976,#12978,.T.);
#12976 = VERTEX_POINT('',#12977);
#12977 = CARTESIAN_POINT('',(128.367504,-35.02298,1.585));
#12978 = LINE('',#12979,#12980);
#12979 = CARTESIAN_POINT('',(128.47852,-35.0375,1.585));
#12980 = VECTOR('',#12981,1.);
#12981 = DIRECTION('',(-0.991554928168,0.129687410436,0.));
#12982 = ORIENTED_EDGE('',*,*,#12983,.T.);
#12983 = EDGE_CURVE('',#12976,#12984,#12986,.T.);
#12984 = VERTEX_POINT('',#12985);
#12985 = CARTESIAN_POINT('',(128.112461,-34.825619,1.585));
#12986 = CIRCLE('',#12987,0.43376225288);
#12987 = AXIS2_PLACEMENT_3D('',#12988,#12989,#12990);
#12988 = CARTESIAN_POINT('',(128.48642003687,-34.60583653762,1.585));
#12989 = DIRECTION('',(0.,0.,-1.));
#12990 = DIRECTION('',(-0.274150265686,-0.961686867865,-0.));
#12991 = ORIENTED_EDGE('',*,*,#12992,.T.);
#12992 = EDGE_CURVE('',#12984,#12993,#12995,.T.);
#12993 = VERTEX_POINT('',#12994);
#12994 = CARTESIAN_POINT('',(128.069166,-34.724724,1.585));
#12995 = LINE('',#12996,#12997);
#12996 = CARTESIAN_POINT('',(128.112461,-34.825619,1.585));
#12997 = VECTOR('',#12998,1.);
#12998 = DIRECTION('',(-0.394336976103,0.918965913012,0.));
#12999 = ORIENTED_EDGE('',*,*,#13000,.T.);
#13000 = EDGE_CURVE('',#12993,#12813,#13001,.T.);
#13001 = LINE('',#13002,#13003);
#13002 = CARTESIAN_POINT('',(128.069166,-34.724724,1.585));
#13003 = VECTOR('',#13004,1.);
#13004 = DIRECTION('',(-0.129898304892,0.991527322057,0.));
#13005 = PLANE('',#13006);
#13006 = AXIS2_PLACEMENT_3D('',#13007,#13008,#13009);
#13007 = CARTESIAN_POINT('',(0.,0.,1.585));
#13008 = DIRECTION('',(0.,0.,1.));
#13009 = DIRECTION('',(1.,0.,-0.));
#13010 = SHELL_BASED_SURFACE_MODEL('',(#13011));
#13011 = OPEN_SHELL('',(#13012));
#13012 = ADVANCED_FACE('',(#13013),#13071,.T.);
#13013 = FACE_BOUND('',#13014,.F.);
#13014 = EDGE_LOOP('',(#13015,#13025,#13033,#13041,#13049,#13057,#13065)
  );
#13015 = ORIENTED_EDGE('',*,*,#13016,.T.);
#13016 = EDGE_CURVE('',#13017,#13019,#13021,.T.);
#13017 = VERTEX_POINT('',#13018);
#13018 = CARTESIAN_POINT('',(131.49263,-35.0375,1.585));
#13019 = VERTEX_POINT('',#13020);
#13020 = CARTESIAN_POINT('',(130.372623,-33.005399,1.585));
#13021 = LINE('',#13022,#13023);
#13022 = CARTESIAN_POINT('',(131.49263,-35.0375,1.585));
#13023 = VECTOR('',#13024,1.);
#13024 = DIRECTION('',(-0.482696616992,0.875787631761,0.));
#13025 = ORIENTED_EDGE('',*,*,#13026,.T.);
#13026 = EDGE_CURVE('',#13019,#13027,#13029,.T.);
#13027 = VERTEX_POINT('',#13028);
#13028 = CARTESIAN_POINT('',(130.708763,-33.005399,1.585));
#13029 = LINE('',#13030,#13031);
#13030 = CARTESIAN_POINT('',(130.372623,-33.005399,1.585));
#13031 = VECTOR('',#13032,1.);
#13032 = DIRECTION('',(1.,0.,0.));
#13033 = ORIENTED_EDGE('',*,*,#13034,.T.);
#13034 = EDGE_CURVE('',#13027,#13035,#13037,.T.);
#13035 = VERTEX_POINT('',#13036);
#13036 = CARTESIAN_POINT('',(131.660699,-34.757231,1.585));
#13037 = LINE('',#13038,#13039);
#13038 = CARTESIAN_POINT('',(130.708763,-33.005399,1.585));
#13039 = VECTOR('',#13040,1.);
#13040 = DIRECTION('',(0.477456552878,-0.878655359122,0.));
#13041 = ORIENTED_EDGE('',*,*,#13042,.T.);
#13042 = EDGE_CURVE('',#13035,#13043,#13045,.T.);
#13043 = VERTEX_POINT('',#13044);
#13044 = CARTESIAN_POINT('',(132.612636,-33.005399,1.585));
#13045 = LINE('',#13046,#13047);
#13046 = CARTESIAN_POINT('',(131.660699,-34.757231,1.585));
#13047 = VECTOR('',#13048,1.);
#13048 = DIRECTION('',(0.477456940103,0.878655148706,0.));
#13049 = ORIENTED_EDGE('',*,*,#13050,.T.);
#13050 = EDGE_CURVE('',#13043,#13051,#13053,.T.);
#13051 = VERTEX_POINT('',#13052);
#13052 = CARTESIAN_POINT('',(132.948622,-33.005399,1.585));
#13053 = LINE('',#13054,#13055);
#13054 = CARTESIAN_POINT('',(132.612636,-33.005399,1.585));
#13055 = VECTOR('',#13056,1.);
#13056 = DIRECTION('',(1.,0.,0.));
#13057 = ORIENTED_EDGE('',*,*,#13058,.T.);
#13058 = EDGE_CURVE('',#13051,#13059,#13061,.T.);
#13059 = VERTEX_POINT('',#13060);
#13060 = CARTESIAN_POINT('',(131.825258,-35.0375,1.585));
#13061 = LINE('',#13062,#13063);
#13062 = CARTESIAN_POINT('',(132.948622,-33.005399,1.585));
#13063 = VECTOR('',#13064,1.);
#13064 = DIRECTION('',(-0.483805146788,-0.875175742318,0.));
#13065 = ORIENTED_EDGE('',*,*,#13066,.T.);
#13066 = EDGE_CURVE('',#13059,#13017,#13067,.T.);
#13067 = LINE('',#13068,#13069);
#13068 = CARTESIAN_POINT('',(131.825258,-35.0375,1.585));
#13069 = VECTOR('',#13070,1.);
#13070 = DIRECTION('',(-1.,0.,0.));
#13071 = PLANE('',#13072);
#13072 = AXIS2_PLACEMENT_3D('',#13073,#13074,#13075);
#13073 = CARTESIAN_POINT('',(0.,0.,1.585));
#13074 = DIRECTION('',(0.,0.,1.));
#13075 = DIRECTION('',(1.,0.,-0.));
#13076 = SHELL_BASED_SURFACE_MODEL('',(#13077));
#13077 = OPEN_SHELL('',(#13078));
#13078 = ADVANCED_FACE('',(#13079,#13276),#13374,.T.);
#13079 = FACE_BOUND('',#13080,.F.);
#13080 = EDGE_LOOP('',(#13081,#13091,#13099,#13107,#13116,#13124,#13132,
    #13140,#13148,#13156,#13164,#13172,#13180,#13188,#13196,#13204,
    #13212,#13220,#13228,#13237,#13245,#13253,#13261,#13270));
#13081 = ORIENTED_EDGE('',*,*,#13082,.T.);
#13082 = EDGE_CURVE('',#13083,#13085,#13087,.T.);
#13083 = VERTEX_POINT('',#13084);
#13084 = CARTESIAN_POINT('',(133.446875,-33.019958,1.585));
#13085 = VERTEX_POINT('',#13086);
#13086 = CARTESIAN_POINT('',(133.557703,-33.005399,1.585));
#13087 = LINE('',#13088,#13089);
#13088 = CARTESIAN_POINT('',(133.446875,-33.019958,1.585));
#13089 = VECTOR('',#13090,1.);
#13090 = DIRECTION('',(0.991481617617,0.13024669642,0.));
#13091 = ORIENTED_EDGE('',*,*,#13092,.T.);
#13092 = EDGE_CURVE('',#13085,#13093,#13095,.T.);
#13093 = VERTEX_POINT('',#13094);
#13094 = CARTESIAN_POINT('',(134.773727,-33.005399,1.585));
#13095 = LINE('',#13096,#13097);
#13096 = CARTESIAN_POINT('',(133.557703,-33.005399,1.585));
#13097 = VECTOR('',#13098,1.);
#13098 = DIRECTION('',(1.,0.,0.));
#13099 = ORIENTED_EDGE('',*,*,#13100,.T.);
#13100 = EDGE_CURVE('',#13093,#13101,#13103,.T.);
#13101 = VERTEX_POINT('',#13102);
#13102 = CARTESIAN_POINT('',(134.887448,-33.020029,1.585));
#13103 = LINE('',#13104,#13105);
#13104 = CARTESIAN_POINT('',(134.773727,-33.005399,1.585));
#13105 = VECTOR('',#13106,1.);
#13106 = DIRECTION('',(0.991826143904,-0.1275966311,0.));
#13107 = ORIENTED_EDGE('',*,*,#13108,.T.);
#13108 = EDGE_CURVE('',#13101,#13109,#13111,.T.);
#13109 = VERTEX_POINT('',#13110);
#13110 = CARTESIAN_POINT('',(135.142228,-33.216822,1.585));
#13111 = CIRCLE('',#13112,0.43237444304);
#13112 = AXIS2_PLACEMENT_3D('',#13113,#13114,#13115);
#13113 = CARTESIAN_POINT('',(134.76953161191,-33.43601383676,1.585));
#13114 = DIRECTION('',(0.,0.,-1.));
#13115 = DIRECTION('',(0.272718219088,0.962093952261,0.));
#13116 = ORIENTED_EDGE('',*,*,#13117,.T.);
#13117 = EDGE_CURVE('',#13109,#13118,#13120,.T.);
#13118 = VERTEX_POINT('',#13119);
#13119 = CARTESIAN_POINT('',(135.185408,-33.317407,1.585));
#13120 = LINE('',#13121,#13122);
#13121 = CARTESIAN_POINT('',(135.142228,-33.216822,1.585));
#13122 = VECTOR('',#13123,1.);
#13123 = DIRECTION('',(0.394476026525,-0.918906232701,0.));
#13124 = ORIENTED_EDGE('',*,*,#13125,.T.);
#13125 = EDGE_CURVE('',#13118,#13126,#13128,.T.);
#13126 = VERTEX_POINT('',#13127);
#13127 = CARTESIAN_POINT('',(135.199931,-33.428244,1.585));
#13128 = LINE('',#13129,#13130);
#13129 = CARTESIAN_POINT('',(135.185408,-33.317407,1.585));
#13130 = VECTOR('',#13131,1.);
#13131 = DIRECTION('',(0.129919707086,-0.991524517957,0.));
#13132 = ORIENTED_EDGE('',*,*,#13133,.T.);
#13133 = EDGE_CURVE('',#13126,#13134,#13136,.T.);
#13134 = VERTEX_POINT('',#13135);
#13135 = CARTESIAN_POINT('',(135.199931,-34.162194,1.585));
#13136 = LINE('',#13137,#13138);
#13137 = CARTESIAN_POINT('',(135.199931,-33.428244,1.585));
#13138 = VECTOR('',#13139,1.);
#13139 = DIRECTION('',(0.,-1.,0.));
#13140 = ORIENTED_EDGE('',*,*,#13141,.T.);
#13141 = EDGE_CURVE('',#13134,#13142,#13144,.T.);
#13142 = VERTEX_POINT('',#13143);
#13143 = CARTESIAN_POINT('',(133.421843,-34.162194,1.585));
#13144 = LINE('',#13145,#13146);
#13145 = CARTESIAN_POINT('',(135.199931,-34.162194,1.585));
#13146 = VECTOR('',#13147,1.);
#13147 = DIRECTION('',(-1.,0.,0.));
#13148 = ORIENTED_EDGE('',*,*,#13149,.T.);
#13149 = EDGE_CURVE('',#13142,#13150,#13152,.T.);
#13150 = VERTEX_POINT('',#13151);
#13151 = CARTESIAN_POINT('',(133.421843,-34.612975,1.585));
#13152 = LINE('',#13153,#13154);
#13153 = CARTESIAN_POINT('',(133.421843,-34.162194,1.585));
#13154 = VECTOR('',#13155,1.);
#13155 = DIRECTION('',(0.,-1.,0.));
#13156 = ORIENTED_EDGE('',*,*,#13157,.T.);
#13157 = EDGE_CURVE('',#13150,#13158,#13160,.T.);
#13158 = VERTEX_POINT('',#13159);
#13159 = CARTESIAN_POINT('',(133.431837,-34.665156,1.585));
#13160 = LINE('',#13161,#13162);
#13161 = CARTESIAN_POINT('',(133.421843,-34.612975,1.585));
#13162 = VECTOR('',#13163,1.);
#13163 = DIRECTION('',(0.188106651569,-0.982148607715,0.));
#13164 = ORIENTED_EDGE('',*,*,#13165,.T.);
#13165 = EDGE_CURVE('',#13158,#13166,#13168,.T.);
#13166 = VERTEX_POINT('',#13167);
#13167 = CARTESIAN_POINT('',(133.46199,-34.709756,1.585));
#13168 = LINE('',#13169,#13170);
#13169 = CARTESIAN_POINT('',(133.431837,-34.665156,1.585));
#13170 = VECTOR('',#13171,1.);
#13171 = DIRECTION('',(0.560085215237,-0.828435001478,0.));
#13172 = ORIENTED_EDGE('',*,*,#13173,.T.);
#13173 = EDGE_CURVE('',#13166,#13174,#13176,.T.);
#13174 = VERTEX_POINT('',#13175);
#13175 = CARTESIAN_POINT('',(133.506318,-34.740152,1.585));
#13176 = LINE('',#13177,#13178);
#13177 = CARTESIAN_POINT('',(133.46199,-34.709756,1.585));
#13178 = VECTOR('',#13179,1.);
#13179 = DIRECTION('',(0.824731827016,-0.565524016738,0.));
#13180 = ORIENTED_EDGE('',*,*,#13181,.T.);
#13181 = EDGE_CURVE('',#13174,#13182,#13184,.T.);
#13182 = VERTEX_POINT('',#13183);
#13183 = CARTESIAN_POINT('',(133.558161,-34.750209,1.585));
#13184 = LINE('',#13185,#13186);
#13185 = CARTESIAN_POINT('',(133.506318,-34.740152,1.585));
#13186 = VECTOR('',#13187,1.);
#13187 = DIRECTION('',(0.981698965717,-0.190439336038,0.));
#13188 = ORIENTED_EDGE('',*,*,#13189,.T.);
#13189 = EDGE_CURVE('',#13182,#13190,#13192,.T.);
#13190 = VERTEX_POINT('',#13191);
#13191 = CARTESIAN_POINT('',(135.199931,-34.750209,1.585));
#13192 = LINE('',#13193,#13194);
#13193 = CARTESIAN_POINT('',(133.558161,-34.750209,1.585));
#13194 = VECTOR('',#13195,1.);
#13195 = DIRECTION('',(1.,0.,0.));
#13196 = ORIENTED_EDGE('',*,*,#13197,.T.);
#13197 = EDGE_CURVE('',#13190,#13198,#13200,.T.);
#13198 = VERTEX_POINT('',#13199);
#13199 = CARTESIAN_POINT('',(135.199931,-35.0375,1.585));
#13200 = LINE('',#13201,#13202);
#13201 = CARTESIAN_POINT('',(135.199931,-34.750209,1.585));
#13202 = VECTOR('',#13203,1.);
#13203 = DIRECTION('',(0.,-1.,0.));
#13204 = ORIENTED_EDGE('',*,*,#13205,.T.);
#13205 = EDGE_CURVE('',#13198,#13206,#13208,.T.);
#13206 = VERTEX_POINT('',#13207);
#13207 = CARTESIAN_POINT('',(133.557703,-35.0375,1.585));
#13208 = LINE('',#13209,#13210);
#13209 = CARTESIAN_POINT('',(135.199931,-35.0375,1.585));
#13210 = VECTOR('',#13211,1.);
#13211 = DIRECTION('',(-1.,0.,0.));
#13212 = ORIENTED_EDGE('',*,*,#13213,.T.);
#13213 = EDGE_CURVE('',#13206,#13214,#13216,.T.);
#13214 = VERTEX_POINT('',#13215);
#13215 = CARTESIAN_POINT('',(133.446865,-35.022977,1.585));
#13216 = LINE('',#13217,#13218);
#13217 = CARTESIAN_POINT('',(133.557703,-35.0375,1.585));
#13218 = VECTOR('',#13219,1.);
#13219 = DIRECTION('',(-0.991524668953,0.129918554712,0.));
#13220 = ORIENTED_EDGE('',*,*,#13221,.T.);
#13221 = EDGE_CURVE('',#13214,#13222,#13224,.T.);
#13222 = VERTEX_POINT('',#13223);
#13223 = CARTESIAN_POINT('',(133.34628,-34.979797,1.585));
#13224 = LINE('',#13225,#13226);
#13225 = CARTESIAN_POINT('',(133.446865,-35.022977,1.585));
#13226 = VECTOR('',#13227,1.);
#13227 = DIRECTION('',(-0.918906232701,0.394476026525,0.));
#13228 = ORIENTED_EDGE('',*,*,#13229,.T.);
#13229 = EDGE_CURVE('',#13222,#13230,#13232,.T.);
#13230 = VERTEX_POINT('',#13231);
#13231 = CARTESIAN_POINT('',(133.149381,-34.724733,1.585));
#13232 = CIRCLE('',#13233,0.438922718365);
#13233 = AXIS2_PLACEMENT_3D('',#13234,#13235,#13236);
#13234 = CARTESIAN_POINT('',(133.57102016542,-34.60277576619,1.585));
#13235 = DIRECTION('',(0.,0.,-1.));
#13236 = DIRECTION('',(-0.51202673277,-0.858969513387,-0.));
#13237 = ORIENTED_EDGE('',*,*,#13238,.T.);
#13238 = EDGE_CURVE('',#13230,#13239,#13241,.T.);
#13239 = VERTEX_POINT('',#13240);
#13240 = CARTESIAN_POINT('',(133.134857,-34.613586,1.585));
#13241 = LINE('',#13242,#13243);
#13242 = CARTESIAN_POINT('',(133.149381,-34.724733,1.585));
#13243 = VECTOR('',#13244,1.);
#13244 = DIRECTION('',(-0.129572210799,0.991569988548,0.));
#13245 = ORIENTED_EDGE('',*,*,#13246,.T.);
#13246 = EDGE_CURVE('',#13239,#13247,#13249,.T.);
#13247 = VERTEX_POINT('',#13248);
#13248 = CARTESIAN_POINT('',(133.134937,-33.428702,1.585));
#13249 = LINE('',#13250,#13251);
#13250 = CARTESIAN_POINT('',(133.134857,-34.613586,1.585));
#13251 = VECTOR('',#13252,1.);
#13252 = DIRECTION('',(6.751715764128E-05,0.999999997721,0.));
#13253 = ORIENTED_EDGE('',*,*,#13254,.T.);
#13254 = EDGE_CURVE('',#13247,#13255,#13257,.T.);
#13255 = VERTEX_POINT('',#13256);
#13256 = CARTESIAN_POINT('',(133.149386,-33.318188,1.585));
#13257 = LINE('',#13258,#13259);
#13258 = CARTESIAN_POINT('',(133.134937,-33.428702,1.585));
#13259 = VECTOR('',#13260,1.);
#13260 = DIRECTION('',(0.129640282708,0.991561090957,0.));
#13261 = ORIENTED_EDGE('',*,*,#13262,.T.);
#13262 = EDGE_CURVE('',#13255,#13263,#13265,.T.);
#13263 = VERTEX_POINT('',#13264);
#13264 = CARTESIAN_POINT('',(133.34628,-33.063254,1.585));
#13265 = CIRCLE('',#13266,0.435215412393);
#13266 = AXIS2_PLACEMENT_3D('',#13267,#13268,#13269);
#13267 = CARTESIAN_POINT('',(133.5678245327,-33.43786109445,1.585));
#13268 = DIRECTION('',(0.,0.,-1.));
#13269 = DIRECTION('',(-0.961451549704,0.274974394394,0.));
#13270 = ORIENTED_EDGE('',*,*,#13271,.T.);
#13271 = EDGE_CURVE('',#13263,#13083,#13272,.T.);
#13272 = LINE('',#13273,#13274);
#13273 = CARTESIAN_POINT('',(133.34628,-33.063254,1.585));
#13274 = VECTOR('',#13275,1.);
#13275 = DIRECTION('',(0.918536092445,0.395337130657,0.));
#13276 = FACE_BOUND('',#13277,.F.);
#13277 = EDGE_LOOP('',(#13278,#13288,#13296,#13304,#13312,#13320,#13328,
    #13336,#13344,#13352,#13360,#13368));
#13278 = ORIENTED_EDGE('',*,*,#13279,.T.);
#13279 = EDGE_CURVE('',#13280,#13282,#13284,.T.);
#13280 = VERTEX_POINT('',#13281);
#13281 = CARTESIAN_POINT('',(134.828341,-33.30268,1.585));
#13282 = VERTEX_POINT('',#13283);
#13283 = CARTESIAN_POINT('',(134.776475,-33.29269,1.585));
#13284 = LINE('',#13285,#13286);
#13285 = CARTESIAN_POINT('',(134.828341,-33.30268,1.585));
#13286 = VECTOR('',#13287,1.);
#13287 = DIRECTION('',(-0.981951038806,0.189135288584,0.));
#13288 = ORIENTED_EDGE('',*,*,#13289,.T.);
#13289 = EDGE_CURVE('',#13282,#13290,#13292,.T.);
#13290 = VERTEX_POINT('',#13291);
#13291 = CARTESIAN_POINT('',(133.558466,-33.29269,1.585));
#13292 = LINE('',#13293,#13294);
#13293 = CARTESIAN_POINT('',(134.776475,-33.29269,1.585));
#13294 = VECTOR('',#13295,1.);
#13295 = DIRECTION('',(-1.,0.,0.));
#13296 = ORIENTED_EDGE('',*,*,#13297,.T.);
#13297 = EDGE_CURVE('',#13290,#13298,#13300,.T.);
#13298 = VERTEX_POINT('',#13299);
#13299 = CARTESIAN_POINT('',(133.506469,-33.302687,1.585));
#13300 = LINE('',#13301,#13302);
#13301 = CARTESIAN_POINT('',(133.558466,-33.29269,1.585));
#13302 = VECTOR('',#13303,1.);
#13303 = DIRECTION('',(-0.982014932562,-0.188803263281,0.));
#13304 = ORIENTED_EDGE('',*,*,#13305,.T.);
#13305 = EDGE_CURVE('',#13298,#13306,#13308,.T.);
#13306 = VERTEX_POINT('',#13307);
#13307 = CARTESIAN_POINT('',(133.462143,-33.332837,1.585));
#13308 = LINE('',#13309,#13310);
#13309 = CARTESIAN_POINT('',(133.506469,-33.302687,1.585));
#13310 = VECTOR('',#13311,1.);
#13311 = DIRECTION('',(-0.826854328613,-0.562416144197,0.));
#13312 = ORIENTED_EDGE('',*,*,#13313,.T.);
#13313 = EDGE_CURVE('',#13306,#13314,#13316,.T.);
#13314 = VERTEX_POINT('',#13315);
#13315 = CARTESIAN_POINT('',(133.431876,-33.3769,1.585));
#13316 = LINE('',#13317,#13318);
#13317 = CARTESIAN_POINT('',(133.462143,-33.332837,1.585));
#13318 = VECTOR('',#13319,1.);
#13319 = DIRECTION('',(-0.566194537359,-0.824271645675,0.));
#13320 = ORIENTED_EDGE('',*,*,#13321,.T.);
#13321 = EDGE_CURVE('',#13314,#13322,#13324,.T.);
#13322 = VERTEX_POINT('',#13323);
#13323 = CARTESIAN_POINT('',(133.421843,-33.428702,1.585));
#13324 = LINE('',#13325,#13326);
#13325 = CARTESIAN_POINT('',(133.431876,-33.3769,1.585));
#13326 = VECTOR('',#13327,1.);
#13327 = DIRECTION('',(-0.190146243629,-0.981755777184,0.));
#13328 = ORIENTED_EDGE('',*,*,#13329,.T.);
#13329 = EDGE_CURVE('',#13322,#13330,#13332,.T.);
#13330 = VERTEX_POINT('',#13331);
#13331 = CARTESIAN_POINT('',(133.421843,-33.874904,1.585));
#13332 = LINE('',#13333,#13334);
#13333 = CARTESIAN_POINT('',(133.421843,-33.428702,1.585));
#13334 = VECTOR('',#13335,1.);
#13335 = DIRECTION('',(0.,-1.,0.));
#13336 = ORIENTED_EDGE('',*,*,#13337,.T.);
#13337 = EDGE_CURVE('',#13330,#13338,#13340,.T.);
#13338 = VERTEX_POINT('',#13339);
#13339 = CARTESIAN_POINT('',(134.912945,-33.874904,1.585));
#13340 = LINE('',#13341,#13342);
#13341 = CARTESIAN_POINT('',(133.421843,-33.874904,1.585));
#13342 = VECTOR('',#13343,1.);
#13343 = DIRECTION('',(1.,0.,0.));
#13344 = ORIENTED_EDGE('',*,*,#13345,.T.);
#13345 = EDGE_CURVE('',#13338,#13346,#13348,.T.);
#13346 = VERTEX_POINT('',#13347);
#13347 = CARTESIAN_POINT('',(134.912945,-33.428702,1.585));
#13348 = LINE('',#13349,#13350);
#13349 = CARTESIAN_POINT('',(134.912945,-33.874904,1.585));
#13350 = VECTOR('',#13351,1.);
#13351 = DIRECTION('',(0.,1.,0.));
#13352 = ORIENTED_EDGE('',*,*,#13353,.T.);
#13353 = EDGE_CURVE('',#13346,#13354,#13356,.T.);
#13354 = VERTEX_POINT('',#13355);
#13355 = CARTESIAN_POINT('',(134.902912,-33.3769,1.585));
#13356 = LINE('',#13357,#13358);
#13357 = CARTESIAN_POINT('',(134.912945,-33.428702,1.585));
#13358 = VECTOR('',#13359,1.);
#13359 = DIRECTION('',(-0.19014624363,0.981755777184,0.));
#13360 = ORIENTED_EDGE('',*,*,#13361,.T.);
#13361 = EDGE_CURVE('',#13354,#13362,#13364,.T.);
#13362 = VERTEX_POINT('',#13363);
#13363 = CARTESIAN_POINT('',(134.872645,-33.332837,1.585));
#13364 = LINE('',#13365,#13366);
#13365 = CARTESIAN_POINT('',(134.902912,-33.3769,1.585));
#13366 = VECTOR('',#13367,1.);
#13367 = DIRECTION('',(-0.566194537359,0.824271645676,0.));
#13368 = ORIENTED_EDGE('',*,*,#13369,.T.);
#13369 = EDGE_CURVE('',#13362,#13280,#13370,.T.);
#13370 = LINE('',#13371,#13372);
#13371 = CARTESIAN_POINT('',(134.872645,-33.332837,1.585));
#13372 = VECTOR('',#13373,1.);
#13373 = DIRECTION('',(-0.826663697022,0.562696305324,0.));
#13374 = PLANE('',#13375);
#13375 = AXIS2_PLACEMENT_3D('',#13376,#13377,#13378);
#13376 = CARTESIAN_POINT('',(0.,0.,1.585));
#13377 = DIRECTION('',(0.,0.,1.));
#13378 = DIRECTION('',(1.,0.,-0.));
#13379 = SHELL_BASED_SURFACE_MODEL('',(#13380));
#13380 = OPEN_SHELL('',(#13381));
#13381 = ADVANCED_FACE('',(#13382),#13497,.T.);
#13382 = FACE_BOUND('',#13383,.F.);
#13383 = EDGE_LOOP('',(#13384,#13394,#13402,#13410,#13418,#13426,#13434,
    #13442,#13450,#13458,#13466,#13474,#13482,#13491));
#13384 = ORIENTED_EDGE('',*,*,#13385,.T.);
#13385 = EDGE_CURVE('',#13386,#13388,#13390,.T.);
#13386 = VERTEX_POINT('',#13387);
#13387 = CARTESIAN_POINT('',(135.860188,-33.019967,1.585));
#13388 = VERTEX_POINT('',#13389);
#13389 = CARTESIAN_POINT('',(135.97128,-33.005399,1.585));
#13390 = LINE('',#13391,#13392);
#13391 = CARTESIAN_POINT('',(135.860188,-33.019967,1.585));
#13392 = VECTOR('',#13393,1.);
#13393 = DIRECTION('',(0.991511190572,0.130021378896,0.));
#13394 = ORIENTED_EDGE('',*,*,#13395,.T.);
#13395 = EDGE_CURVE('',#13388,#13396,#13398,.T.);
#13396 = VERTEX_POINT('',#13397);
#13397 = CARTESIAN_POINT('',(137.111131,-33.005399,1.585));
#13398 = LINE('',#13399,#13400);
#13399 = CARTESIAN_POINT('',(135.97128,-33.005399,1.585));
#13400 = VECTOR('',#13401,1.);
#13401 = DIRECTION('',(1.,0.,0.));
#13402 = ORIENTED_EDGE('',*,*,#13403,.T.);
#13403 = EDGE_CURVE('',#13396,#13404,#13406,.T.);
#13404 = VERTEX_POINT('',#13405);
#13405 = CARTESIAN_POINT('',(137.111131,-33.29269,1.585));
#13406 = LINE('',#13407,#13408);
#13407 = CARTESIAN_POINT('',(137.111131,-33.005399,1.585));
#13408 = VECTOR('',#13409,1.);
#13409 = DIRECTION('',(0.,-1.,0.));
#13410 = ORIENTED_EDGE('',*,*,#13411,.T.);
#13411 = EDGE_CURVE('',#13404,#13412,#13414,.T.);
#13412 = VERTEX_POINT('',#13413);
#13413 = CARTESIAN_POINT('',(135.971433,-33.29269,1.585));
#13414 = LINE('',#13415,#13416);
#13415 = CARTESIAN_POINT('',(137.111131,-33.29269,1.585));
#13416 = VECTOR('',#13417,1.);
#13417 = DIRECTION('',(-1.,0.,0.));
#13418 = ORIENTED_EDGE('',*,*,#13419,.T.);
#13419 = EDGE_CURVE('',#13412,#13420,#13422,.T.);
#13420 = VERTEX_POINT('',#13421);
#13421 = CARTESIAN_POINT('',(135.919447,-33.30272,1.585));
#13422 = LINE('',#13423,#13424);
#13423 = CARTESIAN_POINT('',(135.971433,-33.29269,1.585));
#13424 = VECTOR('',#13425,1.);
#13425 = DIRECTION('',(-0.981891755205,-0.189442817388,0.));
#13426 = ORIENTED_EDGE('',*,*,#13427,.T.);
#13427 = EDGE_CURVE('',#13420,#13428,#13430,.T.);
#13428 = VERTEX_POINT('',#13429);
#13429 = CARTESIAN_POINT('',(135.87511,-33.33299,1.585));
#13430 = LINE('',#13431,#13432);
#13431 = CARTESIAN_POINT('',(135.919447,-33.30272,1.585));
#13432 = VECTOR('',#13433,1.);
#13433 = DIRECTION('',(-0.825878415276,-0.563848244816,0.));
#13434 = ORIENTED_EDGE('',*,*,#13435,.T.);
#13435 = EDGE_CURVE('',#13428,#13436,#13438,.T.);
#13436 = VERTEX_POINT('',#13437);
#13437 = CARTESIAN_POINT('',(135.844959,-33.377315,1.585));
#13438 = LINE('',#13439,#13440);
#13439 = CARTESIAN_POINT('',(135.87511,-33.33299,1.585));
#13440 = VECTOR('',#13441,1.);
#13441 = DIRECTION('',(-0.562437572343,-0.826839753046,0.));
#13442 = ORIENTED_EDGE('',*,*,#13443,.T.);
#13443 = EDGE_CURVE('',#13436,#13444,#13446,.T.);
#13444 = VERTEX_POINT('',#13445);
#13445 = CARTESIAN_POINT('',(135.834962,-33.429313,1.585));
#13446 = LINE('',#13447,#13448);
#13447 = CARTESIAN_POINT('',(135.844959,-33.377315,1.585));
#13448 = VECTOR('',#13449,1.);
#13449 = DIRECTION('',(-0.188799761738,-0.982015605766,0.));
#13450 = ORIENTED_EDGE('',*,*,#13451,.T.);
#13451 = EDGE_CURVE('',#13444,#13452,#13454,.T.);
#13452 = VERTEX_POINT('',#13453);
#13453 = CARTESIAN_POINT('',(135.834962,-35.0375,1.585));
#13454 = LINE('',#13455,#13456);
#13455 = CARTESIAN_POINT('',(135.834962,-33.429313,1.585));
#13456 = VECTOR('',#13457,1.);
#13457 = DIRECTION('',(0.,-1.,0.));
#13458 = ORIENTED_EDGE('',*,*,#13459,.T.);
#13459 = EDGE_CURVE('',#13452,#13460,#13462,.T.);
#13460 = VERTEX_POINT('',#13461);
#13461 = CARTESIAN_POINT('',(135.547977,-35.0375,1.585));
#13462 = LINE('',#13463,#13464);
#13463 = CARTESIAN_POINT('',(135.834962,-35.0375,1.585));
#13464 = VECTOR('',#13465,1.);
#13465 = DIRECTION('',(-1.,0.,0.));
#13466 = ORIENTED_EDGE('',*,*,#13467,.T.);
#13467 = EDGE_CURVE('',#13460,#13468,#13470,.T.);
#13468 = VERTEX_POINT('',#13469);
#13469 = CARTESIAN_POINT('',(135.547977,-33.429313,1.585));
#13470 = LINE('',#13471,#13472);
#13471 = CARTESIAN_POINT('',(135.547977,-35.0375,1.585));
#13472 = VECTOR('',#13473,1.);
#13473 = DIRECTION('',(0.,1.,0.));
#13474 = ORIENTED_EDGE('',*,*,#13475,.T.);
#13475 = EDGE_CURVE('',#13468,#13476,#13478,.T.);
#13476 = VERTEX_POINT('',#13477);
#13477 = CARTESIAN_POINT('',(135.562505,-33.318188,1.585));
#13478 = LINE('',#13479,#13480);
#13479 = CARTESIAN_POINT('',(135.547977,-33.429313,1.585));
#13480 = VECTOR('',#13481,1.);
#13481 = DIRECTION('',(0.129632524325,0.991562105285,0.));
#13482 = ORIENTED_EDGE('',*,*,#13483,.T.);
#13483 = EDGE_CURVE('',#13476,#13484,#13486,.T.);
#13484 = VERTEX_POINT('',#13485);
#13485 = CARTESIAN_POINT('',(135.759552,-33.063254,1.585));
#13486 = CIRCLE('',#13487,0.434798926578);
#13487 = AXIS2_PLACEMENT_3D('',#13488,#13489,#13490);
#13488 = CARTESIAN_POINT('',(135.98055763681,-33.43769573785,1.585));
#13489 = DIRECTION('',(0.,0.,-1.));
#13490 = DIRECTION('',(-0.96148497905,0.274857481364,0.));
#13491 = ORIENTED_EDGE('',*,*,#13492,.T.);
#13492 = EDGE_CURVE('',#13484,#13386,#13493,.T.);
#13493 = LINE('',#13494,#13495);
#13494 = CARTESIAN_POINT('',(135.759552,-33.063254,1.585));
#13495 = VECTOR('',#13496,1.);
#13496 = DIRECTION('',(0.91862439508,0.395131902995,0.));
#13497 = PLANE('',#13498);
#13498 = AXIS2_PLACEMENT_3D('',#13499,#13500,#13501);
#13499 = CARTESIAN_POINT('',(0.,0.,1.585));
#13500 = DIRECTION('',(0.,0.,1.));
#13501 = DIRECTION('',(1.,0.,-0.));
#13502 = SHELL_BASED_SURFACE_MODEL('',(#13503));
#13503 = OPEN_SHELL('',(#13504));
#13504 = ADVANCED_FACE('',(#13505),#13652,.T.);
#13505 = FACE_BOUND('',#13506,.F.);
#13506 = EDGE_LOOP('',(#13507,#13517,#13525,#13533,#13541,#13549,#13557,
    #13565,#13573,#13581,#13589,#13597,#13605,#13613,#13621,#13630,
    #13638,#13646));
#13507 = ORIENTED_EDGE('',*,*,#13508,.T.);
#13508 = EDGE_CURVE('',#13509,#13511,#13513,.T.);
#13509 = VERTEX_POINT('',#13510);
#13510 = CARTESIAN_POINT('',(137.338277,-34.613738,1.585));
#13511 = VERTEX_POINT('',#13512);
#13512 = CARTESIAN_POINT('',(137.338277,-32.341058,1.585));
#13513 = LINE('',#13514,#13515);
#13514 = CARTESIAN_POINT('',(137.338277,-34.613738,1.585));
#13515 = VECTOR('',#13516,1.);
#13516 = DIRECTION('',(0.,1.,0.));
#13517 = ORIENTED_EDGE('',*,*,#13518,.T.);
#13518 = EDGE_CURVE('',#13511,#13519,#13521,.T.);
#13519 = VERTEX_POINT('',#13520);
#13520 = CARTESIAN_POINT('',(137.625262,-32.341058,1.585));
#13521 = LINE('',#13522,#13523);
#13522 = CARTESIAN_POINT('',(137.338277,-32.341058,1.585));
#13523 = VECTOR('',#13524,1.);
#13524 = DIRECTION('',(1.,0.,0.));
#13525 = ORIENTED_EDGE('',*,*,#13526,.T.);
#13526 = EDGE_CURVE('',#13519,#13527,#13529,.T.);
#13527 = VERTEX_POINT('',#13528);
#13528 = CARTESIAN_POINT('',(137.625262,-33.005399,1.585));
#13529 = LINE('',#13530,#13531);
#13530 = CARTESIAN_POINT('',(137.625262,-32.341058,1.585));
#13531 = VECTOR('',#13532,1.);
#13532 = DIRECTION('',(0.,-1.,0.));
#13533 = ORIENTED_EDGE('',*,*,#13534,.T.);
#13534 = EDGE_CURVE('',#13527,#13535,#13537,.T.);
#13535 = VERTEX_POINT('',#13536);
#13536 = CARTESIAN_POINT('',(138.505758,-33.005399,1.585));
#13537 = LINE('',#13538,#13539);
#13538 = CARTESIAN_POINT('',(137.625262,-33.005399,1.585));
#13539 = VECTOR('',#13540,1.);
#13540 = DIRECTION('',(1.,0.,0.));
#13541 = ORIENTED_EDGE('',*,*,#13542,.T.);
#13542 = EDGE_CURVE('',#13535,#13543,#13545,.T.);
#13543 = VERTEX_POINT('',#13544);
#13544 = CARTESIAN_POINT('',(138.505758,-33.29269,1.585));
#13545 = LINE('',#13546,#13547);
#13546 = CARTESIAN_POINT('',(138.505758,-33.005399,1.585));
#13547 = VECTOR('',#13548,1.);
#13548 = DIRECTION('',(0.,-1.,0.));
#13549 = ORIENTED_EDGE('',*,*,#13550,.T.);
#13550 = EDGE_CURVE('',#13543,#13551,#13553,.T.);
#13551 = VERTEX_POINT('',#13552);
#13552 = CARTESIAN_POINT('',(137.625262,-33.29269,1.585));
#13553 = LINE('',#13554,#13555);
#13554 = CARTESIAN_POINT('',(138.505758,-33.29269,1.585));
#13555 = VECTOR('',#13556,1.);
#13556 = DIRECTION('',(-1.,0.,0.));
#13557 = ORIENTED_EDGE('',*,*,#13558,.T.);
#13558 = EDGE_CURVE('',#13551,#13559,#13561,.T.);
#13559 = VERTEX_POINT('',#13560);
#13560 = CARTESIAN_POINT('',(137.625262,-34.613586,1.585));
#13561 = LINE('',#13562,#13563);
#13562 = CARTESIAN_POINT('',(137.625262,-33.29269,1.585));
#13563 = VECTOR('',#13564,1.);
#13564 = DIRECTION('',(0.,-1.,0.));
#13565 = ORIENTED_EDGE('',*,*,#13566,.T.);
#13566 = EDGE_CURVE('',#13559,#13567,#13569,.T.);
#13567 = VERTEX_POINT('',#13568);
#13568 = CARTESIAN_POINT('',(137.635293,-34.665571,1.585));
#13569 = LINE('',#13570,#13571);
#13570 = CARTESIAN_POINT('',(137.625262,-34.613586,1.585));
#13571 = VECTOR('',#13572,1.);
#13572 = DIRECTION('',(0.189464540766,-0.981887563722,0.));
#13573 = ORIENTED_EDGE('',*,*,#13574,.T.);
#13574 = EDGE_CURVE('',#13567,#13575,#13577,.T.);
#13575 = VERTEX_POINT('',#13576);
#13576 = CARTESIAN_POINT('',(137.665562,-34.709909,1.585));
#13577 = LINE('',#13578,#13579);
#13578 = CARTESIAN_POINT('',(137.635293,-34.665571,1.585));
#13579 = VECTOR('',#13580,1.);
#13580 = DIRECTION('',(0.563826865341,-0.825893011182,0.));
#13581 = ORIENTED_EDGE('',*,*,#13582,.T.);
#13582 = EDGE_CURVE('',#13575,#13583,#13585,.T.);
#13583 = VERTEX_POINT('',#13584);
#13584 = CARTESIAN_POINT('',(137.710026,-34.740183,1.585));
#13585 = LINE('',#13586,#13587);
#13586 = CARTESIAN_POINT('',(137.665562,-34.709909,1.585));
#13587 = VECTOR('',#13588,1.);
#13588 = DIRECTION('',(0.826593727422,-0.562799084742,0.));
#13589 = ORIENTED_EDGE('',*,*,#13590,.T.);
#13590 = EDGE_CURVE('',#13583,#13591,#13593,.T.);
#13591 = VERTEX_POINT('',#13592);
#13592 = CARTESIAN_POINT('',(137.762038,-34.750209,1.585));
#13593 = LINE('',#13594,#13595);
#13594 = CARTESIAN_POINT('',(137.710026,-34.740183,1.585));
#13595 = VECTOR('',#13596,1.);
#13596 = DIRECTION('',(0.981923404093,-0.189278705865,0.));
#13597 = ORIENTED_EDGE('',*,*,#13598,.T.);
#13598 = EDGE_CURVE('',#13591,#13599,#13601,.T.);
#13599 = VERTEX_POINT('',#13600);
#13600 = CARTESIAN_POINT('',(138.505758,-34.750209,1.585));
#13601 = LINE('',#13602,#13603);
#13602 = CARTESIAN_POINT('',(137.762038,-34.750209,1.585));
#13603 = VECTOR('',#13604,1.);
#13604 = DIRECTION('',(1.,0.,0.));
#13605 = ORIENTED_EDGE('',*,*,#13606,.T.);
#13606 = EDGE_CURVE('',#13599,#13607,#13609,.T.);
#13607 = VERTEX_POINT('',#13608);
#13608 = CARTESIAN_POINT('',(138.505758,-35.0375,1.585));
#13609 = LINE('',#13610,#13611);
#13610 = CARTESIAN_POINT('',(138.505758,-34.750209,1.585));
#13611 = VECTOR('',#13612,1.);
#13612 = DIRECTION('',(0.,-1.,0.));
#13613 = ORIENTED_EDGE('',*,*,#13614,.T.);
#13614 = EDGE_CURVE('',#13607,#13615,#13617,.T.);
#13615 = VERTEX_POINT('',#13616);
#13616 = CARTESIAN_POINT('',(137.762496,-35.0375,1.585));
#13617 = LINE('',#13618,#13619);
#13618 = CARTESIAN_POINT('',(138.505758,-35.0375,1.585));
#13619 = VECTOR('',#13620,1.);
#13620 = DIRECTION('',(-1.,0.,0.));
#13621 = ORIENTED_EDGE('',*,*,#13622,.T.);
#13622 = EDGE_CURVE('',#13615,#13623,#13625,.T.);
#13623 = VERTEX_POINT('',#13624);
#13624 = CARTESIAN_POINT('',(137.460441,-34.912253,1.585));
#13625 = CIRCLE('',#13626,0.414870312676);
#13626 = AXIS2_PLACEMENT_3D('',#13627,#13628,#13629);
#13627 = CARTESIAN_POINT('',(137.75751511911,-34.62265958831,1.585));
#13628 = DIRECTION('',(0.,0.,-1.));
#13629 = DIRECTION('',(1.200587443827E-02,-0.999927926892,0.));
#13630 = ORIENTED_EDGE('',*,*,#13631,.T.);
#13631 = EDGE_CURVE('',#13623,#13632,#13634,.T.);
#13632 = VERTEX_POINT('',#13633);
#13633 = CARTESIAN_POINT('',(137.3943,-34.825619,1.585));
#13634 = LINE('',#13635,#13636);
#13635 = CARTESIAN_POINT('',(137.460441,-34.912253,1.585));
#13636 = VECTOR('',#13637,1.);
#13637 = DIRECTION('',(-0.606821613161,0.794838052562,0.));
#13638 = ORIENTED_EDGE('',*,*,#13639,.T.);
#13639 = EDGE_CURVE('',#13632,#13640,#13642,.T.);
#13640 = VERTEX_POINT('',#13641);
#13641 = CARTESIAN_POINT('',(137.352408,-34.724962,1.585));
#13642 = LINE('',#13643,#13644);
#13643 = CARTESIAN_POINT('',(137.3943,-34.825619,1.585));
#13644 = VECTOR('',#13645,1.);
#13645 = DIRECTION('',(-0.384236963111,0.923234507684,0.));
#13646 = ORIENTED_EDGE('',*,*,#13647,.T.);
#13647 = EDGE_CURVE('',#13640,#13509,#13648,.T.);
#13648 = LINE('',#13649,#13650);
#13649 = CARTESIAN_POINT('',(137.352408,-34.724962,1.585));
#13650 = VECTOR('',#13651,1.);
#13651 = DIRECTION('',(-0.126036766734,0.992025570956,0.));
#13652 = PLANE('',#13653);
#13653 = AXIS2_PLACEMENT_3D('',#13654,#13655,#13656);
#13654 = CARTESIAN_POINT('',(0.,0.,1.585));
#13655 = DIRECTION('',(0.,0.,1.));
#13656 = DIRECTION('',(1.,0.,-0.));
#13657 = SHELL_BASED_SURFACE_MODEL('',(#13658));
#13658 = OPEN_SHELL('',(#13659));
#13659 = ADVANCED_FACE('',(#13660,#13857),#13955,.T.);
#13660 = FACE_BOUND('',#13661,.F.);
#13661 = EDGE_LOOP('',(#13662,#13672,#13680,#13688,#13697,#13705,#13713,
    #13721,#13729,#13737,#13745,#13753,#13761,#13769,#13777,#13785,
    #13793,#13801,#13809,#13818,#13826,#13834,#13842,#13851));
#13662 = ORIENTED_EDGE('',*,*,#13663,.T.);
#13663 = EDGE_CURVE('',#13664,#13666,#13668,.T.);
#13664 = VERTEX_POINT('',#13665);
#13665 = CARTESIAN_POINT('',(139.07423,-33.019958,1.585));
#13666 = VERTEX_POINT('',#13667);
#13667 = CARTESIAN_POINT('',(139.185058,-33.005399,1.585));
#13668 = LINE('',#13669,#13670);
#13669 = CARTESIAN_POINT('',(139.07423,-33.019958,1.585));
#13670 = VECTOR('',#13671,1.);
#13671 = DIRECTION('',(0.991481617617,0.13024669642,0.));
#13672 = ORIENTED_EDGE('',*,*,#13673,.T.);
#13673 = EDGE_CURVE('',#13666,#13674,#13676,.T.);
#13674 = VERTEX_POINT('',#13675);
#13675 = CARTESIAN_POINT('',(140.401082,-33.005399,1.585));
#13676 = LINE('',#13677,#13678);
#13677 = CARTESIAN_POINT('',(139.185058,-33.005399,1.585));
#13678 = VECTOR('',#13679,1.);
#13679 = DIRECTION('',(1.,0.,0.));
#13680 = ORIENTED_EDGE('',*,*,#13681,.T.);
#13681 = EDGE_CURVE('',#13674,#13682,#13684,.T.);
#13682 = VERTEX_POINT('',#13683);
#13683 = CARTESIAN_POINT('',(140.514803,-33.020029,1.585));
#13684 = LINE('',#13685,#13686);
#13685 = CARTESIAN_POINT('',(140.401082,-33.005399,1.585));
#13686 = VECTOR('',#13687,1.);
#13687 = DIRECTION('',(0.991826143904,-0.1275966311,0.));
#13688 = ORIENTED_EDGE('',*,*,#13689,.T.);
#13689 = EDGE_CURVE('',#13682,#13690,#13692,.T.);
#13690 = VERTEX_POINT('',#13691);
#13691 = CARTESIAN_POINT('',(140.769584,-33.216822,1.585));
#13692 = CIRCLE('',#13693,0.432371649);
#13693 = AXIS2_PLACEMENT_3D('',#13694,#13695,#13696);
#13694 = CARTESIAN_POINT('',(140.39688965221,-33.43601179444,1.585));
#13695 = DIRECTION('',(0.,0.,-1.));
#13696 = DIRECTION('',(0.272712949745,0.96209544591,0.));
#13697 = ORIENTED_EDGE('',*,*,#13698,.T.);
#13698 = EDGE_CURVE('',#13690,#13699,#13701,.T.);
#13699 = VERTEX_POINT('',#13700);
#13700 = CARTESIAN_POINT('',(140.812763,-33.317407,1.585));
#13701 = LINE('',#13702,#13703);
#13702 = CARTESIAN_POINT('',(140.769584,-33.216822,1.585));
#13703 = VECTOR('',#13704,1.);
#13704 = DIRECTION('',(0.39446831247,-0.918909544219,0.));
#13705 = ORIENTED_EDGE('',*,*,#13706,.T.);
#13706 = EDGE_CURVE('',#13699,#13707,#13709,.T.);
#13707 = VERTEX_POINT('',#13708);
#13708 = CARTESIAN_POINT('',(140.827286,-33.428244,1.585));
#13709 = LINE('',#13710,#13711);
#13710 = CARTESIAN_POINT('',(140.812763,-33.317407,1.585));
#13711 = VECTOR('',#13712,1.);
#13712 = DIRECTION('',(0.129919707086,-0.991524517957,0.));
#13713 = ORIENTED_EDGE('',*,*,#13714,.T.);
#13714 = EDGE_CURVE('',#13707,#13715,#13717,.T.);
#13715 = VERTEX_POINT('',#13716);
#13716 = CARTESIAN_POINT('',(140.827286,-34.162194,1.585));
#13717 = LINE('',#13718,#13719);
#13718 = CARTESIAN_POINT('',(140.827286,-33.428244,1.585));
#13719 = VECTOR('',#13720,1.);
#13720 = DIRECTION('',(0.,-1.,0.));
#13721 = ORIENTED_EDGE('',*,*,#13722,.T.);
#13722 = EDGE_CURVE('',#13715,#13723,#13725,.T.);
#13723 = VERTEX_POINT('',#13724);
#13724 = CARTESIAN_POINT('',(139.049198,-34.162194,1.585));
#13725 = LINE('',#13726,#13727);
#13726 = CARTESIAN_POINT('',(140.827286,-34.162194,1.585));
#13727 = VECTOR('',#13728,1.);
#13728 = DIRECTION('',(-1.,0.,0.));
#13729 = ORIENTED_EDGE('',*,*,#13730,.T.);
#13730 = EDGE_CURVE('',#13723,#13731,#13733,.T.);
#13731 = VERTEX_POINT('',#13732);
#13732 = CARTESIAN_POINT('',(139.049198,-34.612975,1.585));
#13733 = LINE('',#13734,#13735);
#13734 = CARTESIAN_POINT('',(139.049198,-34.162194,1.585));
#13735 = VECTOR('',#13736,1.);
#13736 = DIRECTION('',(0.,-1.,0.));
#13737 = ORIENTED_EDGE('',*,*,#13738,.T.);
#13738 = EDGE_CURVE('',#13731,#13739,#13741,.T.);
#13739 = VERTEX_POINT('',#13740);
#13740 = CARTESIAN_POINT('',(139.059193,-34.665156,1.585));
#13741 = LINE('',#13742,#13743);
#13742 = CARTESIAN_POINT('',(139.049198,-34.612975,1.585));
#13743 = VECTOR('',#13744,1.);
#13744 = DIRECTION('',(0.188124807432,-0.982145130227,0.));
#13745 = ORIENTED_EDGE('',*,*,#13746,.T.);
#13746 = EDGE_CURVE('',#13739,#13747,#13749,.T.);
#13747 = VERTEX_POINT('',#13748);
#13748 = CARTESIAN_POINT('',(139.089345,-34.709756,1.585));
#13749 = LINE('',#13750,#13751);
#13750 = CARTESIAN_POINT('',(139.059193,-34.665156,1.585));
#13751 = VECTOR('',#13752,1.);
#13752 = DIRECTION('',(0.560072467085,-0.828443620057,0.));
#13753 = ORIENTED_EDGE('',*,*,#13754,.T.);
#13754 = EDGE_CURVE('',#13747,#13755,#13757,.T.);
#13755 = VERTEX_POINT('',#13756);
#13756 = CARTESIAN_POINT('',(139.133673,-34.740152,1.585));
#13757 = LINE('',#13758,#13759);
#13758 = CARTESIAN_POINT('',(139.089345,-34.709756,1.585));
#13759 = VECTOR('',#13760,1.);
#13760 = DIRECTION('',(0.824731827015,-0.565524016738,0.));
#13761 = ORIENTED_EDGE('',*,*,#13762,.T.);
#13762 = EDGE_CURVE('',#13755,#13763,#13765,.T.);
#13763 = VERTEX_POINT('',#13764);
#13764 = CARTESIAN_POINT('',(139.185516,-34.750209,1.585));
#13765 = LINE('',#13766,#13767);
#13766 = CARTESIAN_POINT('',(139.133673,-34.740152,1.585));
#13767 = VECTOR('',#13768,1.);
#13768 = DIRECTION('',(0.981698965717,-0.190439336038,0.));
#13769 = ORIENTED_EDGE('',*,*,#13770,.T.);
#13770 = EDGE_CURVE('',#13763,#13771,#13773,.T.);
#13771 = VERTEX_POINT('',#13772);
#13772 = CARTESIAN_POINT('',(140.827286,-34.750209,1.585));
#13773 = LINE('',#13774,#13775);
#13774 = CARTESIAN_POINT('',(139.185516,-34.750209,1.585));
#13775 = VECTOR('',#13776,1.);
#13776 = DIRECTION('',(1.,0.,0.));
#13777 = ORIENTED_EDGE('',*,*,#13778,.T.);
#13778 = EDGE_CURVE('',#13771,#13779,#13781,.T.);
#13779 = VERTEX_POINT('',#13780);
#13780 = CARTESIAN_POINT('',(140.827286,-35.0375,1.585));
#13781 = LINE('',#13782,#13783);
#13782 = CARTESIAN_POINT('',(140.827286,-34.750209,1.585));
#13783 = VECTOR('',#13784,1.);
#13784 = DIRECTION('',(0.,-1.,0.));
#13785 = ORIENTED_EDGE('',*,*,#13786,.T.);
#13786 = EDGE_CURVE('',#13779,#13787,#13789,.T.);
#13787 = VERTEX_POINT('',#13788);
#13788 = CARTESIAN_POINT('',(139.185058,-35.0375,1.585));
#13789 = LINE('',#13790,#13791);
#13790 = CARTESIAN_POINT('',(140.827286,-35.0375,1.585));
#13791 = VECTOR('',#13792,1.);
#13792 = DIRECTION('',(-1.,0.,0.));
#13793 = ORIENTED_EDGE('',*,*,#13794,.T.);
#13794 = EDGE_CURVE('',#13787,#13795,#13797,.T.);
#13795 = VERTEX_POINT('',#13796);
#13796 = CARTESIAN_POINT('',(139.074221,-35.022977,1.585));
#13797 = LINE('',#13798,#13799);
#13798 = CARTESIAN_POINT('',(139.185058,-35.0375,1.585));
#13799 = VECTOR('',#13800,1.);
#13800 = DIRECTION('',(-0.991524517957,0.129919707086,0.));
#13801 = ORIENTED_EDGE('',*,*,#13802,.T.);
#13802 = EDGE_CURVE('',#13795,#13803,#13805,.T.);
#13803 = VERTEX_POINT('',#13804);
#13804 = CARTESIAN_POINT('',(138.973635,-34.979797,1.585));
#13805 = LINE('',#13806,#13807);
#13806 = CARTESIAN_POINT('',(139.074221,-35.022977,1.585));
#13807 = VECTOR('',#13808,1.);
#13808 = DIRECTION('',(-0.918907654289,0.394472715012,0.));
#13809 = ORIENTED_EDGE('',*,*,#13810,.T.);
#13810 = EDGE_CURVE('',#13803,#13811,#13813,.T.);
#13811 = VERTEX_POINT('',#13812);
#13812 = CARTESIAN_POINT('',(138.776737,-34.724733,1.585));
#13813 = CIRCLE('',#13814,0.438928128707);
#13814 = AXIS2_PLACEMENT_3D('',#13815,#13816,#13817);
#13815 = CARTESIAN_POINT('',(139.19838097785,-34.60277293232,1.585));
#13816 = DIRECTION('',(0.,0.,-1.));
#13817 = DIRECTION('',(-0.512033663731,-0.858965381844,-0.));
#13818 = ORIENTED_EDGE('',*,*,#13819,.T.);
#13819 = EDGE_CURVE('',#13811,#13820,#13822,.T.);
#13820 = VERTEX_POINT('',#13821);
#13821 = CARTESIAN_POINT('',(138.762213,-34.613586,1.585));
#13822 = LINE('',#13823,#13824);
#13823 = CARTESIAN_POINT('',(138.776737,-34.724733,1.585));
#13824 = VECTOR('',#13825,1.);
#13825 = DIRECTION('',(-0.129572210799,0.991569988548,0.));
#13826 = ORIENTED_EDGE('',*,*,#13827,.T.);
#13827 = EDGE_CURVE('',#13820,#13828,#13830,.T.);
#13828 = VERTEX_POINT('',#13829);
#13829 = CARTESIAN_POINT('',(138.762293,-33.428702,1.585));
#13830 = LINE('',#13831,#13832);
#13831 = CARTESIAN_POINT('',(138.762213,-34.613586,1.585));
#13832 = VECTOR('',#13833,1.);
#13833 = DIRECTION('',(6.751715764128E-05,0.999999997721,0.));
#13834 = ORIENTED_EDGE('',*,*,#13835,.T.);
#13835 = EDGE_CURVE('',#13828,#13836,#13838,.T.);
#13836 = VERTEX_POINT('',#13837);
#13837 = CARTESIAN_POINT('',(138.776741,-33.318188,1.585));
#13838 = LINE('',#13839,#13840);
#13839 = CARTESIAN_POINT('',(138.762293,-33.428702,1.585));
#13840 = VECTOR('',#13841,1.);
#13841 = DIRECTION('',(0.129631461219,0.99156224427,0.));
#13842 = ORIENTED_EDGE('',*,*,#13843,.T.);
#13843 = EDGE_CURVE('',#13836,#13844,#13846,.T.);
#13844 = VERTEX_POINT('',#13845);
#13845 = CARTESIAN_POINT('',(138.973635,-33.063254,1.585));
#13846 = CIRCLE('',#13847,0.435215412394);
#13847 = AXIS2_PLACEMENT_3D('',#13848,#13849,#13850);
#13848 = CARTESIAN_POINT('',(139.1951795327,-33.43786109445,1.585));
#13849 = DIRECTION('',(0.,0.,-1.));
#13850 = DIRECTION('',(-0.961451549703,0.274974394395,0.));
#13851 = ORIENTED_EDGE('',*,*,#13852,.T.);
#13852 = EDGE_CURVE('',#13844,#13664,#13853,.T.);
#13853 = LINE('',#13854,#13855);
#13854 = CARTESIAN_POINT('',(138.973635,-33.063254,1.585));
#13855 = VECTOR('',#13856,1.);
#13856 = DIRECTION('',(0.918536092445,0.395337130657,0.));
#13857 = FACE_BOUND('',#13858,.F.);
#13858 = EDGE_LOOP('',(#13859,#13869,#13877,#13885,#13893,#13901,#13909,
    #13917,#13925,#13933,#13941,#13949));
#13859 = ORIENTED_EDGE('',*,*,#13860,.T.);
#13860 = EDGE_CURVE('',#13861,#13863,#13865,.T.);
#13861 = VERTEX_POINT('',#13862);
#13862 = CARTESIAN_POINT('',(140.455696,-33.30268,1.585));
#13863 = VERTEX_POINT('',#13864);
#13864 = CARTESIAN_POINT('',(140.40383,-33.29269,1.585));
#13865 = LINE('',#13866,#13867);
#13866 = CARTESIAN_POINT('',(140.455696,-33.30268,1.585));
#13867 = VECTOR('',#13868,1.);
#13868 = DIRECTION('',(-0.981951038806,0.189135288584,0.));
#13869 = ORIENTED_EDGE('',*,*,#13870,.T.);
#13870 = EDGE_CURVE('',#13863,#13871,#13873,.T.);
#13871 = VERTEX_POINT('',#13872);
#13872 = CARTESIAN_POINT('',(139.185821,-33.29269,1.585));
#13873 = LINE('',#13874,#13875);
#13874 = CARTESIAN_POINT('',(140.40383,-33.29269,1.585));
#13875 = VECTOR('',#13876,1.);
#13876 = DIRECTION('',(-1.,0.,0.));
#13877 = ORIENTED_EDGE('',*,*,#13878,.T.);
#13878 = EDGE_CURVE('',#13871,#13879,#13881,.T.);
#13879 = VERTEX_POINT('',#13880);
#13880 = CARTESIAN_POINT('',(139.133824,-33.302687,1.585));
#13881 = LINE('',#13882,#13883);
#13882 = CARTESIAN_POINT('',(139.185821,-33.29269,1.585));
#13883 = VECTOR('',#13884,1.);
#13884 = DIRECTION('',(-0.982014932562,-0.188803263281,0.));
#13885 = ORIENTED_EDGE('',*,*,#13886,.T.);
#13886 = EDGE_CURVE('',#13879,#13887,#13889,.T.);
#13887 = VERTEX_POINT('',#13888);
#13888 = CARTESIAN_POINT('',(139.089498,-33.332837,1.585));
#13889 = LINE('',#13890,#13891);
#13890 = CARTESIAN_POINT('',(139.133824,-33.302687,1.585));
#13891 = VECTOR('',#13892,1.);
#13892 = DIRECTION('',(-0.826854328613,-0.562416144197,0.));
#13893 = ORIENTED_EDGE('',*,*,#13894,.T.);
#13894 = EDGE_CURVE('',#13887,#13895,#13897,.T.);
#13895 = VERTEX_POINT('',#13896);
#13896 = CARTESIAN_POINT('',(139.059231,-33.3769,1.585));
#13897 = LINE('',#13898,#13899);
#13898 = CARTESIAN_POINT('',(139.089498,-33.332837,1.585));
#13899 = VECTOR('',#13900,1.);
#13900 = DIRECTION('',(-0.566194537359,-0.824271645676,0.));
#13901 = ORIENTED_EDGE('',*,*,#13902,.T.);
#13902 = EDGE_CURVE('',#13895,#13903,#13905,.T.);
#13903 = VERTEX_POINT('',#13904);
#13904 = CARTESIAN_POINT('',(139.049198,-33.428702,1.585));
#13905 = LINE('',#13906,#13907);
#13906 = CARTESIAN_POINT('',(139.059231,-33.3769,1.585));
#13907 = VECTOR('',#13908,1.);
#13908 = DIRECTION('',(-0.19014624363,-0.981755777184,0.));
#13909 = ORIENTED_EDGE('',*,*,#13910,.T.);
#13910 = EDGE_CURVE('',#13903,#13911,#13913,.T.);
#13911 = VERTEX_POINT('',#13912);
#13912 = CARTESIAN_POINT('',(139.049198,-33.874904,1.585));
#13913 = LINE('',#13914,#13915);
#13914 = CARTESIAN_POINT('',(139.049198,-33.428702,1.585));
#13915 = VECTOR('',#13916,1.);
#13916 = DIRECTION('',(0.,-1.,0.));
#13917 = ORIENTED_EDGE('',*,*,#13918,.T.);
#13918 = EDGE_CURVE('',#13911,#13919,#13921,.T.);
#13919 = VERTEX_POINT('',#13920);
#13920 = CARTESIAN_POINT('',(140.540301,-33.874904,1.585));
#13921 = LINE('',#13922,#13923);
#13922 = CARTESIAN_POINT('',(139.049198,-33.874904,1.585));
#13923 = VECTOR('',#13924,1.);
#13924 = DIRECTION('',(1.,0.,0.));
#13925 = ORIENTED_EDGE('',*,*,#13926,.T.);
#13926 = EDGE_CURVE('',#13919,#13927,#13929,.T.);
#13927 = VERTEX_POINT('',#13928);
#13928 = CARTESIAN_POINT('',(140.540301,-33.428702,1.585));
#13929 = LINE('',#13930,#13931);
#13930 = CARTESIAN_POINT('',(140.540301,-33.874904,1.585));
#13931 = VECTOR('',#13932,1.);
#13932 = DIRECTION('',(0.,1.,0.));
#13933 = ORIENTED_EDGE('',*,*,#13934,.T.);
#13934 = EDGE_CURVE('',#13927,#13935,#13937,.T.);
#13935 = VERTEX_POINT('',#13936);
#13936 = CARTESIAN_POINT('',(140.530267,-33.3769,1.585));
#13937 = LINE('',#13938,#13939);
#13938 = CARTESIAN_POINT('',(140.540301,-33.428702,1.585));
#13939 = VECTOR('',#13940,1.);
#13940 = DIRECTION('',(-0.190164510389,0.981752239105,0.));
#13941 = ORIENTED_EDGE('',*,*,#13942,.T.);
#13942 = EDGE_CURVE('',#13935,#13943,#13945,.T.);
#13943 = VERTEX_POINT('',#13944);
#13944 = CARTESIAN_POINT('',(140.5,-33.332837,1.585));
#13945 = LINE('',#13946,#13947);
#13946 = CARTESIAN_POINT('',(140.530267,-33.3769,1.585));
#13947 = VECTOR('',#13948,1.);
#13948 = DIRECTION('',(-0.566194537359,0.824271645675,0.));
#13949 = ORIENTED_EDGE('',*,*,#13950,.T.);
#13950 = EDGE_CURVE('',#13943,#13861,#13951,.T.);
#13951 = LINE('',#13952,#13953);
#13952 = CARTESIAN_POINT('',(140.5,-33.332837,1.585));
#13953 = VECTOR('',#13954,1.);
#13954 = DIRECTION('',(-0.826663697022,0.562696305324,0.));
#13955 = PLANE('',#13956);
#13956 = AXIS2_PLACEMENT_3D('',#13957,#13958,#13959);
#13957 = CARTESIAN_POINT('',(0.,0.,1.585));
#13958 = DIRECTION('',(0.,0.,1.));
#13959 = DIRECTION('',(1.,0.,-0.));
#13960 = SHELL_BASED_SURFACE_MODEL('',(#13961));
#13961 = OPEN_SHELL('',(#13962));
#13962 = ADVANCED_FACE('',(#13963),#14078,.T.);
#13963 = FACE_BOUND('',#13964,.F.);
#13964 = EDGE_LOOP('',(#13965,#13975,#13983,#13991,#13999,#14007,#14015,
    #14023,#14031,#14039,#14047,#14055,#14063,#14072));
#13965 = ORIENTED_EDGE('',*,*,#13966,.T.);
#13966 = EDGE_CURVE('',#13967,#13969,#13971,.T.);
#13967 = VERTEX_POINT('',#13968);
#13968 = CARTESIAN_POINT('',(141.487543,-33.019967,1.585));
#13969 = VERTEX_POINT('',#13970);
#13970 = CARTESIAN_POINT('',(141.598635,-33.005399,1.585));
#13971 = LINE('',#13972,#13973);
#13972 = CARTESIAN_POINT('',(141.487543,-33.019967,1.585));
#13973 = VECTOR('',#13974,1.);
#13974 = DIRECTION('',(0.991511190572,0.130021378896,0.));
#13975 = ORIENTED_EDGE('',*,*,#13976,.T.);
#13976 = EDGE_CURVE('',#13969,#13977,#13979,.T.);
#13977 = VERTEX_POINT('',#13978);
#13978 = CARTESIAN_POINT('',(142.738486,-33.005399,1.585));
#13979 = LINE('',#13980,#13981);
#13980 = CARTESIAN_POINT('',(141.598635,-33.005399,1.585));
#13981 = VECTOR('',#13982,1.);
#13982 = DIRECTION('',(1.,0.,0.));
#13983 = ORIENTED_EDGE('',*,*,#13984,.T.);
#13984 = EDGE_CURVE('',#13977,#13985,#13987,.T.);
#13985 = VERTEX_POINT('',#13986);
#13986 = CARTESIAN_POINT('',(142.738486,-33.29269,1.585));
#13987 = LINE('',#13988,#13989);
#13988 = CARTESIAN_POINT('',(142.738486,-33.005399,1.585));
#13989 = VECTOR('',#13990,1.);
#13990 = DIRECTION('',(0.,-1.,0.));
#13991 = ORIENTED_EDGE('',*,*,#13992,.T.);
#13992 = EDGE_CURVE('',#13985,#13993,#13995,.T.);
#13993 = VERTEX_POINT('',#13994);
#13994 = CARTESIAN_POINT('',(141.598788,-33.29269,1.585));
#13995 = LINE('',#13996,#13997);
#13996 = CARTESIAN_POINT('',(142.738486,-33.29269,1.585));
#13997 = VECTOR('',#13998,1.);
#13998 = DIRECTION('',(-1.,0.,0.));
#13999 = ORIENTED_EDGE('',*,*,#14000,.T.);
#14000 = EDGE_CURVE('',#13993,#14001,#14003,.T.);
#14001 = VERTEX_POINT('',#14002);
#14002 = CARTESIAN_POINT('',(141.546802,-33.30272,1.585));
#14003 = LINE('',#14004,#14005);
#14004 = CARTESIAN_POINT('',(141.598788,-33.29269,1.585));
#14005 = VECTOR('',#14006,1.);
#14006 = DIRECTION('',(-0.981891755205,-0.189442817388,0.));
#14007 = ORIENTED_EDGE('',*,*,#14008,.T.);
#14008 = EDGE_CURVE('',#14001,#14009,#14011,.T.);
#14009 = VERTEX_POINT('',#14010);
#14010 = CARTESIAN_POINT('',(141.502465,-33.33299,1.585));
#14011 = LINE('',#14012,#14013);
#14012 = CARTESIAN_POINT('',(141.546802,-33.30272,1.585));
#14013 = VECTOR('',#14014,1.);
#14014 = DIRECTION('',(-0.825878415276,-0.563848244816,0.));
#14015 = ORIENTED_EDGE('',*,*,#14016,.T.);
#14016 = EDGE_CURVE('',#14009,#14017,#14019,.T.);
#14017 = VERTEX_POINT('',#14018);
#14018 = CARTESIAN_POINT('',(141.472315,-33.377315,1.585));
#14019 = LINE('',#14020,#14021);
#14020 = CARTESIAN_POINT('',(141.502465,-33.33299,1.585));
#14021 = VECTOR('',#14022,1.);
#14022 = DIRECTION('',(-0.562424819056,-0.826848428015,0.));
#14023 = ORIENTED_EDGE('',*,*,#14024,.T.);
#14024 = EDGE_CURVE('',#14017,#14025,#14027,.T.);
#14025 = VERTEX_POINT('',#14026);
#14026 = CARTESIAN_POINT('',(141.462317,-33.429313,1.585));
#14027 = LINE('',#14028,#14029);
#14028 = CARTESIAN_POINT('',(141.472315,-33.377315,1.585));
#14029 = VECTOR('',#14030,1.);
#14030 = DIRECTION('',(-0.188817974097,-0.98201210413,0.));
#14031 = ORIENTED_EDGE('',*,*,#14032,.T.);
#14032 = EDGE_CURVE('',#14025,#14033,#14035,.T.);
#14033 = VERTEX_POINT('',#14034);
#14034 = CARTESIAN_POINT('',(141.462317,-35.0375,1.585));
#14035 = LINE('',#14036,#14037);
#14036 = CARTESIAN_POINT('',(141.462317,-33.429313,1.585));
#14037 = VECTOR('',#14038,1.);
#14038 = DIRECTION('',(0.,-1.,0.));
#14039 = ORIENTED_EDGE('',*,*,#14040,.T.);
#14040 = EDGE_CURVE('',#14033,#14041,#14043,.T.);
#14041 = VERTEX_POINT('',#14042);
#14042 = CARTESIAN_POINT('',(141.175332,-35.0375,1.585));
#14043 = LINE('',#14044,#14045);
#14044 = CARTESIAN_POINT('',(141.462317,-35.0375,1.585));
#14045 = VECTOR('',#14046,1.);
#14046 = DIRECTION('',(-1.,0.,0.));
#14047 = ORIENTED_EDGE('',*,*,#14048,.T.);
#14048 = EDGE_CURVE('',#14041,#14049,#14051,.T.);
#14049 = VERTEX_POINT('',#14050);
#14050 = CARTESIAN_POINT('',(141.175332,-33.429313,1.585));
#14051 = LINE('',#14052,#14053);
#14052 = CARTESIAN_POINT('',(141.175332,-35.0375,1.585));
#14053 = VECTOR('',#14054,1.);
#14054 = DIRECTION('',(0.,1.,0.));
#14055 = ORIENTED_EDGE('',*,*,#14056,.T.);
#14056 = EDGE_CURVE('',#14049,#14057,#14059,.T.);
#14057 = VERTEX_POINT('',#14058);
#14058 = CARTESIAN_POINT('',(141.18986,-33.318188,1.585));
#14059 = LINE('',#14060,#14061);
#14060 = CARTESIAN_POINT('',(141.175332,-33.429313,1.585));
#14061 = VECTOR('',#14062,1.);
#14062 = DIRECTION('',(0.129632524325,0.991562105285,0.));
#14063 = ORIENTED_EDGE('',*,*,#14064,.T.);
#14064 = EDGE_CURVE('',#14057,#14065,#14067,.T.);
#14065 = VERTEX_POINT('',#14066);
#14066 = CARTESIAN_POINT('',(141.386907,-33.063254,1.585));
#14067 = CIRCLE('',#14068,0.434798926578);
#14068 = AXIS2_PLACEMENT_3D('',#14069,#14070,#14071);
#14069 = CARTESIAN_POINT('',(141.60791263681,-33.43769573785,1.585));
#14070 = DIRECTION('',(0.,0.,-1.));
#14071 = DIRECTION('',(-0.96148497905,0.274857481364,0.));
#14072 = ORIENTED_EDGE('',*,*,#14073,.T.);
#14073 = EDGE_CURVE('',#14065,#13967,#14074,.T.);
#14074 = LINE('',#14075,#14076);
#14075 = CARTESIAN_POINT('',(141.386907,-33.063254,1.585));
#14076 = VECTOR('',#14077,1.);
#14077 = DIRECTION('',(0.91862439508,0.395131902995,0.));
#14078 = PLANE('',#14079);
#14079 = AXIS2_PLACEMENT_3D('',#14080,#14081,#14082);
#14080 = CARTESIAN_POINT('',(0.,0.,1.585));
#14081 = DIRECTION('',(0.,0.,1.));
#14082 = DIRECTION('',(1.,0.,-0.));
#14083 = ( GEOMETRIC_REPRESENTATION_CONTEXT(3) 
GLOBAL_UNCERTAINTY_ASSIGNED_CONTEXT((#14087)) 
GLOBAL_UNIT_ASSIGNED_CONTEXT((#14084,#14085,#14086)) 
REPRESENTATION_CONTEXT('Context #1',
  '3D Context with UNIT and UNCERTAINTY') );
#14084 = ( LENGTH_UNIT() NAMED_UNIT(*) SI_UNIT(.MILLI.,.METRE.) );
#14085 = ( NAMED_UNIT(*) PLANE_ANGLE_UNIT() SI_UNIT($,.RADIAN.) );
#14086 = ( NAMED_UNIT(*) SI_UNIT($,.STERADIAN.) SOLID_ANGLE_UNIT() );
#14087 = UNCERTAINTY_MEASURE_WITH_UNIT(LENGTH_MEASURE(1.E-07),#14084,
  'distance_accuracy_value','confusion accuracy');
#14088 = CONTEXT_DEPENDENT_SHAPE_REPRESENTATION(#14089,#14091);
#14089 = ( REPRESENTATION_RELATIONSHIP('','',#903,#10) 
REPRESENTATION_RELATIONSHIP_WITH_TRANSFORMATION(#14090) 
SHAPE_REPRESENTATION_RELATIONSHIP() );
#14090 = ITEM_DEFINED_TRANSFORMATION('','',#11,#19);
#14091 = PRODUCT_DEFINITION_SHAPE('Placement','Placement of an item',
  #14092);
#14092 = NEXT_ASSEMBLY_USAGE_OCCURRENCE('2','=>[0:1:1:3]','',#5,#898,$);
#14093 = PRODUCT_RELATED_PRODUCT_CATEGORY('part',$,(#900));
#14094 = SHAPE_DEFINITION_REPRESENTATION(#14095,#14101);
#14095 = PRODUCT_DEFINITION_SHAPE('','',#14096);
#14096 = PRODUCT_DEFINITION('design','',#14097,#14100);
#14097 = PRODUCT_DEFINITION_FORMATION('','',#14098);
#14098 = PRODUCT(
  'AttenuverterFaceplate-unsaved-export-2P21R3_soldermask',
  'AttenuverterFaceplate-unsaved-export-2P21R3_soldermask','',(#14099));
#14099 = PRODUCT_CONTEXT('',#2,'mechanical');
#14100 = PRODUCT_DEFINITION_CONTEXT('part definition',#2,'design');
#14101 = MANIFOLD_SURFACE_SHAPE_REPRESENTATION('',(#11,#14102),#14298);
#14102 = SHELL_BASED_SURFACE_MODEL('',(#14103));
#14103 = OPEN_SHELL('',(#14104));
#14104 = ADVANCED_FACE('',(#14105,#14139,#14150,#14161,#14172,#14183,
    #14194,#14205,#14216,#14227,#14238,#14249,#14260,#14271,#14282),
  #14293,.T.);
#14105 = FACE_BOUND('',#14106,.F.);
#14106 = EDGE_LOOP('',(#14107,#14117,#14125,#14133));
#14107 = ORIENTED_EDGE('',*,*,#14108,.T.);
#14108 = EDGE_CURVE('',#14109,#14111,#14113,.T.);
#14109 = VERTEX_POINT('',#14110);
#14110 = CARTESIAN_POINT('',(115.001384,-154.25,1.56));
#14111 = VERTEX_POINT('',#14112);
#14112 = CARTESIAN_POINT('',(115.001384,-25.75,1.56));
#14113 = LINE('',#14114,#14115);
#14114 = CARTESIAN_POINT('',(115.001384,-154.25,1.56));
#14115 = VECTOR('',#14116,1.);
#14116 = DIRECTION('',(0.,1.,0.));
#14117 = ORIENTED_EDGE('',*,*,#14118,.T.);
#14118 = EDGE_CURVE('',#14111,#14119,#14121,.T.);
#14119 = VERTEX_POINT('',#14120);
#14120 = CARTESIAN_POINT('',(145.001384,-25.75,1.56));
#14121 = LINE('',#14122,#14123);
#14122 = CARTESIAN_POINT('',(115.001384,-25.75,1.56));
#14123 = VECTOR('',#14124,1.);
#14124 = DIRECTION('',(1.,0.,0.));
#14125 = ORIENTED_EDGE('',*,*,#14126,.T.);
#14126 = EDGE_CURVE('',#14119,#14127,#14129,.T.);
#14127 = VERTEX_POINT('',#14128);
#14128 = CARTESIAN_POINT('',(145.001384,-154.25,1.56));
#14129 = LINE('',#14130,#14131);
#14130 = CARTESIAN_POINT('',(145.001384,-25.75,1.56));
#14131 = VECTOR('',#14132,1.);
#14132 = DIRECTION('',(0.,-1.,0.));
#14133 = ORIENTED_EDGE('',*,*,#14134,.T.);
#14134 = EDGE_CURVE('',#14127,#14109,#14135,.T.);
#14135 = LINE('',#14136,#14137);
#14136 = CARTESIAN_POINT('',(145.001384,-154.25,1.56));
#14137 = VECTOR('',#14138,1.);
#14138 = DIRECTION('',(-1.,0.,0.));
#14139 = FACE_BOUND('',#14140,.F.);
#14140 = EDGE_LOOP('',(#14141));
#14141 = ORIENTED_EDGE('',*,*,#14142,.T.);
#14142 = EDGE_CURVE('',#14143,#14143,#14145,.T.);
#14143 = VERTEX_POINT('',#14144);
#14144 = CARTESIAN_POINT('',(124.152384,-151.25,1.56));
#14145 = CIRCLE('',#14146,1.651);
#14146 = AXIS2_PLACEMENT_3D('',#14147,#14148,#14149);
#14147 = CARTESIAN_POINT('',(122.501384,-151.25,1.56));
#14148 = DIRECTION('',(0.,0.,1.));
#14149 = DIRECTION('',(1.,0.,-0.));
#14150 = FACE_BOUND('',#14151,.F.);
#14151 = EDGE_LOOP('',(#14152));
#14152 = ORIENTED_EDGE('',*,*,#14153,.T.);
#14153 = EDGE_CURVE('',#14154,#14154,#14156,.T.);
#14154 = VERTEX_POINT('',#14155);
#14155 = CARTESIAN_POINT('',(141.850999,-135.,1.56));
#14156 = CIRCLE('',#14157,3.050999);
#14157 = AXIS2_PLACEMENT_3D('',#14158,#14159,#14160);
#14158 = CARTESIAN_POINT('',(138.8,-135.,1.56));
#14159 = DIRECTION('',(0.,0.,1.));
#14160 = DIRECTION('',(1.,0.,-0.));
#14161 = FACE_BOUND('',#14162,.F.);
#14162 = EDGE_LOOP('',(#14163));
#14163 = ORIENTED_EDGE('',*,*,#14164,.T.);
#14164 = EDGE_CURVE('',#14165,#14165,#14167,.T.);
#14165 = VERTEX_POINT('',#14166);
#14166 = CARTESIAN_POINT('',(125.798232,-129.,1.56));
#14167 = CIRCLE('',#14168,3.551);
#14168 = AXIS2_PLACEMENT_3D('',#14169,#14170,#14171);
#14169 = CARTESIAN_POINT('',(122.247232,-129.,1.56));
#14170 = DIRECTION('',(0.,0.,1.));
#14171 = DIRECTION('',(1.,0.,-0.));
#14172 = FACE_BOUND('',#14173,.F.);
#14173 = EDGE_LOOP('',(#14174));
#14174 = ORIENTED_EDGE('',*,*,#14175,.T.);
#14175 = EDGE_CURVE('',#14176,#14176,#14178,.T.);
#14176 = VERTEX_POINT('',#14177);
#14177 = CARTESIAN_POINT('',(141.850999,-123.,1.56));
#14178 = CIRCLE('',#14179,3.050999);
#14179 = AXIS2_PLACEMENT_3D('',#14180,#14181,#14182);
#14180 = CARTESIAN_POINT('',(138.8,-123.,1.56));
#14181 = DIRECTION('',(0.,0.,1.));
#14182 = DIRECTION('',(1.,0.,-0.));
#14183 = FACE_BOUND('',#14184,.F.);
#14184 = EDGE_LOOP('',(#14185));
#14185 = ORIENTED_EDGE('',*,*,#14186,.T.);
#14186 = EDGE_CURVE('',#14187,#14187,#14189,.T.);
#14187 = VERTEX_POINT('',#14188);
#14188 = CARTESIAN_POINT('',(141.850999,-109.,1.56));
#14189 = CIRCLE('',#14190,3.050999);
#14190 = AXIS2_PLACEMENT_3D('',#14191,#14192,#14193);
#14191 = CARTESIAN_POINT('',(138.8,-109.,1.56));
#14192 = DIRECTION('',(0.,0.,1.));
#14193 = DIRECTION('',(1.,0.,-0.));
#14194 = FACE_BOUND('',#14195,.F.);
#14195 = EDGE_LOOP('',(#14196));
#14196 = ORIENTED_EDGE('',*,*,#14197,.T.);
#14197 = EDGE_CURVE('',#14198,#14198,#14200,.T.);
#14198 = VERTEX_POINT('',#14199);
#14199 = CARTESIAN_POINT('',(125.798232,-103.,1.56));
#14200 = CIRCLE('',#14201,3.551);
#14201 = AXIS2_PLACEMENT_3D('',#14202,#14203,#14204);
#14202 = CARTESIAN_POINT('',(122.247232,-103.,1.56));
#14203 = DIRECTION('',(0.,0.,1.));
#14204 = DIRECTION('',(1.,0.,-0.));
#14205 = FACE_BOUND('',#14206,.F.);
#14206 = EDGE_LOOP('',(#14207));
#14207 = ORIENTED_EDGE('',*,*,#14208,.T.);
#14208 = EDGE_CURVE('',#14209,#14209,#14211,.T.);
#14209 = VERTEX_POINT('',#14210);
#14210 = CARTESIAN_POINT('',(141.850999,-97.,1.56));
#14211 = CIRCLE('',#14212,3.050999);
#14212 = AXIS2_PLACEMENT_3D('',#14213,#14214,#14215);
#14213 = CARTESIAN_POINT('',(138.8,-97.,1.56));
#14214 = DIRECTION('',(0.,0.,1.));
#14215 = DIRECTION('',(1.,0.,-0.));
#14216 = FACE_BOUND('',#14217,.F.);
#14217 = EDGE_LOOP('',(#14218));
#14218 = ORIENTED_EDGE('',*,*,#14219,.T.);
#14219 = EDGE_CURVE('',#14220,#14220,#14222,.T.);
#14220 = VERTEX_POINT('',#14221);
#14221 = CARTESIAN_POINT('',(141.850999,-83.,1.56));
#14222 = CIRCLE('',#14223,3.050999);
#14223 = AXIS2_PLACEMENT_3D('',#14224,#14225,#14226);
#14224 = CARTESIAN_POINT('',(138.8,-83.,1.56));
#14225 = DIRECTION('',(0.,0.,1.));
#14226 = DIRECTION('',(1.,0.,-0.));
#14227 = FACE_BOUND('',#14228,.F.);
#14228 = EDGE_LOOP('',(#14229));
#14229 = ORIENTED_EDGE('',*,*,#14230,.T.);
#14230 = EDGE_CURVE('',#14231,#14231,#14233,.T.);
#14231 = VERTEX_POINT('',#14232);
#14232 = CARTESIAN_POINT('',(125.798232,-77.,1.56));
#14233 = CIRCLE('',#14234,3.551);
#14234 = AXIS2_PLACEMENT_3D('',#14235,#14236,#14237);
#14235 = CARTESIAN_POINT('',(122.247232,-77.,1.56));
#14236 = DIRECTION('',(0.,0.,1.));
#14237 = DIRECTION('',(1.,0.,-0.));
#14238 = FACE_BOUND('',#14239,.F.);
#14239 = EDGE_LOOP('',(#14240));
#14240 = ORIENTED_EDGE('',*,*,#14241,.T.);
#14241 = EDGE_CURVE('',#14242,#14242,#14244,.T.);
#14242 = VERTEX_POINT('',#14243);
#14243 = CARTESIAN_POINT('',(141.850999,-71.,1.56));
#14244 = CIRCLE('',#14245,3.050999);
#14245 = AXIS2_PLACEMENT_3D('',#14246,#14247,#14248);
#14246 = CARTESIAN_POINT('',(138.8,-71.,1.56));
#14247 = DIRECTION('',(0.,0.,1.));
#14248 = DIRECTION('',(1.,0.,-0.));
#14249 = FACE_BOUND('',#14250,.F.);
#14250 = EDGE_LOOP('',(#14251));
#14251 = ORIENTED_EDGE('',*,*,#14252,.T.);
#14252 = EDGE_CURVE('',#14253,#14253,#14255,.T.);
#14253 = VERTEX_POINT('',#14254);
#14254 = CARTESIAN_POINT('',(141.850999,-57.,1.56));
#14255 = CIRCLE('',#14256,3.050999);
#14256 = AXIS2_PLACEMENT_3D('',#14257,#14258,#14259);
#14257 = CARTESIAN_POINT('',(138.8,-57.,1.56));
#14258 = DIRECTION('',(0.,0.,1.));
#14259 = DIRECTION('',(1.,0.,-0.));
#14260 = FACE_BOUND('',#14261,.F.);
#14261 = EDGE_LOOP('',(#14262));
#14262 = ORIENTED_EDGE('',*,*,#14263,.T.);
#14263 = EDGE_CURVE('',#14264,#14264,#14266,.T.);
#14264 = VERTEX_POINT('',#14265);
#14265 = CARTESIAN_POINT('',(125.799616,-51.,1.56));
#14266 = CIRCLE('',#14267,3.551);
#14267 = AXIS2_PLACEMENT_3D('',#14268,#14269,#14270);
#14268 = CARTESIAN_POINT('',(122.248616,-51.,1.56));
#14269 = DIRECTION('',(0.,0.,1.));
#14270 = DIRECTION('',(1.,0.,-0.));
#14271 = FACE_BOUND('',#14272,.F.);
#14272 = EDGE_LOOP('',(#14273));
#14273 = ORIENTED_EDGE('',*,*,#14274,.T.);
#14274 = EDGE_CURVE('',#14275,#14275,#14277,.T.);
#14275 = VERTEX_POINT('',#14276);
#14276 = CARTESIAN_POINT('',(141.849615,-45.,1.56));
#14277 = CIRCLE('',#14278,3.050999);
#14278 = AXIS2_PLACEMENT_3D('',#14279,#14280,#14281);
#14279 = CARTESIAN_POINT('',(138.798616,-45.,1.56));
#14280 = DIRECTION('',(0.,0.,1.));
#14281 = DIRECTION('',(1.,0.,-0.));
#14282 = FACE_BOUND('',#14283,.F.);
#14283 = EDGE_LOOP('',(#14284));
#14284 = ORIENTED_EDGE('',*,*,#14285,.T.);
#14285 = EDGE_CURVE('',#14286,#14286,#14288,.T.);
#14286 = VERTEX_POINT('',#14287);
#14287 = CARTESIAN_POINT('',(124.152384,-28.75,1.56));
#14288 = CIRCLE('',#14289,1.651);
#14289 = AXIS2_PLACEMENT_3D('',#14290,#14291,#14292);
#14290 = CARTESIAN_POINT('',(122.501384,-28.75,1.56));
#14291 = DIRECTION('',(0.,0.,1.));
#14292 = DIRECTION('',(1.,0.,-0.));
#14293 = PLANE('',#14294);
#14294 = AXIS2_PLACEMENT_3D('',#14295,#14296,#14297);
#14295 = CARTESIAN_POINT('',(0.,0.,1.56));
#14296 = DIRECTION('',(0.,0.,1.));
#14297 = DIRECTION('',(1.,0.,-0.));
#14298 = ( GEOMETRIC_REPRESENTATION_CONTEXT(3) 
GLOBAL_UNCERTAINTY_ASSIGNED_CONTEXT((#14302)) 
GLOBAL_UNIT_ASSIGNED_CONTEXT((#14299,#14300,#14301)) 
REPRESENTATION_CONTEXT('Context #1',
  '3D Context with UNIT and UNCERTAINTY') );
#14299 = ( LENGTH_UNIT() NAMED_UNIT(*) SI_UNIT(.MILLI.,.METRE.) );
#14300 = ( NAMED_UNIT(*) PLANE_ANGLE_UNIT() SI_UNIT($,.RADIAN.) );
#14301 = ( NAMED_UNIT(*) SI_UNIT($,.STERADIAN.) SOLID_ANGLE_UNIT() );
#14302 = UNCERTAINTY_MEASURE_WITH_UNIT(LENGTH_MEASURE(1.E-07),#14299,
  'distance_accuracy_value','confusion accuracy');
#14303 = CONTEXT_DEPENDENT_SHAPE_REPRESENTATION(#14304,#14306);
#14304 = ( REPRESENTATION_RELATIONSHIP('','',#14101,#10) 
REPRESENTATION_RELATIONSHIP_WITH_TRANSFORMATION(#14305) 
SHAPE_REPRESENTATION_RELATIONSHIP() );
#14305 = ITEM_DEFINED_TRANSFORMATION('','',#11,#23);
#14306 = PRODUCT_DEFINITION_SHAPE('Placement','Placement of an item',
  #14307);
#14307 = NEXT_ASSEMBLY_USAGE_OCCURRENCE('3','=>[0:1:1:4]','',#5,#14096,$
  );
#14308 = PRODUCT_RELATED_PRODUCT_CATEGORY('part',$,(#14098));
#14309 = SHAPE_DEFINITION_REPRESENTATION(#14310,#14316);
#14310 = PRODUCT_DEFINITION_SHAPE('','',#14311);
#14311 = PRODUCT_DEFINITION('design','',#14312,#14315);
#14312 = PRODUCT_DEFINITION_FORMATION('','',#14313);
#14313 = PRODUCT(
  'AttenuverterFaceplate-unsaved-export-2P21R3_soldermask',
  'AttenuverterFaceplate-unsaved-export-2P21R3_soldermask','',(#14314));
#14314 = PRODUCT_CONTEXT('',#2,'mechanical');
#14315 = PRODUCT_DEFINITION_CONTEXT('part definition',#2,'design');
#14316 = MANIFOLD_SURFACE_SHAPE_REPRESENTATION('',(#11,#14317),#14513);
#14317 = SHELL_BASED_SURFACE_MODEL('',(#14318));
#14318 = OPEN_SHELL('',(#14319));
#14319 = ADVANCED_FACE('',(#14320,#14354,#14365,#14376,#14387,#14398,
    #14409,#14420,#14431,#14442,#14453,#14464,#14475,#14486,#14497),
  #14508,.T.);
#14320 = FACE_BOUND('',#14321,.T.);
#14321 = EDGE_LOOP('',(#14322,#14332,#14340,#14348));
#14322 = ORIENTED_EDGE('',*,*,#14323,.T.);
#14323 = EDGE_CURVE('',#14324,#14326,#14328,.T.);
#14324 = VERTEX_POINT('',#14325);
#14325 = CARTESIAN_POINT('',(115.001384,-154.25,-5.E-02));
#14326 = VERTEX_POINT('',#14327);
#14327 = CARTESIAN_POINT('',(115.001384,-25.75,-5.E-02));
#14328 = LINE('',#14329,#14330);
#14329 = CARTESIAN_POINT('',(115.001384,-154.25,-5.E-02));
#14330 = VECTOR('',#14331,1.);
#14331 = DIRECTION('',(0.,1.,0.));
#14332 = ORIENTED_EDGE('',*,*,#14333,.T.);
#14333 = EDGE_CURVE('',#14326,#14334,#14336,.T.);
#14334 = VERTEX_POINT('',#14335);
#14335 = CARTESIAN_POINT('',(145.001384,-25.75,-5.E-02));
#14336 = LINE('',#14337,#14338);
#14337 = CARTESIAN_POINT('',(115.001384,-25.75,-5.E-02));
#14338 = VECTOR('',#14339,1.);
#14339 = DIRECTION('',(1.,0.,0.));
#14340 = ORIENTED_EDGE('',*,*,#14341,.T.);
#14341 = EDGE_CURVE('',#14334,#14342,#14344,.T.);
#14342 = VERTEX_POINT('',#14343);
#14343 = CARTESIAN_POINT('',(145.001384,-154.25,-5.E-02));
#14344 = LINE('',#14345,#14346);
#14345 = CARTESIAN_POINT('',(145.001384,-25.75,-5.E-02));
#14346 = VECTOR('',#14347,1.);
#14347 = DIRECTION('',(0.,-1.,0.));
#14348 = ORIENTED_EDGE('',*,*,#14349,.T.);
#14349 = EDGE_CURVE('',#14342,#14324,#14350,.T.);
#14350 = LINE('',#14351,#14352);
#14351 = CARTESIAN_POINT('',(145.001384,-154.25,-5.E-02));
#14352 = VECTOR('',#14353,1.);
#14353 = DIRECTION('',(-1.,0.,0.));
#14354 = FACE_BOUND('',#14355,.T.);
#14355 = EDGE_LOOP('',(#14356));
#14356 = ORIENTED_EDGE('',*,*,#14357,.T.);
#14357 = EDGE_CURVE('',#14358,#14358,#14360,.T.);
#14358 = VERTEX_POINT('',#14359);
#14359 = CARTESIAN_POINT('',(124.152384,-151.25,-5.E-02));
#14360 = CIRCLE('',#14361,1.651);
#14361 = AXIS2_PLACEMENT_3D('',#14362,#14363,#14364);
#14362 = CARTESIAN_POINT('',(122.501384,-151.25,-5.E-02));
#14363 = DIRECTION('',(0.,0.,1.));
#14364 = DIRECTION('',(1.,0.,-0.));
#14365 = FACE_BOUND('',#14366,.T.);
#14366 = EDGE_LOOP('',(#14367));
#14367 = ORIENTED_EDGE('',*,*,#14368,.T.);
#14368 = EDGE_CURVE('',#14369,#14369,#14371,.T.);
#14369 = VERTEX_POINT('',#14370);
#14370 = CARTESIAN_POINT('',(141.850999,-135.,-5.E-02));
#14371 = CIRCLE('',#14372,3.050999);
#14372 = AXIS2_PLACEMENT_3D('',#14373,#14374,#14375);
#14373 = CARTESIAN_POINT('',(138.8,-135.,-5.E-02));
#14374 = DIRECTION('',(0.,0.,1.));
#14375 = DIRECTION('',(1.,0.,-0.));
#14376 = FACE_BOUND('',#14377,.T.);
#14377 = EDGE_LOOP('',(#14378));
#14378 = ORIENTED_EDGE('',*,*,#14379,.T.);
#14379 = EDGE_CURVE('',#14380,#14380,#14382,.T.);
#14380 = VERTEX_POINT('',#14381);
#14381 = CARTESIAN_POINT('',(125.798232,-129.,-5.E-02));
#14382 = CIRCLE('',#14383,3.551);
#14383 = AXIS2_PLACEMENT_3D('',#14384,#14385,#14386);
#14384 = CARTESIAN_POINT('',(122.247232,-129.,-5.E-02));
#14385 = DIRECTION('',(0.,0.,1.));
#14386 = DIRECTION('',(1.,0.,-0.));
#14387 = FACE_BOUND('',#14388,.T.);
#14388 = EDGE_LOOP('',(#14389));
#14389 = ORIENTED_EDGE('',*,*,#14390,.T.);
#14390 = EDGE_CURVE('',#14391,#14391,#14393,.T.);
#14391 = VERTEX_POINT('',#14392);
#14392 = CARTESIAN_POINT('',(141.850999,-123.,-5.E-02));
#14393 = CIRCLE('',#14394,3.050999);
#14394 = AXIS2_PLACEMENT_3D('',#14395,#14396,#14397);
#14395 = CARTESIAN_POINT('',(138.8,-123.,-5.E-02));
#14396 = DIRECTION('',(0.,0.,1.));
#14397 = DIRECTION('',(1.,0.,-0.));
#14398 = FACE_BOUND('',#14399,.T.);
#14399 = EDGE_LOOP('',(#14400));
#14400 = ORIENTED_EDGE('',*,*,#14401,.T.);
#14401 = EDGE_CURVE('',#14402,#14402,#14404,.T.);
#14402 = VERTEX_POINT('',#14403);
#14403 = CARTESIAN_POINT('',(141.850999,-109.,-5.E-02));
#14404 = CIRCLE('',#14405,3.050999);
#14405 = AXIS2_PLACEMENT_3D('',#14406,#14407,#14408);
#14406 = CARTESIAN_POINT('',(138.8,-109.,-5.E-02));
#14407 = DIRECTION('',(0.,0.,1.));
#14408 = DIRECTION('',(1.,0.,-0.));
#14409 = FACE_BOUND('',#14410,.T.);
#14410 = EDGE_LOOP('',(#14411));
#14411 = ORIENTED_EDGE('',*,*,#14412,.T.);
#14412 = EDGE_CURVE('',#14413,#14413,#14415,.T.);
#14413 = VERTEX_POINT('',#14414);
#14414 = CARTESIAN_POINT('',(125.798232,-103.,-5.E-02));
#14415 = CIRCLE('',#14416,3.551);
#14416 = AXIS2_PLACEMENT_3D('',#14417,#14418,#14419);
#14417 = CARTESIAN_POINT('',(122.247232,-103.,-5.E-02));
#14418 = DIRECTION('',(0.,0.,1.));
#14419 = DIRECTION('',(1.,0.,-0.));
#14420 = FACE_BOUND('',#14421,.T.);
#14421 = EDGE_LOOP('',(#14422));
#14422 = ORIENTED_EDGE('',*,*,#14423,.T.);
#14423 = EDGE_CURVE('',#14424,#14424,#14426,.T.);
#14424 = VERTEX_POINT('',#14425);
#14425 = CARTESIAN_POINT('',(141.850999,-97.,-5.E-02));
#14426 = CIRCLE('',#14427,3.050999);
#14427 = AXIS2_PLACEMENT_3D('',#14428,#14429,#14430);
#14428 = CARTESIAN_POINT('',(138.8,-97.,-5.E-02));
#14429 = DIRECTION('',(0.,0.,1.));
#14430 = DIRECTION('',(1.,0.,-0.));
#14431 = FACE_BOUND('',#14432,.T.);
#14432 = EDGE_LOOP('',(#14433));
#14433 = ORIENTED_EDGE('',*,*,#14434,.T.);
#14434 = EDGE_CURVE('',#14435,#14435,#14437,.T.);
#14435 = VERTEX_POINT('',#14436);
#14436 = CARTESIAN_POINT('',(141.850999,-83.,-5.E-02));
#14437 = CIRCLE('',#14438,3.050999);
#14438 = AXIS2_PLACEMENT_3D('',#14439,#14440,#14441);
#14439 = CARTESIAN_POINT('',(138.8,-83.,-5.E-02));
#14440 = DIRECTION('',(0.,0.,1.));
#14441 = DIRECTION('',(1.,0.,-0.));
#14442 = FACE_BOUND('',#14443,.T.);
#14443 = EDGE_LOOP('',(#14444));
#14444 = ORIENTED_EDGE('',*,*,#14445,.T.);
#14445 = EDGE_CURVE('',#14446,#14446,#14448,.T.);
#14446 = VERTEX_POINT('',#14447);
#14447 = CARTESIAN_POINT('',(125.798232,-77.,-5.E-02));
#14448 = CIRCLE('',#14449,3.551);
#14449 = AXIS2_PLACEMENT_3D('',#14450,#14451,#14452);
#14450 = CARTESIAN_POINT('',(122.247232,-77.,-5.E-02));
#14451 = DIRECTION('',(0.,0.,1.));
#14452 = DIRECTION('',(1.,0.,-0.));
#14453 = FACE_BOUND('',#14454,.T.);
#14454 = EDGE_LOOP('',(#14455));
#14455 = ORIENTED_EDGE('',*,*,#14456,.T.);
#14456 = EDGE_CURVE('',#14457,#14457,#14459,.T.);
#14457 = VERTEX_POINT('',#14458);
#14458 = CARTESIAN_POINT('',(141.850999,-71.,-5.E-02));
#14459 = CIRCLE('',#14460,3.050999);
#14460 = AXIS2_PLACEMENT_3D('',#14461,#14462,#14463);
#14461 = CARTESIAN_POINT('',(138.8,-71.,-5.E-02));
#14462 = DIRECTION('',(0.,0.,1.));
#14463 = DIRECTION('',(1.,0.,-0.));
#14464 = FACE_BOUND('',#14465,.T.);
#14465 = EDGE_LOOP('',(#14466));
#14466 = ORIENTED_EDGE('',*,*,#14467,.T.);
#14467 = EDGE_CURVE('',#14468,#14468,#14470,.T.);
#14468 = VERTEX_POINT('',#14469);
#14469 = CARTESIAN_POINT('',(141.850999,-57.,-5.E-02));
#14470 = CIRCLE('',#14471,3.050999);
#14471 = AXIS2_PLACEMENT_3D('',#14472,#14473,#14474);
#14472 = CARTESIAN_POINT('',(138.8,-57.,-5.E-02));
#14473 = DIRECTION('',(0.,0.,1.));
#14474 = DIRECTION('',(1.,0.,-0.));
#14475 = FACE_BOUND('',#14476,.T.);
#14476 = EDGE_LOOP('',(#14477));
#14477 = ORIENTED_EDGE('',*,*,#14478,.T.);
#14478 = EDGE_CURVE('',#14479,#14479,#14481,.T.);
#14479 = VERTEX_POINT('',#14480);
#14480 = CARTESIAN_POINT('',(125.799616,-51.,-5.E-02));
#14481 = CIRCLE('',#14482,3.551);
#14482 = AXIS2_PLACEMENT_3D('',#14483,#14484,#14485);
#14483 = CARTESIAN_POINT('',(122.248616,-51.,-5.E-02));
#14484 = DIRECTION('',(0.,0.,1.));
#14485 = DIRECTION('',(1.,0.,-0.));
#14486 = FACE_BOUND('',#14487,.T.);
#14487 = EDGE_LOOP('',(#14488));
#14488 = ORIENTED_EDGE('',*,*,#14489,.T.);
#14489 = EDGE_CURVE('',#14490,#14490,#14492,.T.);
#14490 = VERTEX_POINT('',#14491);
#14491 = CARTESIAN_POINT('',(141.849615,-45.,-5.E-02));
#14492 = CIRCLE('',#14493,3.050999);
#14493 = AXIS2_PLACEMENT_3D('',#14494,#14495,#14496);
#14494 = CARTESIAN_POINT('',(138.798616,-45.,-5.E-02));
#14495 = DIRECTION('',(0.,0.,1.));
#14496 = DIRECTION('',(1.,0.,-0.));
#14497 = FACE_BOUND('',#14498,.T.);
#14498 = EDGE_LOOP('',(#14499));
#14499 = ORIENTED_EDGE('',*,*,#14500,.T.);
#14500 = EDGE_CURVE('',#14501,#14501,#14503,.T.);
#14501 = VERTEX_POINT('',#14502);
#14502 = CARTESIAN_POINT('',(124.152384,-28.75,-5.E-02));
#14503 = CIRCLE('',#14504,1.651);
#14504 = AXIS2_PLACEMENT_3D('',#14505,#14506,#14507);
#14505 = CARTESIAN_POINT('',(122.501384,-28.75,-5.E-02));
#14506 = DIRECTION('',(0.,0.,1.));
#14507 = DIRECTION('',(1.,0.,-0.));
#14508 = PLANE('',#14509);
#14509 = AXIS2_PLACEMENT_3D('',#14510,#14511,#14512);
#14510 = CARTESIAN_POINT('',(0.,0.,-5.E-02));
#14511 = DIRECTION('',(-0.,-0.,-1.));
#14512 = DIRECTION('',(-1.,0.,0.));
#14513 = ( GEOMETRIC_REPRESENTATION_CONTEXT(3) 
GLOBAL_UNCERTAINTY_ASSIGNED_CONTEXT((#14517)) 
GLOBAL_UNIT_ASSIGNED_CONTEXT((#14514,#14515,#14516)) 
REPRESENTATION_CONTEXT('Context #1',
  '3D Context with UNIT and UNCERTAINTY') );
#14514 = ( LENGTH_UNIT() NAMED_UNIT(*) SI_UNIT(.MILLI.,.METRE.) );
#14515 = ( NAMED_UNIT(*) PLANE_ANGLE_UNIT() SI_UNIT($,.RADIAN.) );
#14516 = ( NAMED_UNIT(*) SI_UNIT($,.STERADIAN.) SOLID_ANGLE_UNIT() );
#14517 = UNCERTAINTY_MEASURE_WITH_UNIT(LENGTH_MEASURE(1.E-07),#14514,
  'distance_accuracy_value','confusion accuracy');
#14518 = CONTEXT_DEPENDENT_SHAPE_REPRESENTATION(#14519,#14521);
#14519 = ( REPRESENTATION_RELATIONSHIP('','',#14316,#10) 
REPRESENTATION_RELATIONSHIP_WITH_TRANSFORMATION(#14520) 
SHAPE_REPRESENTATION_RELATIONSHIP() );
#14520 = ITEM_DEFINED_TRANSFORMATION('','',#11,#27);
#14521 = PRODUCT_DEFINITION_SHAPE('Placement','Placement of an item',
  #14522);
#14522 = NEXT_ASSEMBLY_USAGE_OCCURRENCE('4','=>[0:1:1:5]','',#5,#14311,$
  );
#14523 = PRODUCT_RELATED_PRODUCT_CATEGORY('part',$,(#14313));
#14524 = SHAPE_DEFINITION_REPRESENTATION(#14525,#14531);
#14525 = PRODUCT_DEFINITION_SHAPE('','',#14526);
#14526 = PRODUCT_DEFINITION('design','',#14527,#14530);
#14527 = PRODUCT_DEFINITION_FORMATION('','',#14528);
#14528 = PRODUCT('AttenuverterFaceplate-unsaved-export-2P21R3_PCB',
  'AttenuverterFaceplate-unsaved-export-2P21R3_PCB','',(#14529));
#14529 = PRODUCT_CONTEXT('',#2,'mechanical');
#14530 = PRODUCT_DEFINITION_CONTEXT('part definition',#2,'design');
#14531 = ADVANCED_BREP_SHAPE_REPRESENTATION('',(#11,#14532),#15228);
#14532 = MANIFOLD_SOLID_BREP('',#14533);
#14533 = CLOSED_SHELL('',(#14534,#14574,#14605,#14636,#14807,#14978,
    #14990,#15007,#15024,#15041,#15058,#15075,#15092,#15109,#15126,
    #15143,#15160,#15177,#15194,#15211));
#14534 = ADVANCED_FACE('',(#14535),#14569,.T.);
#14535 = FACE_BOUND('',#14536,.T.);
#14536 = EDGE_LOOP('',(#14537,#14547,#14555,#14563));
#14537 = ORIENTED_EDGE('',*,*,#14538,.T.);
#14538 = EDGE_CURVE('',#14539,#14541,#14543,.T.);
#14539 = VERTEX_POINT('',#14540);
#14540 = CARTESIAN_POINT('',(145.001384,-154.25,0.));
#14541 = VERTEX_POINT('',#14542);
#14542 = CARTESIAN_POINT('',(145.001384,-154.25,1.51));
#14543 = LINE('',#14544,#14545);
#14544 = CARTESIAN_POINT('',(145.001384,-154.25,0.));
#14545 = VECTOR('',#14546,1.);
#14546 = DIRECTION('',(0.,0.,1.));
#14547 = ORIENTED_EDGE('',*,*,#14548,.T.);
#14548 = EDGE_CURVE('',#14541,#14549,#14551,.T.);
#14549 = VERTEX_POINT('',#14550);
#14550 = CARTESIAN_POINT('',(115.001384,-154.25,1.51));
#14551 = LINE('',#14552,#14553);
#14552 = CARTESIAN_POINT('',(145.001384,-154.25,1.51));
#14553 = VECTOR('',#14554,1.);
#14554 = DIRECTION('',(-1.,0.,0.));
#14555 = ORIENTED_EDGE('',*,*,#14556,.F.);
#14556 = EDGE_CURVE('',#14557,#14549,#14559,.T.);
#14557 = VERTEX_POINT('',#14558);
#14558 = CARTESIAN_POINT('',(115.001384,-154.25,0.));
#14559 = LINE('',#14560,#14561);
#14560 = CARTESIAN_POINT('',(115.001384,-154.25,0.));
#14561 = VECTOR('',#14562,1.);
#14562 = DIRECTION('',(0.,0.,1.));
#14563 = ORIENTED_EDGE('',*,*,#14564,.F.);
#14564 = EDGE_CURVE('',#14539,#14557,#14565,.T.);
#14565 = LINE('',#14566,#14567);
#14566 = CARTESIAN_POINT('',(145.001384,-154.25,0.));
#14567 = VECTOR('',#14568,1.);
#14568 = DIRECTION('',(-1.,0.,0.));
#14569 = PLANE('',#14570);
#14570 = AXIS2_PLACEMENT_3D('',#14571,#14572,#14573);
#14571 = CARTESIAN_POINT('',(145.001384,-154.25,0.));
#14572 = DIRECTION('',(0.,-1.,0.));
#14573 = DIRECTION('',(-1.,0.,0.));
#14574 = ADVANCED_FACE('',(#14575),#14600,.T.);
#14575 = FACE_BOUND('',#14576,.T.);
#14576 = EDGE_LOOP('',(#14577,#14587,#14593,#14594));
#14577 = ORIENTED_EDGE('',*,*,#14578,.T.);
#14578 = EDGE_CURVE('',#14579,#14581,#14583,.T.);
#14579 = VERTEX_POINT('',#14580);
#14580 = CARTESIAN_POINT('',(145.001384,-25.75,0.));
#14581 = VERTEX_POINT('',#14582);
#14582 = CARTESIAN_POINT('',(145.001384,-25.75,1.51));
#14583 = LINE('',#14584,#14585);
#14584 = CARTESIAN_POINT('',(145.001384,-25.75,0.));
#14585 = VECTOR('',#14586,1.);
#14586 = DIRECTION('',(0.,0.,1.));
#14587 = ORIENTED_EDGE('',*,*,#14588,.T.);
#14588 = EDGE_CURVE('',#14581,#14541,#14589,.T.);
#14589 = LINE('',#14590,#14591);
#14590 = CARTESIAN_POINT('',(145.001384,-25.75,1.51));
#14591 = VECTOR('',#14592,1.);
#14592 = DIRECTION('',(0.,-1.,0.));
#14593 = ORIENTED_EDGE('',*,*,#14538,.F.);
#14594 = ORIENTED_EDGE('',*,*,#14595,.F.);
#14595 = EDGE_CURVE('',#14579,#14539,#14596,.T.);
#14596 = LINE('',#14597,#14598);
#14597 = CARTESIAN_POINT('',(145.001384,-25.75,0.));
#14598 = VECTOR('',#14599,1.);
#14599 = DIRECTION('',(0.,-1.,0.));
#14600 = PLANE('',#14601);
#14601 = AXIS2_PLACEMENT_3D('',#14602,#14603,#14604);
#14602 = CARTESIAN_POINT('',(145.001384,-25.75,0.));
#14603 = DIRECTION('',(1.,0.,-0.));
#14604 = DIRECTION('',(0.,-1.,0.));
#14605 = ADVANCED_FACE('',(#14606),#14631,.T.);
#14606 = FACE_BOUND('',#14607,.T.);
#14607 = EDGE_LOOP('',(#14608,#14609,#14617,#14625));
#14608 = ORIENTED_EDGE('',*,*,#14556,.T.);
#14609 = ORIENTED_EDGE('',*,*,#14610,.T.);
#14610 = EDGE_CURVE('',#14549,#14611,#14613,.T.);
#14611 = VERTEX_POINT('',#14612);
#14612 = CARTESIAN_POINT('',(115.001384,-25.75,1.51));
#14613 = LINE('',#14614,#14615);
#14614 = CARTESIAN_POINT('',(115.001384,-154.25,1.51));
#14615 = VECTOR('',#14616,1.);
#14616 = DIRECTION('',(0.,1.,0.));
#14617 = ORIENTED_EDGE('',*,*,#14618,.F.);
#14618 = EDGE_CURVE('',#14619,#14611,#14621,.T.);
#14619 = VERTEX_POINT('',#14620);
#14620 = CARTESIAN_POINT('',(115.001384,-25.75,0.));
#14621 = LINE('',#14622,#14623);
#14622 = CARTESIAN_POINT('',(115.001384,-25.75,0.));
#14623 = VECTOR('',#14624,1.);
#14624 = DIRECTION('',(0.,0.,1.));
#14625 = ORIENTED_EDGE('',*,*,#14626,.F.);
#14626 = EDGE_CURVE('',#14557,#14619,#14627,.T.);
#14627 = LINE('',#14628,#14629);
#14628 = CARTESIAN_POINT('',(115.001384,-154.25,0.));
#14629 = VECTOR('',#14630,1.);
#14630 = DIRECTION('',(0.,1.,0.));
#14631 = PLANE('',#14632);
#14632 = AXIS2_PLACEMENT_3D('',#14633,#14634,#14635);
#14633 = CARTESIAN_POINT('',(115.001384,-154.25,0.));
#14634 = DIRECTION('',(-1.,0.,0.));
#14635 = DIRECTION('',(0.,1.,0.));
#14636 = ADVANCED_FACE('',(#14637,#14648,#14659,#14670,#14681,#14692,
    #14703,#14714,#14725,#14736,#14747,#14758,#14769,#14780,#14791),
  #14802,.F.);
#14637 = FACE_BOUND('',#14638,.F.);
#14638 = EDGE_LOOP('',(#14639,#14640,#14641,#14647));
#14639 = ORIENTED_EDGE('',*,*,#14564,.F.);
#14640 = ORIENTED_EDGE('',*,*,#14595,.F.);
#14641 = ORIENTED_EDGE('',*,*,#14642,.F.);
#14642 = EDGE_CURVE('',#14619,#14579,#14643,.T.);
#14643 = LINE('',#14644,#14645);
#14644 = CARTESIAN_POINT('',(115.001384,-25.75,0.));
#14645 = VECTOR('',#14646,1.);
#14646 = DIRECTION('',(1.,0.,0.));
#14647 = ORIENTED_EDGE('',*,*,#14626,.F.);
#14648 = FACE_BOUND('',#14649,.F.);
#14649 = EDGE_LOOP('',(#14650));
#14650 = ORIENTED_EDGE('',*,*,#14651,.T.);
#14651 = EDGE_CURVE('',#14652,#14652,#14654,.T.);
#14652 = VERTEX_POINT('',#14653);
#14653 = CARTESIAN_POINT('',(122.501384,-152.85,0.));
#14654 = CIRCLE('',#14655,1.6);
#14655 = AXIS2_PLACEMENT_3D('',#14656,#14657,#14658);
#14656 = CARTESIAN_POINT('',(122.501384,-151.25,0.));
#14657 = DIRECTION('',(-0.,0.,-1.));
#14658 = DIRECTION('',(-0.,-1.,0.));
#14659 = FACE_BOUND('',#14660,.F.);
#14660 = EDGE_LOOP('',(#14661));
#14661 = ORIENTED_EDGE('',*,*,#14662,.T.);
#14662 = EDGE_CURVE('',#14663,#14663,#14665,.T.);
#14663 = VERTEX_POINT('',#14664);
#14664 = CARTESIAN_POINT('',(122.247232,-132.5,0.));
#14665 = CIRCLE('',#14666,3.5);
#14666 = AXIS2_PLACEMENT_3D('',#14667,#14668,#14669);
#14667 = CARTESIAN_POINT('',(122.247232,-129.,0.));
#14668 = DIRECTION('',(-0.,0.,-1.));
#14669 = DIRECTION('',(-0.,-1.,0.));
#14670 = FACE_BOUND('',#14671,.F.);
#14671 = EDGE_LOOP('',(#14672));
#14672 = ORIENTED_EDGE('',*,*,#14673,.T.);
#14673 = EDGE_CURVE('',#14674,#14674,#14676,.T.);
#14674 = VERTEX_POINT('',#14675);
#14675 = CARTESIAN_POINT('',(122.247232,-106.5,0.));
#14676 = CIRCLE('',#14677,3.5);
#14677 = AXIS2_PLACEMENT_3D('',#14678,#14679,#14680);
#14678 = CARTESIAN_POINT('',(122.247232,-103.,0.));
#14679 = DIRECTION('',(-0.,0.,-1.));
#14680 = DIRECTION('',(-0.,-1.,0.));
#14681 = FACE_BOUND('',#14682,.F.);
#14682 = EDGE_LOOP('',(#14683));
#14683 = ORIENTED_EDGE('',*,*,#14684,.T.);
#14684 = EDGE_CURVE('',#14685,#14685,#14687,.T.);
#14685 = VERTEX_POINT('',#14686);
#14686 = CARTESIAN_POINT('',(138.8,-138.,0.));
#14687 = CIRCLE('',#14688,3.);
#14688 = AXIS2_PLACEMENT_3D('',#14689,#14690,#14691);
#14689 = CARTESIAN_POINT('',(138.8,-135.,0.));
#14690 = DIRECTION('',(-0.,0.,-1.));
#14691 = DIRECTION('',(-0.,-1.,0.));
#14692 = FACE_BOUND('',#14693,.F.);
#14693 = EDGE_LOOP('',(#14694));
#14694 = ORIENTED_EDGE('',*,*,#14695,.T.);
#14695 = EDGE_CURVE('',#14696,#14696,#14698,.T.);
#14696 = VERTEX_POINT('',#14697);
#14697 = CARTESIAN_POINT('',(138.8,-126.,0.));
#14698 = CIRCLE('',#14699,3.);
#14699 = AXIS2_PLACEMENT_3D('',#14700,#14701,#14702);
#14700 = CARTESIAN_POINT('',(138.8,-123.,0.));
#14701 = DIRECTION('',(-0.,0.,-1.));
#14702 = DIRECTION('',(-0.,-1.,0.));
#14703 = FACE_BOUND('',#14704,.F.);
#14704 = EDGE_LOOP('',(#14705));
#14705 = ORIENTED_EDGE('',*,*,#14706,.T.);
#14706 = EDGE_CURVE('',#14707,#14707,#14709,.T.);
#14707 = VERTEX_POINT('',#14708);
#14708 = CARTESIAN_POINT('',(138.8,-112.,0.));
#14709 = CIRCLE('',#14710,3.);
#14710 = AXIS2_PLACEMENT_3D('',#14711,#14712,#14713);
#14711 = CARTESIAN_POINT('',(138.8,-109.,0.));
#14712 = DIRECTION('',(-0.,0.,-1.));
#14713 = DIRECTION('',(-0.,-1.,0.));
#14714 = FACE_BOUND('',#14715,.F.);
#14715 = EDGE_LOOP('',(#14716));
#14716 = ORIENTED_EDGE('',*,*,#14717,.T.);
#14717 = EDGE_CURVE('',#14718,#14718,#14720,.T.);
#14718 = VERTEX_POINT('',#14719);
#14719 = CARTESIAN_POINT('',(138.8,-100.,0.));
#14720 = CIRCLE('',#14721,3.);
#14721 = AXIS2_PLACEMENT_3D('',#14722,#14723,#14724);
#14722 = CARTESIAN_POINT('',(138.8,-97.,0.));
#14723 = DIRECTION('',(-0.,0.,-1.));
#14724 = DIRECTION('',(-0.,-1.,0.));
#14725 = FACE_BOUND('',#14726,.F.);
#14726 = EDGE_LOOP('',(#14727));
#14727 = ORIENTED_EDGE('',*,*,#14728,.T.);
#14728 = EDGE_CURVE('',#14729,#14729,#14731,.T.);
#14729 = VERTEX_POINT('',#14730);
#14730 = CARTESIAN_POINT('',(122.247232,-80.5,0.));
#14731 = CIRCLE('',#14732,3.5);
#14732 = AXIS2_PLACEMENT_3D('',#14733,#14734,#14735);
#14733 = CARTESIAN_POINT('',(122.247232,-77.,0.));
#14734 = DIRECTION('',(-0.,0.,-1.));
#14735 = DIRECTION('',(-0.,-1.,0.));
#14736 = FACE_BOUND('',#14737,.F.);
#14737 = EDGE_LOOP('',(#14738));
#14738 = ORIENTED_EDGE('',*,*,#14739,.T.);
#14739 = EDGE_CURVE('',#14740,#14740,#14742,.T.);
#14740 = VERTEX_POINT('',#14741);
#14741 = CARTESIAN_POINT('',(122.248616,-54.5,0.));
#14742 = CIRCLE('',#14743,3.5);
#14743 = AXIS2_PLACEMENT_3D('',#14744,#14745,#14746);
#14744 = CARTESIAN_POINT('',(122.248616,-51.,0.));
#14745 = DIRECTION('',(-0.,0.,-1.));
#14746 = DIRECTION('',(-0.,-1.,0.));
#14747 = FACE_BOUND('',#14748,.F.);
#14748 = EDGE_LOOP('',(#14749));
#14749 = ORIENTED_EDGE('',*,*,#14750,.T.);
#14750 = EDGE_CURVE('',#14751,#14751,#14753,.T.);
#14751 = VERTEX_POINT('',#14752);
#14752 = CARTESIAN_POINT('',(122.501384,-30.35,0.));
#14753 = CIRCLE('',#14754,1.6);
#14754 = AXIS2_PLACEMENT_3D('',#14755,#14756,#14757);
#14755 = CARTESIAN_POINT('',(122.501384,-28.75,0.));
#14756 = DIRECTION('',(-0.,0.,-1.));
#14757 = DIRECTION('',(-0.,-1.,0.));
#14758 = FACE_BOUND('',#14759,.F.);
#14759 = EDGE_LOOP('',(#14760));
#14760 = ORIENTED_EDGE('',*,*,#14761,.T.);
#14761 = EDGE_CURVE('',#14762,#14762,#14764,.T.);
#14762 = VERTEX_POINT('',#14763);
#14763 = CARTESIAN_POINT('',(138.8,-86.,0.));
#14764 = CIRCLE('',#14765,3.);
#14765 = AXIS2_PLACEMENT_3D('',#14766,#14767,#14768);
#14766 = CARTESIAN_POINT('',(138.8,-83.,0.));
#14767 = DIRECTION('',(-0.,0.,-1.));
#14768 = DIRECTION('',(-0.,-1.,0.));
#14769 = FACE_BOUND('',#14770,.F.);
#14770 = EDGE_LOOP('',(#14771));
#14771 = ORIENTED_EDGE('',*,*,#14772,.T.);
#14772 = EDGE_CURVE('',#14773,#14773,#14775,.T.);
#14773 = VERTEX_POINT('',#14774);
#14774 = CARTESIAN_POINT('',(138.8,-74.,0.));
#14775 = CIRCLE('',#14776,3.);
#14776 = AXIS2_PLACEMENT_3D('',#14777,#14778,#14779);
#14777 = CARTESIAN_POINT('',(138.8,-71.,0.));
#14778 = DIRECTION('',(-0.,0.,-1.));
#14779 = DIRECTION('',(-0.,-1.,0.));
#14780 = FACE_BOUND('',#14781,.F.);
#14781 = EDGE_LOOP('',(#14782));
#14782 = ORIENTED_EDGE('',*,*,#14783,.T.);
#14783 = EDGE_CURVE('',#14784,#14784,#14786,.T.);
#14784 = VERTEX_POINT('',#14785);
#14785 = CARTESIAN_POINT('',(138.8,-60.,0.));
#14786 = CIRCLE('',#14787,3.);
#14787 = AXIS2_PLACEMENT_3D('',#14788,#14789,#14790);
#14788 = CARTESIAN_POINT('',(138.8,-57.,0.));
#14789 = DIRECTION('',(-0.,0.,-1.));
#14790 = DIRECTION('',(-0.,-1.,0.));
#14791 = FACE_BOUND('',#14792,.F.);
#14792 = EDGE_LOOP('',(#14793));
#14793 = ORIENTED_EDGE('',*,*,#14794,.T.);
#14794 = EDGE_CURVE('',#14795,#14795,#14797,.T.);
#14795 = VERTEX_POINT('',#14796);
#14796 = CARTESIAN_POINT('',(138.798616,-48.,0.));
#14797 = CIRCLE('',#14798,3.);
#14798 = AXIS2_PLACEMENT_3D('',#14799,#14800,#14801);
#14799 = CARTESIAN_POINT('',(138.798616,-45.,0.));
#14800 = DIRECTION('',(-0.,0.,-1.));
#14801 = DIRECTION('',(-0.,-1.,0.));
#14802 = PLANE('',#14803);
#14803 = AXIS2_PLACEMENT_3D('',#14804,#14805,#14806);
#14804 = CARTESIAN_POINT('',(0.,0.,0.));
#14805 = DIRECTION('',(0.,0.,1.));
#14806 = DIRECTION('',(1.,0.,-0.));
#14807 = ADVANCED_FACE('',(#14808,#14819,#14830,#14841,#14852,#14863,
    #14874,#14885,#14896,#14907,#14918,#14929,#14940,#14951,#14962),
  #14973,.T.);
#14808 = FACE_BOUND('',#14809,.T.);
#14809 = EDGE_LOOP('',(#14810,#14811,#14812,#14818));
#14810 = ORIENTED_EDGE('',*,*,#14548,.F.);
#14811 = ORIENTED_EDGE('',*,*,#14588,.F.);
#14812 = ORIENTED_EDGE('',*,*,#14813,.F.);
#14813 = EDGE_CURVE('',#14611,#14581,#14814,.T.);
#14814 = LINE('',#14815,#14816);
#14815 = CARTESIAN_POINT('',(115.001384,-25.75,1.51));
#14816 = VECTOR('',#14817,1.);
#14817 = DIRECTION('',(1.,0.,0.));
#14818 = ORIENTED_EDGE('',*,*,#14610,.F.);
#14819 = FACE_BOUND('',#14820,.T.);
#14820 = EDGE_LOOP('',(#14821));
#14821 = ORIENTED_EDGE('',*,*,#14822,.T.);
#14822 = EDGE_CURVE('',#14823,#14823,#14825,.T.);
#14823 = VERTEX_POINT('',#14824);
#14824 = CARTESIAN_POINT('',(122.501384,-152.85,1.51));
#14825 = CIRCLE('',#14826,1.6);
#14826 = AXIS2_PLACEMENT_3D('',#14827,#14828,#14829);
#14827 = CARTESIAN_POINT('',(122.501384,-151.25,1.51));
#14828 = DIRECTION('',(-0.,0.,-1.));
#14829 = DIRECTION('',(-0.,-1.,0.));
#14830 = FACE_BOUND('',#14831,.T.);
#14831 = EDGE_LOOP('',(#14832));
#14832 = ORIENTED_EDGE('',*,*,#14833,.T.);
#14833 = EDGE_CURVE('',#14834,#14834,#14836,.T.);
#14834 = VERTEX_POINT('',#14835);
#14835 = CARTESIAN_POINT('',(122.247232,-132.5,1.51));
#14836 = CIRCLE('',#14837,3.5);
#14837 = AXIS2_PLACEMENT_3D('',#14838,#14839,#14840);
#14838 = CARTESIAN_POINT('',(122.247232,-129.,1.51));
#14839 = DIRECTION('',(-0.,0.,-1.));
#14840 = DIRECTION('',(-0.,-1.,0.));
#14841 = FACE_BOUND('',#14842,.T.);
#14842 = EDGE_LOOP('',(#14843));
#14843 = ORIENTED_EDGE('',*,*,#14844,.T.);
#14844 = EDGE_CURVE('',#14845,#14845,#14847,.T.);
#14845 = VERTEX_POINT('',#14846);
#14846 = CARTESIAN_POINT('',(122.247232,-106.5,1.51));
#14847 = CIRCLE('',#14848,3.5);
#14848 = AXIS2_PLACEMENT_3D('',#14849,#14850,#14851);
#14849 = CARTESIAN_POINT('',(122.247232,-103.,1.51));
#14850 = DIRECTION('',(-0.,0.,-1.));
#14851 = DIRECTION('',(-0.,-1.,0.));
#14852 = FACE_BOUND('',#14853,.T.);
#14853 = EDGE_LOOP('',(#14854));
#14854 = ORIENTED_EDGE('',*,*,#14855,.T.);
#14855 = EDGE_CURVE('',#14856,#14856,#14858,.T.);
#14856 = VERTEX_POINT('',#14857);
#14857 = CARTESIAN_POINT('',(138.8,-138.,1.51));
#14858 = CIRCLE('',#14859,3.);
#14859 = AXIS2_PLACEMENT_3D('',#14860,#14861,#14862);
#14860 = CARTESIAN_POINT('',(138.8,-135.,1.51));
#14861 = DIRECTION('',(-0.,0.,-1.));
#14862 = DIRECTION('',(-0.,-1.,0.));
#14863 = FACE_BOUND('',#14864,.T.);
#14864 = EDGE_LOOP('',(#14865));
#14865 = ORIENTED_EDGE('',*,*,#14866,.T.);
#14866 = EDGE_CURVE('',#14867,#14867,#14869,.T.);
#14867 = VERTEX_POINT('',#14868);
#14868 = CARTESIAN_POINT('',(138.8,-126.,1.51));
#14869 = CIRCLE('',#14870,3.);
#14870 = AXIS2_PLACEMENT_3D('',#14871,#14872,#14873);
#14871 = CARTESIAN_POINT('',(138.8,-123.,1.51));
#14872 = DIRECTION('',(-0.,0.,-1.));
#14873 = DIRECTION('',(-0.,-1.,0.));
#14874 = FACE_BOUND('',#14875,.T.);
#14875 = EDGE_LOOP('',(#14876));
#14876 = ORIENTED_EDGE('',*,*,#14877,.T.);
#14877 = EDGE_CURVE('',#14878,#14878,#14880,.T.);
#14878 = VERTEX_POINT('',#14879);
#14879 = CARTESIAN_POINT('',(138.8,-112.,1.51));
#14880 = CIRCLE('',#14881,3.);
#14881 = AXIS2_PLACEMENT_3D('',#14882,#14883,#14884);
#14882 = CARTESIAN_POINT('',(138.8,-109.,1.51));
#14883 = DIRECTION('',(-0.,0.,-1.));
#14884 = DIRECTION('',(-0.,-1.,0.));
#14885 = FACE_BOUND('',#14886,.T.);
#14886 = EDGE_LOOP('',(#14887));
#14887 = ORIENTED_EDGE('',*,*,#14888,.T.);
#14888 = EDGE_CURVE('',#14889,#14889,#14891,.T.);
#14889 = VERTEX_POINT('',#14890);
#14890 = CARTESIAN_POINT('',(138.8,-100.,1.51));
#14891 = CIRCLE('',#14892,3.);
#14892 = AXIS2_PLACEMENT_3D('',#14893,#14894,#14895);
#14893 = CARTESIAN_POINT('',(138.8,-97.,1.51));
#14894 = DIRECTION('',(-0.,0.,-1.));
#14895 = DIRECTION('',(-0.,-1.,0.));
#14896 = FACE_BOUND('',#14897,.T.);
#14897 = EDGE_LOOP('',(#14898));
#14898 = ORIENTED_EDGE('',*,*,#14899,.T.);
#14899 = EDGE_CURVE('',#14900,#14900,#14902,.T.);
#14900 = VERTEX_POINT('',#14901);
#14901 = CARTESIAN_POINT('',(122.247232,-80.5,1.51));
#14902 = CIRCLE('',#14903,3.5);
#14903 = AXIS2_PLACEMENT_3D('',#14904,#14905,#14906);
#14904 = CARTESIAN_POINT('',(122.247232,-77.,1.51));
#14905 = DIRECTION('',(-0.,0.,-1.));
#14906 = DIRECTION('',(-0.,-1.,0.));
#14907 = FACE_BOUND('',#14908,.T.);
#14908 = EDGE_LOOP('',(#14909));
#14909 = ORIENTED_EDGE('',*,*,#14910,.T.);
#14910 = EDGE_CURVE('',#14911,#14911,#14913,.T.);
#14911 = VERTEX_POINT('',#14912);
#14912 = CARTESIAN_POINT('',(122.248616,-54.5,1.51));
#14913 = CIRCLE('',#14914,3.5);
#14914 = AXIS2_PLACEMENT_3D('',#14915,#14916,#14917);
#14915 = CARTESIAN_POINT('',(122.248616,-51.,1.51));
#14916 = DIRECTION('',(-0.,0.,-1.));
#14917 = DIRECTION('',(-0.,-1.,0.));
#14918 = FACE_BOUND('',#14919,.T.);
#14919 = EDGE_LOOP('',(#14920));
#14920 = ORIENTED_EDGE('',*,*,#14921,.T.);
#14921 = EDGE_CURVE('',#14922,#14922,#14924,.T.);
#14922 = VERTEX_POINT('',#14923);
#14923 = CARTESIAN_POINT('',(122.501384,-30.35,1.51));
#14924 = CIRCLE('',#14925,1.6);
#14925 = AXIS2_PLACEMENT_3D('',#14926,#14927,#14928);
#14926 = CARTESIAN_POINT('',(122.501384,-28.75,1.51));
#14927 = DIRECTION('',(-0.,0.,-1.));
#14928 = DIRECTION('',(-0.,-1.,0.));
#14929 = FACE_BOUND('',#14930,.T.);
#14930 = EDGE_LOOP('',(#14931));
#14931 = ORIENTED_EDGE('',*,*,#14932,.T.);
#14932 = EDGE_CURVE('',#14933,#14933,#14935,.T.);
#14933 = VERTEX_POINT('',#14934);
#14934 = CARTESIAN_POINT('',(138.8,-86.,1.51));
#14935 = CIRCLE('',#14936,3.);
#14936 = AXIS2_PLACEMENT_3D('',#14937,#14938,#14939);
#14937 = CARTESIAN_POINT('',(138.8,-83.,1.51));
#14938 = DIRECTION('',(-0.,0.,-1.));
#14939 = DIRECTION('',(-0.,-1.,0.));
#14940 = FACE_BOUND('',#14941,.T.);
#14941 = EDGE_LOOP('',(#14942));
#14942 = ORIENTED_EDGE('',*,*,#14943,.T.);
#14943 = EDGE_CURVE('',#14944,#14944,#14946,.T.);
#14944 = VERTEX_POINT('',#14945);
#14945 = CARTESIAN_POINT('',(138.8,-74.,1.51));
#14946 = CIRCLE('',#14947,3.);
#14947 = AXIS2_PLACEMENT_3D('',#14948,#14949,#14950);
#14948 = CARTESIAN_POINT('',(138.8,-71.,1.51));
#14949 = DIRECTION('',(-0.,0.,-1.));
#14950 = DIRECTION('',(-0.,-1.,0.));
#14951 = FACE_BOUND('',#14952,.T.);
#14952 = EDGE_LOOP('',(#14953));
#14953 = ORIENTED_EDGE('',*,*,#14954,.T.);
#14954 = EDGE_CURVE('',#14955,#14955,#14957,.T.);
#14955 = VERTEX_POINT('',#14956);
#14956 = CARTESIAN_POINT('',(138.8,-60.,1.51));
#14957 = CIRCLE('',#14958,3.);
#14958 = AXIS2_PLACEMENT_3D('',#14959,#14960,#14961);
#14959 = CARTESIAN_POINT('',(138.8,-57.,1.51));
#14960 = DIRECTION('',(-0.,0.,-1.));
#14961 = DIRECTION('',(-0.,-1.,0.));
#14962 = FACE_BOUND('',#14963,.T.);
#14963 = EDGE_LOOP('',(#14964));
#14964 = ORIENTED_EDGE('',*,*,#14965,.T.);
#14965 = EDGE_CURVE('',#14966,#14966,#14968,.T.);
#14966 = VERTEX_POINT('',#14967);
#14967 = CARTESIAN_POINT('',(138.798616,-48.,1.51));
#14968 = CIRCLE('',#14969,3.);
#14969 = AXIS2_PLACEMENT_3D('',#14970,#14971,#14972);
#14970 = CARTESIAN_POINT('',(138.798616,-45.,1.51));
#14971 = DIRECTION('',(-0.,0.,-1.));
#14972 = DIRECTION('',(-0.,-1.,0.));
#14973 = PLANE('',#14974);
#14974 = AXIS2_PLACEMENT_3D('',#14975,#14976,#14977);
#14975 = CARTESIAN_POINT('',(0.,0.,1.51));
#14976 = DIRECTION('',(0.,0.,1.));
#14977 = DIRECTION('',(1.,0.,-0.));
#14978 = ADVANCED_FACE('',(#14979),#14985,.T.);
#14979 = FACE_BOUND('',#14980,.T.);
#14980 = EDGE_LOOP('',(#14981,#14982,#14983,#14984));
#14981 = ORIENTED_EDGE('',*,*,#14618,.T.);
#14982 = ORIENTED_EDGE('',*,*,#14813,.T.);
#14983 = ORIENTED_EDGE('',*,*,#14578,.F.);
#14984 = ORIENTED_EDGE('',*,*,#14642,.F.);
#14985 = PLANE('',#14986);
#14986 = AXIS2_PLACEMENT_3D('',#14987,#14988,#14989);
#14987 = CARTESIAN_POINT('',(115.001384,-25.75,0.));
#14988 = DIRECTION('',(0.,1.,0.));
#14989 = DIRECTION('',(1.,0.,0.));
#14990 = ADVANCED_FACE('',(#14991),#15002,.F.);
#14991 = FACE_BOUND('',#14992,.T.);
#14992 = EDGE_LOOP('',(#14993,#14994,#15000,#15001));
#14993 = ORIENTED_EDGE('',*,*,#14651,.T.);
#14994 = ORIENTED_EDGE('',*,*,#14995,.T.);
#14995 = EDGE_CURVE('',#14652,#14823,#14996,.T.);
#14996 = LINE('',#14997,#14998);
#14997 = CARTESIAN_POINT('',(122.501384,-152.85,-4.6E-02));
#14998 = VECTOR('',#14999,1.);
#14999 = DIRECTION('',(0.,0.,1.));
#15000 = ORIENTED_EDGE('',*,*,#14822,.F.);
#15001 = ORIENTED_EDGE('',*,*,#14995,.F.);
#15002 = CYLINDRICAL_SURFACE('',#15003,1.6);
#15003 = AXIS2_PLACEMENT_3D('',#15004,#15005,#15006);
#15004 = CARTESIAN_POINT('',(122.501384,-151.25,-4.6E-02));
#15005 = DIRECTION('',(-0.,-0.,-1.));
#15006 = DIRECTION('',(-0.,-1.,0.));
#15007 = ADVANCED_FACE('',(#15008),#15019,.F.);
#15008 = FACE_BOUND('',#15009,.T.);
#15009 = EDGE_LOOP('',(#15010,#15011,#15017,#15018));
#15010 = ORIENTED_EDGE('',*,*,#14662,.T.);
#15011 = ORIENTED_EDGE('',*,*,#15012,.T.);
#15012 = EDGE_CURVE('',#14663,#14834,#15013,.T.);
#15013 = LINE('',#15014,#15015);
#15014 = CARTESIAN_POINT('',(122.247232,-132.5,-4.6E-02));
#15015 = VECTOR('',#15016,1.);
#15016 = DIRECTION('',(0.,0.,1.));
#15017 = ORIENTED_EDGE('',*,*,#14833,.F.);
#15018 = ORIENTED_EDGE('',*,*,#15012,.F.);
#15019 = CYLINDRICAL_SURFACE('',#15020,3.5);
#15020 = AXIS2_PLACEMENT_3D('',#15021,#15022,#15023);
#15021 = CARTESIAN_POINT('',(122.247232,-129.,-4.6E-02));
#15022 = DIRECTION('',(-0.,-0.,-1.));
#15023 = DIRECTION('',(-0.,-1.,0.));
#15024 = ADVANCED_FACE('',(#15025),#15036,.F.);
#15025 = FACE_BOUND('',#15026,.T.);
#15026 = EDGE_LOOP('',(#15027,#15028,#15034,#15035));
#15027 = ORIENTED_EDGE('',*,*,#14673,.T.);
#15028 = ORIENTED_EDGE('',*,*,#15029,.T.);
#15029 = EDGE_CURVE('',#14674,#14845,#15030,.T.);
#15030 = LINE('',#15031,#15032);
#15031 = CARTESIAN_POINT('',(122.247232,-106.5,-4.6E-02));
#15032 = VECTOR('',#15033,1.);
#15033 = DIRECTION('',(0.,0.,1.));
#15034 = ORIENTED_EDGE('',*,*,#14844,.F.);
#15035 = ORIENTED_EDGE('',*,*,#15029,.F.);
#15036 = CYLINDRICAL_SURFACE('',#15037,3.5);
#15037 = AXIS2_PLACEMENT_3D('',#15038,#15039,#15040);
#15038 = CARTESIAN_POINT('',(122.247232,-103.,-4.6E-02));
#15039 = DIRECTION('',(-0.,-0.,-1.));
#15040 = DIRECTION('',(-0.,-1.,0.));
#15041 = ADVANCED_FACE('',(#15042),#15053,.F.);
#15042 = FACE_BOUND('',#15043,.T.);
#15043 = EDGE_LOOP('',(#15044,#15045,#15051,#15052));
#15044 = ORIENTED_EDGE('',*,*,#14684,.T.);
#15045 = ORIENTED_EDGE('',*,*,#15046,.T.);
#15046 = EDGE_CURVE('',#14685,#14856,#15047,.T.);
#15047 = LINE('',#15048,#15049);
#15048 = CARTESIAN_POINT('',(138.8,-138.,-4.6E-02));
#15049 = VECTOR('',#15050,1.);
#15050 = DIRECTION('',(0.,0.,1.));
#15051 = ORIENTED_EDGE('',*,*,#14855,.F.);
#15052 = ORIENTED_EDGE('',*,*,#15046,.F.);
#15053 = CYLINDRICAL_SURFACE('',#15054,3.);
#15054 = AXIS2_PLACEMENT_3D('',#15055,#15056,#15057);
#15055 = CARTESIAN_POINT('',(138.8,-135.,-4.6E-02));
#15056 = DIRECTION('',(-0.,-0.,-1.));
#15057 = DIRECTION('',(-0.,-1.,0.));
#15058 = ADVANCED_FACE('',(#15059),#15070,.F.);
#15059 = FACE_BOUND('',#15060,.T.);
#15060 = EDGE_LOOP('',(#15061,#15062,#15068,#15069));
#15061 = ORIENTED_EDGE('',*,*,#14695,.T.);
#15062 = ORIENTED_EDGE('',*,*,#15063,.T.);
#15063 = EDGE_CURVE('',#14696,#14867,#15064,.T.);
#15064 = LINE('',#15065,#15066);
#15065 = CARTESIAN_POINT('',(138.8,-126.,-4.6E-02));
#15066 = VECTOR('',#15067,1.);
#15067 = DIRECTION('',(0.,0.,1.));
#15068 = ORIENTED_EDGE('',*,*,#14866,.F.);
#15069 = ORIENTED_EDGE('',*,*,#15063,.F.);
#15070 = CYLINDRICAL_SURFACE('',#15071,3.);
#15071 = AXIS2_PLACEMENT_3D('',#15072,#15073,#15074);
#15072 = CARTESIAN_POINT('',(138.8,-123.,-4.6E-02));
#15073 = DIRECTION('',(-0.,-0.,-1.));
#15074 = DIRECTION('',(-0.,-1.,0.));
#15075 = ADVANCED_FACE('',(#15076),#15087,.F.);
#15076 = FACE_BOUND('',#15077,.T.);
#15077 = EDGE_LOOP('',(#15078,#15079,#15085,#15086));
#15078 = ORIENTED_EDGE('',*,*,#14706,.T.);
#15079 = ORIENTED_EDGE('',*,*,#15080,.T.);
#15080 = EDGE_CURVE('',#14707,#14878,#15081,.T.);
#15081 = LINE('',#15082,#15083);
#15082 = CARTESIAN_POINT('',(138.8,-112.,-4.6E-02));
#15083 = VECTOR('',#15084,1.);
#15084 = DIRECTION('',(0.,0.,1.));
#15085 = ORIENTED_EDGE('',*,*,#14877,.F.);
#15086 = ORIENTED_EDGE('',*,*,#15080,.F.);
#15087 = CYLINDRICAL_SURFACE('',#15088,3.);
#15088 = AXIS2_PLACEMENT_3D('',#15089,#15090,#15091);
#15089 = CARTESIAN_POINT('',(138.8,-109.,-4.6E-02));
#15090 = DIRECTION('',(-0.,-0.,-1.));
#15091 = DIRECTION('',(-0.,-1.,0.));
#15092 = ADVANCED_FACE('',(#15093),#15104,.F.);
#15093 = FACE_BOUND('',#15094,.T.);
#15094 = EDGE_LOOP('',(#15095,#15096,#15102,#15103));
#15095 = ORIENTED_EDGE('',*,*,#14717,.T.);
#15096 = ORIENTED_EDGE('',*,*,#15097,.T.);
#15097 = EDGE_CURVE('',#14718,#14889,#15098,.T.);
#15098 = LINE('',#15099,#15100);
#15099 = CARTESIAN_POINT('',(138.8,-100.,-4.6E-02));
#15100 = VECTOR('',#15101,1.);
#15101 = DIRECTION('',(0.,0.,1.));
#15102 = ORIENTED_EDGE('',*,*,#14888,.F.);
#15103 = ORIENTED_EDGE('',*,*,#15097,.F.);
#15104 = CYLINDRICAL_SURFACE('',#15105,3.);
#15105 = AXIS2_PLACEMENT_3D('',#15106,#15107,#15108);
#15106 = CARTESIAN_POINT('',(138.8,-97.,-4.6E-02));
#15107 = DIRECTION('',(-0.,-0.,-1.));
#15108 = DIRECTION('',(-0.,-1.,0.));
#15109 = ADVANCED_FACE('',(#15110),#15121,.F.);
#15110 = FACE_BOUND('',#15111,.T.);
#15111 = EDGE_LOOP('',(#15112,#15113,#15119,#15120));
#15112 = ORIENTED_EDGE('',*,*,#14728,.T.);
#15113 = ORIENTED_EDGE('',*,*,#15114,.T.);
#15114 = EDGE_CURVE('',#14729,#14900,#15115,.T.);
#15115 = LINE('',#15116,#15117);
#15116 = CARTESIAN_POINT('',(122.247232,-80.5,-4.6E-02));
#15117 = VECTOR('',#15118,1.);
#15118 = DIRECTION('',(0.,0.,1.));
#15119 = ORIENTED_EDGE('',*,*,#14899,.F.);
#15120 = ORIENTED_EDGE('',*,*,#15114,.F.);
#15121 = CYLINDRICAL_SURFACE('',#15122,3.5);
#15122 = AXIS2_PLACEMENT_3D('',#15123,#15124,#15125);
#15123 = CARTESIAN_POINT('',(122.247232,-77.,-4.6E-02));
#15124 = DIRECTION('',(-0.,-0.,-1.));
#15125 = DIRECTION('',(-0.,-1.,0.));
#15126 = ADVANCED_FACE('',(#15127),#15138,.F.);
#15127 = FACE_BOUND('',#15128,.T.);
#15128 = EDGE_LOOP('',(#15129,#15130,#15136,#15137));
#15129 = ORIENTED_EDGE('',*,*,#14739,.T.);
#15130 = ORIENTED_EDGE('',*,*,#15131,.T.);
#15131 = EDGE_CURVE('',#14740,#14911,#15132,.T.);
#15132 = LINE('',#15133,#15134);
#15133 = CARTESIAN_POINT('',(122.248616,-54.5,-4.6E-02));
#15134 = VECTOR('',#15135,1.);
#15135 = DIRECTION('',(0.,0.,1.));
#15136 = ORIENTED_EDGE('',*,*,#14910,.F.);
#15137 = ORIENTED_EDGE('',*,*,#15131,.F.);
#15138 = CYLINDRICAL_SURFACE('',#15139,3.5);
#15139 = AXIS2_PLACEMENT_3D('',#15140,#15141,#15142);
#15140 = CARTESIAN_POINT('',(122.248616,-51.,-4.6E-02));
#15141 = DIRECTION('',(-0.,-0.,-1.));
#15142 = DIRECTION('',(-0.,-1.,0.));
#15143 = ADVANCED_FACE('',(#15144),#15155,.F.);
#15144 = FACE_BOUND('',#15145,.T.);
#15145 = EDGE_LOOP('',(#15146,#15147,#15153,#15154));
#15146 = ORIENTED_EDGE('',*,*,#14750,.T.);
#15147 = ORIENTED_EDGE('',*,*,#15148,.T.);
#15148 = EDGE_CURVE('',#14751,#14922,#15149,.T.);
#15149 = LINE('',#15150,#15151);
#15150 = CARTESIAN_POINT('',(122.501384,-30.35,-4.6E-02));
#15151 = VECTOR('',#15152,1.);
#15152 = DIRECTION('',(0.,0.,1.));
#15153 = ORIENTED_EDGE('',*,*,#14921,.F.);
#15154 = ORIENTED_EDGE('',*,*,#15148,.F.);
#15155 = CYLINDRICAL_SURFACE('',#15156,1.6);
#15156 = AXIS2_PLACEMENT_3D('',#15157,#15158,#15159);
#15157 = CARTESIAN_POINT('',(122.501384,-28.75,-4.6E-02));
#15158 = DIRECTION('',(-0.,-0.,-1.));
#15159 = DIRECTION('',(-0.,-1.,0.));
#15160 = ADVANCED_FACE('',(#15161),#15172,.F.);
#15161 = FACE_BOUND('',#15162,.T.);
#15162 = EDGE_LOOP('',(#15163,#15164,#15170,#15171));
#15163 = ORIENTED_EDGE('',*,*,#14761,.T.);
#15164 = ORIENTED_EDGE('',*,*,#15165,.T.);
#15165 = EDGE_CURVE('',#14762,#14933,#15166,.T.);
#15166 = LINE('',#15167,#15168);
#15167 = CARTESIAN_POINT('',(138.8,-86.,-4.6E-02));
#15168 = VECTOR('',#15169,1.);
#15169 = DIRECTION('',(0.,0.,1.));
#15170 = ORIENTED_EDGE('',*,*,#14932,.F.);
#15171 = ORIENTED_EDGE('',*,*,#15165,.F.);
#15172 = CYLINDRICAL_SURFACE('',#15173,3.);
#15173 = AXIS2_PLACEMENT_3D('',#15174,#15175,#15176);
#15174 = CARTESIAN_POINT('',(138.8,-83.,-4.6E-02));
#15175 = DIRECTION('',(-0.,-0.,-1.));
#15176 = DIRECTION('',(-0.,-1.,0.));
#15177 = ADVANCED_FACE('',(#15178),#15189,.F.);
#15178 = FACE_BOUND('',#15179,.T.);
#15179 = EDGE_LOOP('',(#15180,#15181,#15187,#15188));
#15180 = ORIENTED_EDGE('',*,*,#14772,.T.);
#15181 = ORIENTED_EDGE('',*,*,#15182,.T.);
#15182 = EDGE_CURVE('',#14773,#14944,#15183,.T.);
#15183 = LINE('',#15184,#15185);
#15184 = CARTESIAN_POINT('',(138.8,-74.,-4.6E-02));
#15185 = VECTOR('',#15186,1.);
#15186 = DIRECTION('',(0.,0.,1.));
#15187 = ORIENTED_EDGE('',*,*,#14943,.F.);
#15188 = ORIENTED_EDGE('',*,*,#15182,.F.);
#15189 = CYLINDRICAL_SURFACE('',#15190,3.);
#15190 = AXIS2_PLACEMENT_3D('',#15191,#15192,#15193);
#15191 = CARTESIAN_POINT('',(138.8,-71.,-4.6E-02));
#15192 = DIRECTION('',(-0.,-0.,-1.));
#15193 = DIRECTION('',(-0.,-1.,0.));
#15194 = ADVANCED_FACE('',(#15195),#15206,.F.);
#15195 = FACE_BOUND('',#15196,.T.);
#15196 = EDGE_LOOP('',(#15197,#15198,#15204,#15205));
#15197 = ORIENTED_EDGE('',*,*,#14783,.T.);
#15198 = ORIENTED_EDGE('',*,*,#15199,.T.);
#15199 = EDGE_CURVE('',#14784,#14955,#15200,.T.);
#15200 = LINE('',#15201,#15202);
#15201 = CARTESIAN_POINT('',(138.8,-60.,-4.6E-02));
#15202 = VECTOR('',#15203,1.);
#15203 = DIRECTION('',(0.,0.,1.));
#15204 = ORIENTED_EDGE('',*,*,#14954,.F.);
#15205 = ORIENTED_EDGE('',*,*,#15199,.F.);
#15206 = CYLINDRICAL_SURFACE('',#15207,3.);
#15207 = AXIS2_PLACEMENT_3D('',#15208,#15209,#15210);
#15208 = CARTESIAN_POINT('',(138.8,-57.,-4.6E-02));
#15209 = DIRECTION('',(-0.,-0.,-1.));
#15210 = DIRECTION('',(-0.,-1.,0.));
#15211 = ADVANCED_FACE('',(#15212),#15223,.F.);
#15212 = FACE_BOUND('',#15213,.T.);
#15213 = EDGE_LOOP('',(#15214,#15215,#15221,#15222));
#15214 = ORIENTED_EDGE('',*,*,#14794,.T.);
#15215 = ORIENTED_EDGE('',*,*,#15216,.T.);
#15216 = EDGE_CURVE('',#14795,#14966,#15217,.T.);
#15217 = LINE('',#15218,#15219);
#15218 = CARTESIAN_POINT('',(138.798616,-48.,-4.6E-02));
#15219 = VECTOR('',#15220,1.);
#15220 = DIRECTION('',(0.,0.,1.));
#15221 = ORIENTED_EDGE('',*,*,#14965,.F.);
#15222 = ORIENTED_EDGE('',*,*,#15216,.F.);
#15223 = CYLINDRICAL_SURFACE('',#15224,3.);
#15224 = AXIS2_PLACEMENT_3D('',#15225,#15226,#15227);
#15225 = CARTESIAN_POINT('',(138.798616,-45.,-4.6E-02));
#15226 = DIRECTION('',(-0.,-0.,-1.));
#15227 = DIRECTION('',(-0.,-1.,0.));
#15228 = ( GEOMETRIC_REPRESENTATION_CONTEXT(3) 
GLOBAL_UNCERTAINTY_ASSIGNED_CONTEXT((#15232)) 
GLOBAL_UNIT_ASSIGNED_CONTEXT((#15229,#15230,#15231)) 
REPRESENTATION_CONTEXT('Context #1',
  '3D Context with UNIT and UNCERTAINTY') );
#15229 = ( LENGTH_UNIT() NAMED_UNIT(*) SI_UNIT(.MILLI.,.METRE.) );
#15230 = ( NAMED_UNIT(*) PLANE_ANGLE_UNIT() SI_UNIT($,.RADIAN.) );
#15231 = ( NAMED_UNIT(*) SI_UNIT($,.STERADIAN.) SOLID_ANGLE_UNIT() );
#15232 = UNCERTAINTY_MEASURE_WITH_UNIT(LENGTH_MEASURE(1.E-07),#15229,
  'distance_accuracy_value','confusion accuracy');
#15233 = CONTEXT_DEPENDENT_SHAPE_REPRESENTATION(#15234,#15236);
#15234 = ( REPRESENTATION_RELATIONSHIP('','',#14531,#10) 
REPRESENTATION_RELATIONSHIP_WITH_TRANSFORMATION(#15235) 
SHAPE_REPRESENTATION_RELATIONSHIP() );
#15235 = ITEM_DEFINED_TRANSFORMATION('','',#11,#31);
#15236 = PRODUCT_DEFINITION_SHAPE('Placement','Placement of an item',
  #15237);
#15237 = NEXT_ASSEMBLY_USAGE_OCCURRENCE('5','=>[0:1:1:6]','',#5,#14526,$
  );
#15238 = PRODUCT_RELATED_PRODUCT_CATEGORY('part',$,(#14528));
#15239 = MECHANICAL_DESIGN_GEOMETRIC_PRESENTATION_REPRESENTATION('',(
    #15240),#14298);
#15240 = STYLED_ITEM('color',(#15241),#14104);
#15241 = PRESENTATION_STYLE_ASSIGNMENT((#15242));
#15242 = SURFACE_STYLE_USAGE(.BOTH.,#15243);
#15243 = SURFACE_SIDE_STYLE('',(#15244,#15248));
#15244 = SURFACE_STYLE_FILL_AREA(#15245);
#15245 = FILL_AREA_STYLE('',(#15246));
#15246 = FILL_AREA_STYLE_COLOUR('',#15247);
#15247 = COLOUR_RGB('',0.890440242649,0.890440242649,0.890440242649);
#15248 = SURFACE_STYLE_RENDERING_WITH_PROPERTIES(.NORMAL_SHADING.,#15247
  ,(#15249));
#15249 = SURFACE_STYLE_TRANSPARENT(0.170000016689);
#15250 = MECHANICAL_DESIGN_GEOMETRIC_PRESENTATION_REPRESENTATION('',(
    #15251),#14513);
#15251 = STYLED_ITEM('color',(#15252),#14319);
#15252 = PRESENTATION_STYLE_ASSIGNMENT((#15253));
#15253 = SURFACE_STYLE_USAGE(.BOTH.,#15254);
#15254 = SURFACE_SIDE_STYLE('',(#15255,#15259));
#15255 = SURFACE_STYLE_FILL_AREA(#15256);
#15256 = FILL_AREA_STYLE('',(#15257));
#15257 = FILL_AREA_STYLE_COLOUR('',#15258);
#15258 = COLOUR_RGB('',0.313304153717,0.484529207832,0.410020903123);
#15259 = SURFACE_STYLE_RENDERING_WITH_PROPERTIES(.NORMAL_SHADING.,#15258
  ,(#15260));
#15260 = SURFACE_STYLE_TRANSPARENT(0.170000016689);
#15261 = MECHANICAL_DESIGN_GEOMETRIC_PRESENTATION_REPRESENTATION('',(
    #15262,#15270,#15277,#15284,#15291,#15298,#15305,#15312,#15319,
    #15326,#15333,#15340,#15347,#15354,#15361,#15368,#15375,#15382,
    #15389,#15396,#15403,#15410,#15417,#15424,#15431,#15438,#15445,
    #15452,#15459,#15466,#15473,#15480,#15487,#15494,#15501,#15508,
    #15515,#15522,#15529,#15536,#15543,#15550,#15557,#15564,#15571,
    #15578,#15585,#15592,#15599,#15606,#15613,#15620,#15627,#15634,
    #15641,#15648,#15655,#15662,#15669,#15676,#15683,#15690,#15697,
    #15704,#15711,#15718,#15725,#15732,#15739,#15746,#15753,#15760,
    #15767,#15774,#15781,#15788,#15795,#15802,#15809,#15816,#15823,
    #15830,#15837,#15844,#15851,#15858,#15865,#15872,#15879,#15886,
    #15893,#15900,#15907,#15914,#15921,#15928,#15935,#15942,#15949,
    #15956,#15963,#15970,#15977,#15984,#15991,#15998,#16005,#16012,
    #16019,#16026,#16033,#16040,#16047,#16054,#16061,#16068,#16075,
    #16082,#16089,#16096),#14083);
#15262 = STYLED_ITEM('color',(#15263),#906);
#15263 = PRESENTATION_STYLE_ASSIGNMENT((#15264));
#15264 = SURFACE_STYLE_USAGE(.BOTH.,#15265);
#15265 = SURFACE_SIDE_STYLE('',(#15266));
#15266 = SURFACE_STYLE_FILL_AREA(#15267);
#15267 = FILL_AREA_STYLE('',(#15268));
#15268 = FILL_AREA_STYLE_COLOUR('',#15269);
#15269 = COLOUR_RGB('',0.229735100727,0.229735100727,0.229735100727);
#15270 = STYLED_ITEM('color',(#15271),#1872);
#15271 = PRESENTATION_STYLE_ASSIGNMENT((#15272));
#15272 = SURFACE_STYLE_USAGE(.BOTH.,#15273);
#15273 = SURFACE_SIDE_STYLE('',(#15274));
#15274 = SURFACE_STYLE_FILL_AREA(#15275);
#15275 = FILL_AREA_STYLE('',(#15276));
#15276 = FILL_AREA_STYLE_COLOUR('',#15269);
#15277 = STYLED_ITEM('color',(#15278),#2314);
#15278 = PRESENTATION_STYLE_ASSIGNMENT((#15279));
#15279 = SURFACE_STYLE_USAGE(.BOTH.,#15280);
#15280 = SURFACE_SIDE_STYLE('',(#15281));
#15281 = SURFACE_STYLE_FILL_AREA(#15282);
#15282 = FILL_AREA_STYLE('',(#15283));
#15283 = FILL_AREA_STYLE_COLOUR('',#15269);
#15284 = STYLED_ITEM('color',(#15285),#2356);
#15285 = PRESENTATION_STYLE_ASSIGNMENT((#15286));
#15286 = SURFACE_STYLE_USAGE(.BOTH.,#15287);
#15287 = SURFACE_SIDE_STYLE('',(#15288));
#15288 = SURFACE_STYLE_FILL_AREA(#15289);
#15289 = FILL_AREA_STYLE('',(#15290));
#15290 = FILL_AREA_STYLE_COLOUR('',#15269);
#15291 = STYLED_ITEM('color',(#15292),#2534);
#15292 = PRESENTATION_STYLE_ASSIGNMENT((#15293));
#15293 = SURFACE_STYLE_USAGE(.BOTH.,#15294);
#15294 = SURFACE_SIDE_STYLE('',(#15295));
#15295 = SURFACE_STYLE_FILL_AREA(#15296);
#15296 = FILL_AREA_STYLE('',(#15297));
#15297 = FILL_AREA_STYLE_COLOUR('',#15269);
#15298 = STYLED_ITEM('color',(#15299),#2752);
#15299 = PRESENTATION_STYLE_ASSIGNMENT((#15300));
#15300 = SURFACE_STYLE_USAGE(.BOTH.,#15301);
#15301 = SURFACE_SIDE_STYLE('',(#15302));
#15302 = SURFACE_STYLE_FILL_AREA(#15303);
#15303 = FILL_AREA_STYLE('',(#15304));
#15304 = FILL_AREA_STYLE_COLOUR('',#15269);
#15305 = STYLED_ITEM('color',(#15306),#3246);
#15306 = PRESENTATION_STYLE_ASSIGNMENT((#15307));
#15307 = SURFACE_STYLE_USAGE(.BOTH.,#15308);
#15308 = SURFACE_SIDE_STYLE('',(#15309));
#15309 = SURFACE_STYLE_FILL_AREA(#15310);
#15310 = FILL_AREA_STYLE('',(#15311));
#15311 = FILL_AREA_STYLE_COLOUR('',#15269);
#15312 = STYLED_ITEM('color',(#15313),#3472);
#15313 = PRESENTATION_STYLE_ASSIGNMENT((#15314));
#15314 = SURFACE_STYLE_USAGE(.BOTH.,#15315);
#15315 = SURFACE_SIDE_STYLE('',(#15316));
#15316 = SURFACE_STYLE_FILL_AREA(#15317);
#15317 = FILL_AREA_STYLE('',(#15318));
#15318 = FILL_AREA_STYLE_COLOUR('',#15269);
#15319 = STYLED_ITEM('color',(#15320),#3803);
#15320 = PRESENTATION_STYLE_ASSIGNMENT((#15321));
#15321 = SURFACE_STYLE_USAGE(.BOTH.,#15322);
#15322 = SURFACE_SIDE_STYLE('',(#15323));
#15323 = SURFACE_STYLE_FILL_AREA(#15324);
#15324 = FILL_AREA_STYLE('',(#15325));
#15325 = FILL_AREA_STYLE_COLOUR('',#15269);
#15326 = STYLED_ITEM('color',(#15327),#4262);
#15327 = PRESENTATION_STYLE_ASSIGNMENT((#15328));
#15328 = SURFACE_STYLE_USAGE(.BOTH.,#15329);
#15329 = SURFACE_SIDE_STYLE('',(#15330));
#15330 = SURFACE_STYLE_FILL_AREA(#15331);
#15331 = FILL_AREA_STYLE('',(#15332));
#15332 = FILL_AREA_STYLE_COLOUR('',#15269);
#15333 = STYLED_ITEM('color',(#15334),#4368);
#15334 = PRESENTATION_STYLE_ASSIGNMENT((#15335));
#15335 = SURFACE_STYLE_USAGE(.BOTH.,#15336);
#15336 = SURFACE_SIDE_STYLE('',(#15337));
#15337 = SURFACE_STYLE_FILL_AREA(#15338);
#15338 = FILL_AREA_STYLE('',(#15339));
#15339 = FILL_AREA_STYLE_COLOUR('',#15269);
#15340 = STYLED_ITEM('color',(#15341),#4594);
#15341 = PRESENTATION_STYLE_ASSIGNMENT((#15342));
#15342 = SURFACE_STYLE_USAGE(.BOTH.,#15343);
#15343 = SURFACE_SIDE_STYLE('',(#15344));
#15344 = SURFACE_STYLE_FILL_AREA(#15345);
#15345 = FILL_AREA_STYLE('',(#15346));
#15346 = FILL_AREA_STYLE_COLOUR('',#15269);
#15347 = STYLED_ITEM('color',(#15348),#4636);
#15348 = PRESENTATION_STYLE_ASSIGNMENT((#15349));
#15349 = SURFACE_STYLE_USAGE(.BOTH.,#15350);
#15350 = SURFACE_SIDE_STYLE('',(#15351));
#15351 = SURFACE_STYLE_FILL_AREA(#15352);
#15352 = FILL_AREA_STYLE('',(#15353));
#15353 = FILL_AREA_STYLE_COLOUR('',#15269);
#15354 = STYLED_ITEM('color',(#15355),#4678);
#15355 = PRESENTATION_STYLE_ASSIGNMENT((#15356));
#15356 = SURFACE_STYLE_USAGE(.BOTH.,#15357);
#15357 = SURFACE_SIDE_STYLE('',(#15358));
#15358 = SURFACE_STYLE_FILL_AREA(#15359);
#15359 = FILL_AREA_STYLE('',(#15360));
#15360 = FILL_AREA_STYLE_COLOUR('',#15269);
#15361 = STYLED_ITEM('color',(#15362),#4880);
#15362 = PRESENTATION_STYLE_ASSIGNMENT((#15363));
#15363 = SURFACE_STYLE_USAGE(.BOTH.,#15364);
#15364 = SURFACE_SIDE_STYLE('',(#15365));
#15365 = SURFACE_STYLE_FILL_AREA(#15366);
#15366 = FILL_AREA_STYLE('',(#15367));
#15367 = FILL_AREA_STYLE_COLOUR('',#15269);
#15368 = STYLED_ITEM('color',(#15369),#5075);
#15369 = PRESENTATION_STYLE_ASSIGNMENT((#15370));
#15370 = SURFACE_STYLE_USAGE(.BOTH.,#15371);
#15371 = SURFACE_SIDE_STYLE('',(#15372));
#15372 = SURFACE_STYLE_FILL_AREA(#15373);
#15373 = FILL_AREA_STYLE('',(#15374));
#15374 = FILL_AREA_STYLE_COLOUR('',#15269);
#15375 = STYLED_ITEM('color',(#15376),#5117);
#15376 = PRESENTATION_STYLE_ASSIGNMENT((#15377));
#15377 = SURFACE_STYLE_USAGE(.BOTH.,#15378);
#15378 = SURFACE_SIDE_STYLE('',(#15379));
#15379 = SURFACE_STYLE_FILL_AREA(#15380);
#15380 = FILL_AREA_STYLE('',(#15381));
#15381 = FILL_AREA_STYLE_COLOUR('',#15269);
#15382 = STYLED_ITEM('color',(#15383),#5191);
#15383 = PRESENTATION_STYLE_ASSIGNMENT((#15384));
#15384 = SURFACE_STYLE_USAGE(.BOTH.,#15385);
#15385 = SURFACE_SIDE_STYLE('',(#15386));
#15386 = SURFACE_STYLE_FILL_AREA(#15387);
#15387 = FILL_AREA_STYLE('',(#15388));
#15388 = FILL_AREA_STYLE_COLOUR('',#15269);
#15389 = STYLED_ITEM('color',(#15390),#5233);
#15390 = PRESENTATION_STYLE_ASSIGNMENT((#15391));
#15391 = SURFACE_STYLE_USAGE(.BOTH.,#15392);
#15392 = SURFACE_SIDE_STYLE('',(#15393));
#15393 = SURFACE_STYLE_FILL_AREA(#15394);
#15394 = FILL_AREA_STYLE('',(#15395));
#15395 = FILL_AREA_STYLE_COLOUR('',#15269);
#15396 = STYLED_ITEM('color',(#15397),#5483);
#15397 = PRESENTATION_STYLE_ASSIGNMENT((#15398));
#15398 = SURFACE_STYLE_USAGE(.BOTH.,#15399);
#15399 = SURFACE_SIDE_STYLE('',(#15400));
#15400 = SURFACE_STYLE_FILL_AREA(#15401);
#15401 = FILL_AREA_STYLE('',(#15402));
#15402 = FILL_AREA_STYLE_COLOUR('',#15269);
#15403 = STYLED_ITEM('color',(#15404),#5986);
#15404 = PRESENTATION_STYLE_ASSIGNMENT((#15405));
#15405 = SURFACE_STYLE_USAGE(.BOTH.,#15406);
#15406 = SURFACE_SIDE_STYLE('',(#15407));
#15407 = SURFACE_STYLE_FILL_AREA(#15408);
#15408 = FILL_AREA_STYLE('',(#15409));
#15409 = FILL_AREA_STYLE_COLOUR('',#15269);
#15410 = STYLED_ITEM('color',(#15411),#6232);
#15411 = PRESENTATION_STYLE_ASSIGNMENT((#15412));
#15412 = SURFACE_STYLE_USAGE(.BOTH.,#15413);
#15413 = SURFACE_SIDE_STYLE('',(#15414));
#15414 = SURFACE_STYLE_FILL_AREA(#15415);
#15415 = FILL_AREA_STYLE('',(#15416));
#15416 = FILL_AREA_STYLE_COLOUR('',#15269);
#15417 = STYLED_ITEM('color',(#15418),#6299);
#15418 = PRESENTATION_STYLE_ASSIGNMENT((#15419));
#15419 = SURFACE_STYLE_USAGE(.BOTH.,#15420);
#15420 = SURFACE_SIDE_STYLE('',(#15421));
#15421 = SURFACE_STYLE_FILL_AREA(#15422);
#15422 = FILL_AREA_STYLE('',(#15423));
#15423 = FILL_AREA_STYLE_COLOUR('',#15269);
#15424 = STYLED_ITEM('color',(#15425),#6350);
#15425 = PRESENTATION_STYLE_ASSIGNMENT((#15426));
#15426 = SURFACE_STYLE_USAGE(.BOTH.,#15427);
#15427 = SURFACE_SIDE_STYLE('',(#15428));
#15428 = SURFACE_STYLE_FILL_AREA(#15429);
#15429 = FILL_AREA_STYLE('',(#15430));
#15430 = FILL_AREA_STYLE_COLOUR('',#15269);
#15431 = STYLED_ITEM('color',(#15432),#6417);
#15432 = PRESENTATION_STYLE_ASSIGNMENT((#15433));
#15433 = SURFACE_STYLE_USAGE(.BOTH.,#15434);
#15434 = SURFACE_SIDE_STYLE('',(#15435));
#15435 = SURFACE_STYLE_FILL_AREA(#15436);
#15436 = FILL_AREA_STYLE('',(#15437));
#15437 = FILL_AREA_STYLE_COLOUR('',#15269);
#15438 = STYLED_ITEM('color',(#15439),#6468);
#15439 = PRESENTATION_STYLE_ASSIGNMENT((#15440));
#15440 = SURFACE_STYLE_USAGE(.BOTH.,#15441);
#15441 = SURFACE_SIDE_STYLE('',(#15442));
#15442 = SURFACE_STYLE_FILL_AREA(#15443);
#15443 = FILL_AREA_STYLE('',(#15444));
#15444 = FILL_AREA_STYLE_COLOUR('',#15269);
#15445 = STYLED_ITEM('color',(#15446),#6535);
#15446 = PRESENTATION_STYLE_ASSIGNMENT((#15447));
#15447 = SURFACE_STYLE_USAGE(.BOTH.,#15448);
#15448 = SURFACE_SIDE_STYLE('',(#15449));
#15449 = SURFACE_STYLE_FILL_AREA(#15450);
#15450 = FILL_AREA_STYLE('',(#15451));
#15451 = FILL_AREA_STYLE_COLOUR('',#15269);
#15452 = STYLED_ITEM('color',(#15453),#6586);
#15453 = PRESENTATION_STYLE_ASSIGNMENT((#15454));
#15454 = SURFACE_STYLE_USAGE(.BOTH.,#15455);
#15455 = SURFACE_SIDE_STYLE('',(#15456));
#15456 = SURFACE_STYLE_FILL_AREA(#15457);
#15457 = FILL_AREA_STYLE('',(#15458));
#15458 = FILL_AREA_STYLE_COLOUR('',#15269);
#15459 = STYLED_ITEM('color',(#15460),#6653);
#15460 = PRESENTATION_STYLE_ASSIGNMENT((#15461));
#15461 = SURFACE_STYLE_USAGE(.BOTH.,#15462);
#15462 = SURFACE_SIDE_STYLE('',(#15463));
#15463 = SURFACE_STYLE_FILL_AREA(#15464);
#15464 = FILL_AREA_STYLE('',(#15465));
#15465 = FILL_AREA_STYLE_COLOUR('',#15269);
#15466 = STYLED_ITEM('color',(#15467),#6704);
#15467 = PRESENTATION_STYLE_ASSIGNMENT((#15468));
#15468 = SURFACE_STYLE_USAGE(.BOTH.,#15469);
#15469 = SURFACE_SIDE_STYLE('',(#15470));
#15470 = SURFACE_STYLE_FILL_AREA(#15471);
#15471 = FILL_AREA_STYLE('',(#15472));
#15472 = FILL_AREA_STYLE_COLOUR('',#15269);
#15473 = STYLED_ITEM('color',(#15474),#6762);
#15474 = PRESENTATION_STYLE_ASSIGNMENT((#15475));
#15475 = SURFACE_STYLE_USAGE(.BOTH.,#15476);
#15476 = SURFACE_SIDE_STYLE('',(#15477));
#15477 = SURFACE_STYLE_FILL_AREA(#15478);
#15478 = FILL_AREA_STYLE('',(#15479));
#15479 = FILL_AREA_STYLE_COLOUR('',#15269);
#15480 = STYLED_ITEM('color',(#15481),#6805);
#15481 = PRESENTATION_STYLE_ASSIGNMENT((#15482));
#15482 = SURFACE_STYLE_USAGE(.BOTH.,#15483);
#15483 = SURFACE_SIDE_STYLE('',(#15484));
#15484 = SURFACE_STYLE_FILL_AREA(#15485);
#15485 = FILL_AREA_STYLE('',(#15486));
#15486 = FILL_AREA_STYLE_COLOUR('',#15269);
#15487 = STYLED_ITEM('color',(#15488),#6872);
#15488 = PRESENTATION_STYLE_ASSIGNMENT((#15489));
#15489 = SURFACE_STYLE_USAGE(.BOTH.,#15490);
#15490 = SURFACE_SIDE_STYLE('',(#15491));
#15491 = SURFACE_STYLE_FILL_AREA(#15492);
#15492 = FILL_AREA_STYLE('',(#15493));
#15493 = FILL_AREA_STYLE_COLOUR('',#15269);
#15494 = STYLED_ITEM('color',(#15495),#6923);
#15495 = PRESENTATION_STYLE_ASSIGNMENT((#15496));
#15496 = SURFACE_STYLE_USAGE(.BOTH.,#15497);
#15497 = SURFACE_SIDE_STYLE('',(#15498));
#15498 = SURFACE_STYLE_FILL_AREA(#15499);
#15499 = FILL_AREA_STYLE('',(#15500));
#15500 = FILL_AREA_STYLE_COLOUR('',#15269);
#15501 = STYLED_ITEM('color',(#15502),#6990);
#15502 = PRESENTATION_STYLE_ASSIGNMENT((#15503));
#15503 = SURFACE_STYLE_USAGE(.BOTH.,#15504);
#15504 = SURFACE_SIDE_STYLE('',(#15505));
#15505 = SURFACE_STYLE_FILL_AREA(#15506);
#15506 = FILL_AREA_STYLE('',(#15507));
#15507 = FILL_AREA_STYLE_COLOUR('',#15269);
#15508 = STYLED_ITEM('color',(#15509),#7041);
#15509 = PRESENTATION_STYLE_ASSIGNMENT((#15510));
#15510 = SURFACE_STYLE_USAGE(.BOTH.,#15511);
#15511 = SURFACE_SIDE_STYLE('',(#15512));
#15512 = SURFACE_STYLE_FILL_AREA(#15513);
#15513 = FILL_AREA_STYLE('',(#15514));
#15514 = FILL_AREA_STYLE_COLOUR('',#15269);
#15515 = STYLED_ITEM('color',(#15516),#7108);
#15516 = PRESENTATION_STYLE_ASSIGNMENT((#15517));
#15517 = SURFACE_STYLE_USAGE(.BOTH.,#15518);
#15518 = SURFACE_SIDE_STYLE('',(#15519));
#15519 = SURFACE_STYLE_FILL_AREA(#15520);
#15520 = FILL_AREA_STYLE('',(#15521));
#15521 = FILL_AREA_STYLE_COLOUR('',#15269);
#15522 = STYLED_ITEM('color',(#15523),#7159);
#15523 = PRESENTATION_STYLE_ASSIGNMENT((#15524));
#15524 = SURFACE_STYLE_USAGE(.BOTH.,#15525);
#15525 = SURFACE_SIDE_STYLE('',(#15526));
#15526 = SURFACE_STYLE_FILL_AREA(#15527);
#15527 = FILL_AREA_STYLE('',(#15528));
#15528 = FILL_AREA_STYLE_COLOUR('',#15269);
#15529 = STYLED_ITEM('color',(#15530),#7226);
#15530 = PRESENTATION_STYLE_ASSIGNMENT((#15531));
#15531 = SURFACE_STYLE_USAGE(.BOTH.,#15532);
#15532 = SURFACE_SIDE_STYLE('',(#15533));
#15533 = SURFACE_STYLE_FILL_AREA(#15534);
#15534 = FILL_AREA_STYLE('',(#15535));
#15535 = FILL_AREA_STYLE_COLOUR('',#15269);
#15536 = STYLED_ITEM('color',(#15537),#7269);
#15537 = PRESENTATION_STYLE_ASSIGNMENT((#15538));
#15538 = SURFACE_STYLE_USAGE(.BOTH.,#15539);
#15539 = SURFACE_SIDE_STYLE('',(#15540));
#15540 = SURFACE_STYLE_FILL_AREA(#15541);
#15541 = FILL_AREA_STYLE('',(#15542));
#15542 = FILL_AREA_STYLE_COLOUR('',#15269);
#15543 = STYLED_ITEM('color',(#15544),#7328);
#15544 = PRESENTATION_STYLE_ASSIGNMENT((#15545));
#15545 = SURFACE_STYLE_USAGE(.BOTH.,#15546);
#15546 = SURFACE_SIDE_STYLE('',(#15547));
#15547 = SURFACE_STYLE_FILL_AREA(#15548);
#15548 = FILL_AREA_STYLE('',(#15549));
#15549 = FILL_AREA_STYLE_COLOUR('',#15269);
#15550 = STYLED_ITEM('color',(#15551),#7387);
#15551 = PRESENTATION_STYLE_ASSIGNMENT((#15552));
#15552 = SURFACE_STYLE_USAGE(.BOTH.,#15553);
#15553 = SURFACE_SIDE_STYLE('',(#15554));
#15554 = SURFACE_STYLE_FILL_AREA(#15555);
#15555 = FILL_AREA_STYLE('',(#15556));
#15556 = FILL_AREA_STYLE_COLOUR('',#15269);
#15557 = STYLED_ITEM('color',(#15558),#7470);
#15558 = PRESENTATION_STYLE_ASSIGNMENT((#15559));
#15559 = SURFACE_STYLE_USAGE(.BOTH.,#15560);
#15560 = SURFACE_SIDE_STYLE('',(#15561));
#15561 = SURFACE_STYLE_FILL_AREA(#15562);
#15562 = FILL_AREA_STYLE('',(#15563));
#15563 = FILL_AREA_STYLE_COLOUR('',#15269);
#15564 = STYLED_ITEM('color',(#15565),#7716);
#15565 = PRESENTATION_STYLE_ASSIGNMENT((#15566));
#15566 = SURFACE_STYLE_USAGE(.BOTH.,#15567);
#15567 = SURFACE_SIDE_STYLE('',(#15568));
#15568 = SURFACE_STYLE_FILL_AREA(#15569);
#15569 = FILL_AREA_STYLE('',(#15570));
#15570 = FILL_AREA_STYLE_COLOUR('',#15269);
#15571 = STYLED_ITEM('color',(#15572),#7783);
#15572 = PRESENTATION_STYLE_ASSIGNMENT((#15573));
#15573 = SURFACE_STYLE_USAGE(.BOTH.,#15574);
#15574 = SURFACE_SIDE_STYLE('',(#15575));
#15575 = SURFACE_STYLE_FILL_AREA(#15576);
#15576 = FILL_AREA_STYLE('',(#15577));
#15577 = FILL_AREA_STYLE_COLOUR('',#15269);
#15578 = STYLED_ITEM('color',(#15579),#7834);
#15579 = PRESENTATION_STYLE_ASSIGNMENT((#15580));
#15580 = SURFACE_STYLE_USAGE(.BOTH.,#15581);
#15581 = SURFACE_SIDE_STYLE('',(#15582));
#15582 = SURFACE_STYLE_FILL_AREA(#15583);
#15583 = FILL_AREA_STYLE('',(#15584));
#15584 = FILL_AREA_STYLE_COLOUR('',#15269);
#15585 = STYLED_ITEM('color',(#15586),#7901);
#15586 = PRESENTATION_STYLE_ASSIGNMENT((#15587));
#15587 = SURFACE_STYLE_USAGE(.BOTH.,#15588);
#15588 = SURFACE_SIDE_STYLE('',(#15589));
#15589 = SURFACE_STYLE_FILL_AREA(#15590);
#15590 = FILL_AREA_STYLE('',(#15591));
#15591 = FILL_AREA_STYLE_COLOUR('',#15269);
#15592 = STYLED_ITEM('color',(#15593),#7952);
#15593 = PRESENTATION_STYLE_ASSIGNMENT((#15594));
#15594 = SURFACE_STYLE_USAGE(.BOTH.,#15595);
#15595 = SURFACE_SIDE_STYLE('',(#15596));
#15596 = SURFACE_STYLE_FILL_AREA(#15597);
#15597 = FILL_AREA_STYLE('',(#15598));
#15598 = FILL_AREA_STYLE_COLOUR('',#15269);
#15599 = STYLED_ITEM('color',(#15600),#8019);
#15600 = PRESENTATION_STYLE_ASSIGNMENT((#15601));
#15601 = SURFACE_STYLE_USAGE(.BOTH.,#15602);
#15602 = SURFACE_SIDE_STYLE('',(#15603));
#15603 = SURFACE_STYLE_FILL_AREA(#15604);
#15604 = FILL_AREA_STYLE('',(#15605));
#15605 = FILL_AREA_STYLE_COLOUR('',#15269);
#15606 = STYLED_ITEM('color',(#15607),#8070);
#15607 = PRESENTATION_STYLE_ASSIGNMENT((#15608));
#15608 = SURFACE_STYLE_USAGE(.BOTH.,#15609);
#15609 = SURFACE_SIDE_STYLE('',(#15610));
#15610 = SURFACE_STYLE_FILL_AREA(#15611);
#15611 = FILL_AREA_STYLE('',(#15612));
#15612 = FILL_AREA_STYLE_COLOUR('',#15269);
#15613 = STYLED_ITEM('color',(#15614),#8137);
#15614 = PRESENTATION_STYLE_ASSIGNMENT((#15615));
#15615 = SURFACE_STYLE_USAGE(.BOTH.,#15616);
#15616 = SURFACE_SIDE_STYLE('',(#15617));
#15617 = SURFACE_STYLE_FILL_AREA(#15618);
#15618 = FILL_AREA_STYLE('',(#15619));
#15619 = FILL_AREA_STYLE_COLOUR('',#15269);
#15620 = STYLED_ITEM('color',(#15621),#8188);
#15621 = PRESENTATION_STYLE_ASSIGNMENT((#15622));
#15622 = SURFACE_STYLE_USAGE(.BOTH.,#15623);
#15623 = SURFACE_SIDE_STYLE('',(#15624));
#15624 = SURFACE_STYLE_FILL_AREA(#15625);
#15625 = FILL_AREA_STYLE('',(#15626));
#15626 = FILL_AREA_STYLE_COLOUR('',#15269);
#15627 = STYLED_ITEM('color',(#15628),#8246);
#15628 = PRESENTATION_STYLE_ASSIGNMENT((#15629));
#15629 = SURFACE_STYLE_USAGE(.BOTH.,#15630);
#15630 = SURFACE_SIDE_STYLE('',(#15631));
#15631 = SURFACE_STYLE_FILL_AREA(#15632);
#15632 = FILL_AREA_STYLE('',(#15633));
#15633 = FILL_AREA_STYLE_COLOUR('',#15269);
#15634 = STYLED_ITEM('color',(#15635),#8289);
#15635 = PRESENTATION_STYLE_ASSIGNMENT((#15636));
#15636 = SURFACE_STYLE_USAGE(.BOTH.,#15637);
#15637 = SURFACE_SIDE_STYLE('',(#15638));
#15638 = SURFACE_STYLE_FILL_AREA(#15639);
#15639 = FILL_AREA_STYLE('',(#15640));
#15640 = FILL_AREA_STYLE_COLOUR('',#15269);
#15641 = STYLED_ITEM('color',(#15642),#8356);
#15642 = PRESENTATION_STYLE_ASSIGNMENT((#15643));
#15643 = SURFACE_STYLE_USAGE(.BOTH.,#15644);
#15644 = SURFACE_SIDE_STYLE('',(#15645));
#15645 = SURFACE_STYLE_FILL_AREA(#15646);
#15646 = FILL_AREA_STYLE('',(#15647));
#15647 = FILL_AREA_STYLE_COLOUR('',#15269);
#15648 = STYLED_ITEM('color',(#15649),#8407);
#15649 = PRESENTATION_STYLE_ASSIGNMENT((#15650));
#15650 = SURFACE_STYLE_USAGE(.BOTH.,#15651);
#15651 = SURFACE_SIDE_STYLE('',(#15652));
#15652 = SURFACE_STYLE_FILL_AREA(#15653);
#15653 = FILL_AREA_STYLE('',(#15654));
#15654 = FILL_AREA_STYLE_COLOUR('',#15269);
#15655 = STYLED_ITEM('color',(#15656),#8474);
#15656 = PRESENTATION_STYLE_ASSIGNMENT((#15657));
#15657 = SURFACE_STYLE_USAGE(.BOTH.,#15658);
#15658 = SURFACE_SIDE_STYLE('',(#15659));
#15659 = SURFACE_STYLE_FILL_AREA(#15660);
#15660 = FILL_AREA_STYLE('',(#15661));
#15661 = FILL_AREA_STYLE_COLOUR('',#15269);
#15662 = STYLED_ITEM('color',(#15663),#8525);
#15663 = PRESENTATION_STYLE_ASSIGNMENT((#15664));
#15664 = SURFACE_STYLE_USAGE(.BOTH.,#15665);
#15665 = SURFACE_SIDE_STYLE('',(#15666));
#15666 = SURFACE_STYLE_FILL_AREA(#15667);
#15667 = FILL_AREA_STYLE('',(#15668));
#15668 = FILL_AREA_STYLE_COLOUR('',#15269);
#15669 = STYLED_ITEM('color',(#15670),#8592);
#15670 = PRESENTATION_STYLE_ASSIGNMENT((#15671));
#15671 = SURFACE_STYLE_USAGE(.BOTH.,#15672);
#15672 = SURFACE_SIDE_STYLE('',(#15673));
#15673 = SURFACE_STYLE_FILL_AREA(#15674);
#15674 = FILL_AREA_STYLE('',(#15675));
#15675 = FILL_AREA_STYLE_COLOUR('',#15269);
#15676 = STYLED_ITEM('color',(#15677),#8643);
#15677 = PRESENTATION_STYLE_ASSIGNMENT((#15678));
#15678 = SURFACE_STYLE_USAGE(.BOTH.,#15679);
#15679 = SURFACE_SIDE_STYLE('',(#15680));
#15680 = SURFACE_STYLE_FILL_AREA(#15681);
#15681 = FILL_AREA_STYLE('',(#15682));
#15682 = FILL_AREA_STYLE_COLOUR('',#15269);
#15683 = STYLED_ITEM('color',(#15684),#8710);
#15684 = PRESENTATION_STYLE_ASSIGNMENT((#15685));
#15685 = SURFACE_STYLE_USAGE(.BOTH.,#15686);
#15686 = SURFACE_SIDE_STYLE('',(#15687));
#15687 = SURFACE_STYLE_FILL_AREA(#15688);
#15688 = FILL_AREA_STYLE('',(#15689));
#15689 = FILL_AREA_STYLE_COLOUR('',#15269);
#15690 = STYLED_ITEM('color',(#15691),#8753);
#15691 = PRESENTATION_STYLE_ASSIGNMENT((#15692));
#15692 = SURFACE_STYLE_USAGE(.BOTH.,#15693);
#15693 = SURFACE_SIDE_STYLE('',(#15694));
#15694 = SURFACE_STYLE_FILL_AREA(#15695);
#15695 = FILL_AREA_STYLE('',(#15696));
#15696 = FILL_AREA_STYLE_COLOUR('',#15269);
#15697 = STYLED_ITEM('color',(#15698),#8812);
#15698 = PRESENTATION_STYLE_ASSIGNMENT((#15699));
#15699 = SURFACE_STYLE_USAGE(.BOTH.,#15700);
#15700 = SURFACE_SIDE_STYLE('',(#15701));
#15701 = SURFACE_STYLE_FILL_AREA(#15702);
#15702 = FILL_AREA_STYLE('',(#15703));
#15703 = FILL_AREA_STYLE_COLOUR('',#15269);
#15704 = STYLED_ITEM('color',(#15705),#8871);
#15705 = PRESENTATION_STYLE_ASSIGNMENT((#15706));
#15706 = SURFACE_STYLE_USAGE(.BOTH.,#15707);
#15707 = SURFACE_SIDE_STYLE('',(#15708));
#15708 = SURFACE_STYLE_FILL_AREA(#15709);
#15709 = FILL_AREA_STYLE('',(#15710));
#15710 = FILL_AREA_STYLE_COLOUR('',#15269);
#15711 = STYLED_ITEM('color',(#15712),#8954);
#15712 = PRESENTATION_STYLE_ASSIGNMENT((#15713));
#15713 = SURFACE_STYLE_USAGE(.BOTH.,#15714);
#15714 = SURFACE_SIDE_STYLE('',(#15715));
#15715 = SURFACE_STYLE_FILL_AREA(#15716);
#15716 = FILL_AREA_STYLE('',(#15717));
#15717 = FILL_AREA_STYLE_COLOUR('',#15269);
#15718 = STYLED_ITEM('color',(#15719),#9200);
#15719 = PRESENTATION_STYLE_ASSIGNMENT((#15720));
#15720 = SURFACE_STYLE_USAGE(.BOTH.,#15721);
#15721 = SURFACE_SIDE_STYLE('',(#15722));
#15722 = SURFACE_STYLE_FILL_AREA(#15723);
#15723 = FILL_AREA_STYLE('',(#15724));
#15724 = FILL_AREA_STYLE_COLOUR('',#15269);
#15725 = STYLED_ITEM('color',(#15726),#9267);
#15726 = PRESENTATION_STYLE_ASSIGNMENT((#15727));
#15727 = SURFACE_STYLE_USAGE(.BOTH.,#15728);
#15728 = SURFACE_SIDE_STYLE('',(#15729));
#15729 = SURFACE_STYLE_FILL_AREA(#15730);
#15730 = FILL_AREA_STYLE('',(#15731));
#15731 = FILL_AREA_STYLE_COLOUR('',#15269);
#15732 = STYLED_ITEM('color',(#15733),#9318);
#15733 = PRESENTATION_STYLE_ASSIGNMENT((#15734));
#15734 = SURFACE_STYLE_USAGE(.BOTH.,#15735);
#15735 = SURFACE_SIDE_STYLE('',(#15736));
#15736 = SURFACE_STYLE_FILL_AREA(#15737);
#15737 = FILL_AREA_STYLE('',(#15738));
#15738 = FILL_AREA_STYLE_COLOUR('',#15269);
#15739 = STYLED_ITEM('color',(#15740),#9385);
#15740 = PRESENTATION_STYLE_ASSIGNMENT((#15741));
#15741 = SURFACE_STYLE_USAGE(.BOTH.,#15742);
#15742 = SURFACE_SIDE_STYLE('',(#15743));
#15743 = SURFACE_STYLE_FILL_AREA(#15744);
#15744 = FILL_AREA_STYLE('',(#15745));
#15745 = FILL_AREA_STYLE_COLOUR('',#15269);
#15746 = STYLED_ITEM('color',(#15747),#9436);
#15747 = PRESENTATION_STYLE_ASSIGNMENT((#15748));
#15748 = SURFACE_STYLE_USAGE(.BOTH.,#15749);
#15749 = SURFACE_SIDE_STYLE('',(#15750));
#15750 = SURFACE_STYLE_FILL_AREA(#15751);
#15751 = FILL_AREA_STYLE('',(#15752));
#15752 = FILL_AREA_STYLE_COLOUR('',#15269);
#15753 = STYLED_ITEM('color',(#15754),#9503);
#15754 = PRESENTATION_STYLE_ASSIGNMENT((#15755));
#15755 = SURFACE_STYLE_USAGE(.BOTH.,#15756);
#15756 = SURFACE_SIDE_STYLE('',(#15757));
#15757 = SURFACE_STYLE_FILL_AREA(#15758);
#15758 = FILL_AREA_STYLE('',(#15759));
#15759 = FILL_AREA_STYLE_COLOUR('',#15269);
#15760 = STYLED_ITEM('color',(#15761),#9554);
#15761 = PRESENTATION_STYLE_ASSIGNMENT((#15762));
#15762 = SURFACE_STYLE_USAGE(.BOTH.,#15763);
#15763 = SURFACE_SIDE_STYLE('',(#15764));
#15764 = SURFACE_STYLE_FILL_AREA(#15765);
#15765 = FILL_AREA_STYLE('',(#15766));
#15766 = FILL_AREA_STYLE_COLOUR('',#15269);
#15767 = STYLED_ITEM('color',(#15768),#9621);
#15768 = PRESENTATION_STYLE_ASSIGNMENT((#15769));
#15769 = SURFACE_STYLE_USAGE(.BOTH.,#15770);
#15770 = SURFACE_SIDE_STYLE('',(#15771));
#15771 = SURFACE_STYLE_FILL_AREA(#15772);
#15772 = FILL_AREA_STYLE('',(#15773));
#15773 = FILL_AREA_STYLE_COLOUR('',#15269);
#15774 = STYLED_ITEM('color',(#15775),#9672);
#15775 = PRESENTATION_STYLE_ASSIGNMENT((#15776));
#15776 = SURFACE_STYLE_USAGE(.BOTH.,#15777);
#15777 = SURFACE_SIDE_STYLE('',(#15778));
#15778 = SURFACE_STYLE_FILL_AREA(#15779);
#15779 = FILL_AREA_STYLE('',(#15780));
#15780 = FILL_AREA_STYLE_COLOUR('',#15269);
#15781 = STYLED_ITEM('color',(#15782),#9730);
#15782 = PRESENTATION_STYLE_ASSIGNMENT((#15783));
#15783 = SURFACE_STYLE_USAGE(.BOTH.,#15784);
#15784 = SURFACE_SIDE_STYLE('',(#15785));
#15785 = SURFACE_STYLE_FILL_AREA(#15786);
#15786 = FILL_AREA_STYLE('',(#15787));
#15787 = FILL_AREA_STYLE_COLOUR('',#15269);
#15788 = STYLED_ITEM('color',(#15789),#9773);
#15789 = PRESENTATION_STYLE_ASSIGNMENT((#15790));
#15790 = SURFACE_STYLE_USAGE(.BOTH.,#15791);
#15791 = SURFACE_SIDE_STYLE('',(#15792));
#15792 = SURFACE_STYLE_FILL_AREA(#15793);
#15793 = FILL_AREA_STYLE('',(#15794));
#15794 = FILL_AREA_STYLE_COLOUR('',#15269);
#15795 = STYLED_ITEM('color',(#15796),#9840);
#15796 = PRESENTATION_STYLE_ASSIGNMENT((#15797));
#15797 = SURFACE_STYLE_USAGE(.BOTH.,#15798);
#15798 = SURFACE_SIDE_STYLE('',(#15799));
#15799 = SURFACE_STYLE_FILL_AREA(#15800);
#15800 = FILL_AREA_STYLE('',(#15801));
#15801 = FILL_AREA_STYLE_COLOUR('',#15269);
#15802 = STYLED_ITEM('color',(#15803),#9891);
#15803 = PRESENTATION_STYLE_ASSIGNMENT((#15804));
#15804 = SURFACE_STYLE_USAGE(.BOTH.,#15805);
#15805 = SURFACE_SIDE_STYLE('',(#15806));
#15806 = SURFACE_STYLE_FILL_AREA(#15807);
#15807 = FILL_AREA_STYLE('',(#15808));
#15808 = FILL_AREA_STYLE_COLOUR('',#15269);
#15809 = STYLED_ITEM('color',(#15810),#9958);
#15810 = PRESENTATION_STYLE_ASSIGNMENT((#15811));
#15811 = SURFACE_STYLE_USAGE(.BOTH.,#15812);
#15812 = SURFACE_SIDE_STYLE('',(#15813));
#15813 = SURFACE_STYLE_FILL_AREA(#15814);
#15814 = FILL_AREA_STYLE('',(#15815));
#15815 = FILL_AREA_STYLE_COLOUR('',#15269);
#15816 = STYLED_ITEM('color',(#15817),#10009);
#15817 = PRESENTATION_STYLE_ASSIGNMENT((#15818));
#15818 = SURFACE_STYLE_USAGE(.BOTH.,#15819);
#15819 = SURFACE_SIDE_STYLE('',(#15820));
#15820 = SURFACE_STYLE_FILL_AREA(#15821);
#15821 = FILL_AREA_STYLE('',(#15822));
#15822 = FILL_AREA_STYLE_COLOUR('',#15269);
#15823 = STYLED_ITEM('color',(#15824),#10076);
#15824 = PRESENTATION_STYLE_ASSIGNMENT((#15825));
#15825 = SURFACE_STYLE_USAGE(.BOTH.,#15826);
#15826 = SURFACE_SIDE_STYLE('',(#15827));
#15827 = SURFACE_STYLE_FILL_AREA(#15828);
#15828 = FILL_AREA_STYLE('',(#15829));
#15829 = FILL_AREA_STYLE_COLOUR('',#15269);
#15830 = STYLED_ITEM('color',(#15831),#10127);
#15831 = PRESENTATION_STYLE_ASSIGNMENT((#15832));
#15832 = SURFACE_STYLE_USAGE(.BOTH.,#15833);
#15833 = SURFACE_SIDE_STYLE('',(#15834));
#15834 = SURFACE_STYLE_FILL_AREA(#15835);
#15835 = FILL_AREA_STYLE('',(#15836));
#15836 = FILL_AREA_STYLE_COLOUR('',#15269);
#15837 = STYLED_ITEM('color',(#15838),#10194);
#15838 = PRESENTATION_STYLE_ASSIGNMENT((#15839));
#15839 = SURFACE_STYLE_USAGE(.BOTH.,#15840);
#15840 = SURFACE_SIDE_STYLE('',(#15841));
#15841 = SURFACE_STYLE_FILL_AREA(#15842);
#15842 = FILL_AREA_STYLE('',(#15843));
#15843 = FILL_AREA_STYLE_COLOUR('',#15269);
#15844 = STYLED_ITEM('color',(#15845),#10237);
#15845 = PRESENTATION_STYLE_ASSIGNMENT((#15846));
#15846 = SURFACE_STYLE_USAGE(.BOTH.,#15847);
#15847 = SURFACE_SIDE_STYLE('',(#15848));
#15848 = SURFACE_STYLE_FILL_AREA(#15849);
#15849 = FILL_AREA_STYLE('',(#15850));
#15850 = FILL_AREA_STYLE_COLOUR('',#15269);
#15851 = STYLED_ITEM('color',(#15852),#10296);
#15852 = PRESENTATION_STYLE_ASSIGNMENT((#15853));
#15853 = SURFACE_STYLE_USAGE(.BOTH.,#15854);
#15854 = SURFACE_SIDE_STYLE('',(#15855));
#15855 = SURFACE_STYLE_FILL_AREA(#15856);
#15856 = FILL_AREA_STYLE('',(#15857));
#15857 = FILL_AREA_STYLE_COLOUR('',#15269);
#15858 = STYLED_ITEM('color',(#15859),#10355);
#15859 = PRESENTATION_STYLE_ASSIGNMENT((#15860));
#15860 = SURFACE_STYLE_USAGE(.BOTH.,#15861);
#15861 = SURFACE_SIDE_STYLE('',(#15862));
#15862 = SURFACE_STYLE_FILL_AREA(#15863);
#15863 = FILL_AREA_STYLE('',(#15864));
#15864 = FILL_AREA_STYLE_COLOUR('',#15269);
#15865 = STYLED_ITEM('color',(#15866),#10438);
#15866 = PRESENTATION_STYLE_ASSIGNMENT((#15867));
#15867 = SURFACE_STYLE_USAGE(.BOTH.,#15868);
#15868 = SURFACE_SIDE_STYLE('',(#15869));
#15869 = SURFACE_STYLE_FILL_AREA(#15870);
#15870 = FILL_AREA_STYLE('',(#15871));
#15871 = FILL_AREA_STYLE_COLOUR('',#15269);
#15872 = STYLED_ITEM('color',(#15873),#10700);
#15873 = PRESENTATION_STYLE_ASSIGNMENT((#15874));
#15874 = SURFACE_STYLE_USAGE(.BOTH.,#15875);
#15875 = SURFACE_SIDE_STYLE('',(#15876));
#15876 = SURFACE_STYLE_FILL_AREA(#15877);
#15877 = FILL_AREA_STYLE('',(#15878));
#15878 = FILL_AREA_STYLE_COLOUR('',#15269);
#15879 = STYLED_ITEM('color',(#15880),#10751);
#15880 = PRESENTATION_STYLE_ASSIGNMENT((#15881));
#15881 = SURFACE_STYLE_USAGE(.BOTH.,#15882);
#15882 = SURFACE_SIDE_STYLE('',(#15883));
#15883 = SURFACE_STYLE_FILL_AREA(#15884);
#15884 = FILL_AREA_STYLE('',(#15885));
#15885 = FILL_AREA_STYLE_COLOUR('',#15269);
#15886 = STYLED_ITEM('color',(#15887),#10802);
#15887 = PRESENTATION_STYLE_ASSIGNMENT((#15888));
#15888 = SURFACE_STYLE_USAGE(.BOTH.,#15889);
#15889 = SURFACE_SIDE_STYLE('',(#15890));
#15890 = SURFACE_STYLE_FILL_AREA(#15891);
#15891 = FILL_AREA_STYLE('',(#15892));
#15892 = FILL_AREA_STYLE_COLOUR('',#15269);
#15893 = STYLED_ITEM('color',(#15894),#10845);
#15894 = PRESENTATION_STYLE_ASSIGNMENT((#15895));
#15895 = SURFACE_STYLE_USAGE(.BOTH.,#15896);
#15896 = SURFACE_SIDE_STYLE('',(#15897));
#15897 = SURFACE_STYLE_FILL_AREA(#15898);
#15898 = FILL_AREA_STYLE('',(#15899));
#15899 = FILL_AREA_STYLE_COLOUR('',#15269);
#15900 = STYLED_ITEM('color',(#15901),#10888);
#15901 = PRESENTATION_STYLE_ASSIGNMENT((#15902));
#15902 = SURFACE_STYLE_USAGE(.BOTH.,#15903);
#15903 = SURFACE_SIDE_STYLE('',(#15904));
#15904 = SURFACE_STYLE_FILL_AREA(#15905);
#15905 = FILL_AREA_STYLE('',(#15906));
#15906 = FILL_AREA_STYLE_COLOUR('',#15269);
#15907 = STYLED_ITEM('color',(#15908),#10939);
#15908 = PRESENTATION_STYLE_ASSIGNMENT((#15909));
#15909 = SURFACE_STYLE_USAGE(.BOTH.,#15910);
#15910 = SURFACE_SIDE_STYLE('',(#15911));
#15911 = SURFACE_STYLE_FILL_AREA(#15912);
#15912 = FILL_AREA_STYLE('',(#15913));
#15913 = FILL_AREA_STYLE_COLOUR('',#15269);
#15914 = STYLED_ITEM('color',(#15915),#10990);
#15915 = PRESENTATION_STYLE_ASSIGNMENT((#15916));
#15916 = SURFACE_STYLE_USAGE(.BOTH.,#15917);
#15917 = SURFACE_SIDE_STYLE('',(#15918));
#15918 = SURFACE_STYLE_FILL_AREA(#15919);
#15919 = FILL_AREA_STYLE('',(#15920));
#15920 = FILL_AREA_STYLE_COLOUR('',#15269);
#15921 = STYLED_ITEM('color',(#15922),#11041);
#15922 = PRESENTATION_STYLE_ASSIGNMENT((#15923));
#15923 = SURFACE_STYLE_USAGE(.BOTH.,#15924);
#15924 = SURFACE_SIDE_STYLE('',(#15925));
#15925 = SURFACE_STYLE_FILL_AREA(#15926);
#15926 = FILL_AREA_STYLE('',(#15927));
#15927 = FILL_AREA_STYLE_COLOUR('',#15269);
#15928 = STYLED_ITEM('color',(#15929),#11100);
#15929 = PRESENTATION_STYLE_ASSIGNMENT((#15930));
#15930 = SURFACE_STYLE_USAGE(.BOTH.,#15931);
#15931 = SURFACE_SIDE_STYLE('',(#15932));
#15932 = SURFACE_STYLE_FILL_AREA(#15933);
#15933 = FILL_AREA_STYLE('',(#15934));
#15934 = FILL_AREA_STYLE_COLOUR('',#15269);
#15935 = STYLED_ITEM('color',(#15936),#11142);
#15936 = PRESENTATION_STYLE_ASSIGNMENT((#15937));
#15937 = SURFACE_STYLE_USAGE(.BOTH.,#15938);
#15938 = SURFACE_SIDE_STYLE('',(#15939));
#15939 = SURFACE_STYLE_FILL_AREA(#15940);
#15940 = FILL_AREA_STYLE('',(#15941));
#15941 = FILL_AREA_STYLE_COLOUR('',#15269);
#15942 = STYLED_ITEM('color',(#15943),#11185);
#15943 = PRESENTATION_STYLE_ASSIGNMENT((#15944));
#15944 = SURFACE_STYLE_USAGE(.BOTH.,#15945);
#15945 = SURFACE_SIDE_STYLE('',(#15946));
#15946 = SURFACE_STYLE_FILL_AREA(#15947);
#15947 = FILL_AREA_STYLE('',(#15948));
#15948 = FILL_AREA_STYLE_COLOUR('',#15269);
#15949 = STYLED_ITEM('color',(#15950),#11236);
#15950 = PRESENTATION_STYLE_ASSIGNMENT((#15951));
#15951 = SURFACE_STYLE_USAGE(.BOTH.,#15952);
#15952 = SURFACE_SIDE_STYLE('',(#15953));
#15953 = SURFACE_STYLE_FILL_AREA(#15954);
#15954 = FILL_AREA_STYLE('',(#15955));
#15955 = FILL_AREA_STYLE_COLOUR('',#15269);
#15956 = STYLED_ITEM('color',(#15957),#11287);
#15957 = PRESENTATION_STYLE_ASSIGNMENT((#15958));
#15958 = SURFACE_STYLE_USAGE(.BOTH.,#15959);
#15959 = SURFACE_SIDE_STYLE('',(#15960));
#15960 = SURFACE_STYLE_FILL_AREA(#15961);
#15961 = FILL_AREA_STYLE('',(#15962));
#15962 = FILL_AREA_STYLE_COLOUR('',#15269);
#15963 = STYLED_ITEM('color',(#15964),#11338);
#15964 = PRESENTATION_STYLE_ASSIGNMENT((#15965));
#15965 = SURFACE_STYLE_USAGE(.BOTH.,#15966);
#15966 = SURFACE_SIDE_STYLE('',(#15967));
#15967 = SURFACE_STYLE_FILL_AREA(#15968);
#15968 = FILL_AREA_STYLE('',(#15969));
#15969 = FILL_AREA_STYLE_COLOUR('',#15269);
#15970 = STYLED_ITEM('color',(#15971),#11389);
#15971 = PRESENTATION_STYLE_ASSIGNMENT((#15972));
#15972 = SURFACE_STYLE_USAGE(.BOTH.,#15973);
#15973 = SURFACE_SIDE_STYLE('',(#15974));
#15974 = SURFACE_STYLE_FILL_AREA(#15975);
#15975 = FILL_AREA_STYLE('',(#15976));
#15976 = FILL_AREA_STYLE_COLOUR('',#15269);
#15977 = STYLED_ITEM('color',(#15978),#11432);
#15978 = PRESENTATION_STYLE_ASSIGNMENT((#15979));
#15979 = SURFACE_STYLE_USAGE(.BOTH.,#15980);
#15980 = SURFACE_SIDE_STYLE('',(#15981));
#15981 = SURFACE_STYLE_FILL_AREA(#15982);
#15982 = FILL_AREA_STYLE('',(#15983));
#15983 = FILL_AREA_STYLE_COLOUR('',#15269);
#15984 = STYLED_ITEM('color',(#15985),#11475);
#15985 = PRESENTATION_STYLE_ASSIGNMENT((#15986));
#15986 = SURFACE_STYLE_USAGE(.BOTH.,#15987);
#15987 = SURFACE_SIDE_STYLE('',(#15988));
#15988 = SURFACE_STYLE_FILL_AREA(#15989);
#15989 = FILL_AREA_STYLE('',(#15990));
#15990 = FILL_AREA_STYLE_COLOUR('',#15269);
#15991 = STYLED_ITEM('color',(#15992),#11526);
#15992 = PRESENTATION_STYLE_ASSIGNMENT((#15993));
#15993 = SURFACE_STYLE_USAGE(.BOTH.,#15994);
#15994 = SURFACE_SIDE_STYLE('',(#15995));
#15995 = SURFACE_STYLE_FILL_AREA(#15996);
#15996 = FILL_AREA_STYLE('',(#15997));
#15997 = FILL_AREA_STYLE_COLOUR('',#15269);
#15998 = STYLED_ITEM('color',(#15999),#11577);
#15999 = PRESENTATION_STYLE_ASSIGNMENT((#16000));
#16000 = SURFACE_STYLE_USAGE(.BOTH.,#16001);
#16001 = SURFACE_SIDE_STYLE('',(#16002));
#16002 = SURFACE_STYLE_FILL_AREA(#16003);
#16003 = FILL_AREA_STYLE('',(#16004));
#16004 = FILL_AREA_STYLE_COLOUR('',#15269);
#16005 = STYLED_ITEM('color',(#16006),#11636);
#16006 = PRESENTATION_STYLE_ASSIGNMENT((#16007));
#16007 = SURFACE_STYLE_USAGE(.BOTH.,#16008);
#16008 = SURFACE_SIDE_STYLE('',(#16009));
#16009 = SURFACE_STYLE_FILL_AREA(#16010);
#16010 = FILL_AREA_STYLE('',(#16011));
#16011 = FILL_AREA_STYLE_COLOUR('',#15269);
#16012 = STYLED_ITEM('color',(#16013),#11703);
#16013 = PRESENTATION_STYLE_ASSIGNMENT((#16014));
#16014 = SURFACE_STYLE_USAGE(.BOTH.,#16015);
#16015 = SURFACE_SIDE_STYLE('',(#16016));
#16016 = SURFACE_STYLE_FILL_AREA(#16017);
#16017 = FILL_AREA_STYLE('',(#16018));
#16018 = FILL_AREA_STYLE_COLOUR('',#15269);
#16019 = STYLED_ITEM('color',(#16020),#11786);
#16020 = PRESENTATION_STYLE_ASSIGNMENT((#16021));
#16021 = SURFACE_STYLE_USAGE(.BOTH.,#16022);
#16022 = SURFACE_SIDE_STYLE('',(#16023));
#16023 = SURFACE_STYLE_FILL_AREA(#16024);
#16024 = FILL_AREA_STYLE('',(#16025));
#16025 = FILL_AREA_STYLE_COLOUR('',#15269);
#16026 = STYLED_ITEM('color',(#16027),#12024);
#16027 = PRESENTATION_STYLE_ASSIGNMENT((#16028));
#16028 = SURFACE_STYLE_USAGE(.BOTH.,#16029);
#16029 = SURFACE_SIDE_STYLE('',(#16030));
#16030 = SURFACE_STYLE_FILL_AREA(#16031);
#16031 = FILL_AREA_STYLE('',(#16032));
#16032 = FILL_AREA_STYLE_COLOUR('',#15269);
#16033 = STYLED_ITEM('color',(#16034),#12179);
#16034 = PRESENTATION_STYLE_ASSIGNMENT((#16035));
#16035 = SURFACE_STYLE_USAGE(.BOTH.,#16036);
#16036 = SURFACE_SIDE_STYLE('',(#16037));
#16037 = SURFACE_STYLE_FILL_AREA(#16038);
#16038 = FILL_AREA_STYLE('',(#16039));
#16039 = FILL_AREA_STYLE_COLOUR('',#15269);
#16040 = STYLED_ITEM('color',(#16041),#12334);
#16041 = PRESENTATION_STYLE_ASSIGNMENT((#16042));
#16042 = SURFACE_STYLE_USAGE(.BOTH.,#16043);
#16043 = SURFACE_SIDE_STYLE('',(#16044));
#16044 = SURFACE_STYLE_FILL_AREA(#16045);
#16045 = FILL_AREA_STYLE('',(#16046));
#16046 = FILL_AREA_STYLE_COLOUR('',#15269);
#16047 = STYLED_ITEM('color',(#16048),#12637);
#16048 = PRESENTATION_STYLE_ASSIGNMENT((#16049));
#16049 = SURFACE_STYLE_USAGE(.BOTH.,#16050);
#16050 = SURFACE_SIDE_STYLE('',(#16051));
#16051 = SURFACE_STYLE_FILL_AREA(#16052);
#16052 = FILL_AREA_STYLE('',(#16053));
#16053 = FILL_AREA_STYLE_COLOUR('',#15269);
#16054 = STYLED_ITEM('color',(#16055),#12808);
#16055 = PRESENTATION_STYLE_ASSIGNMENT((#16056));
#16056 = SURFACE_STYLE_USAGE(.BOTH.,#16057);
#16057 = SURFACE_SIDE_STYLE('',(#16058));
#16058 = SURFACE_STYLE_FILL_AREA(#16059);
#16059 = FILL_AREA_STYLE('',(#16060));
#16060 = FILL_AREA_STYLE_COLOUR('',#15269);
#16061 = STYLED_ITEM('color',(#16062),#13012);
#16062 = PRESENTATION_STYLE_ASSIGNMENT((#16063));
#16063 = SURFACE_STYLE_USAGE(.BOTH.,#16064);
#16064 = SURFACE_SIDE_STYLE('',(#16065));
#16065 = SURFACE_STYLE_FILL_AREA(#16066);
#16066 = FILL_AREA_STYLE('',(#16067));
#16067 = FILL_AREA_STYLE_COLOUR('',#15269);
#16068 = STYLED_ITEM('color',(#16069),#13078);
#16069 = PRESENTATION_STYLE_ASSIGNMENT((#16070));
#16070 = SURFACE_STYLE_USAGE(.BOTH.,#16071);
#16071 = SURFACE_SIDE_STYLE('',(#16072));
#16072 = SURFACE_STYLE_FILL_AREA(#16073);
#16073 = FILL_AREA_STYLE('',(#16074));
#16074 = FILL_AREA_STYLE_COLOUR('',#15269);
#16075 = STYLED_ITEM('color',(#16076),#13381);
#16076 = PRESENTATION_STYLE_ASSIGNMENT((#16077));
#16077 = SURFACE_STYLE_USAGE(.BOTH.,#16078);
#16078 = SURFACE_SIDE_STYLE('',(#16079));
#16079 = SURFACE_STYLE_FILL_AREA(#16080);
#16080 = FILL_AREA_STYLE('',(#16081));
#16081 = FILL_AREA_STYLE_COLOUR('',#15269);
#16082 = STYLED_ITEM('color',(#16083),#13504);
#16083 = PRESENTATION_STYLE_ASSIGNMENT((#16084));
#16084 = SURFACE_STYLE_USAGE(.BOTH.,#16085);
#16085 = SURFACE_SIDE_STYLE('',(#16086));
#16086 = SURFACE_STYLE_FILL_AREA(#16087);
#16087 = FILL_AREA_STYLE('',(#16088));
#16088 = FILL_AREA_STYLE_COLOUR('',#15269);
#16089 = STYLED_ITEM('color',(#16090),#13659);
#16090 = PRESENTATION_STYLE_ASSIGNMENT((#16091));
#16091 = SURFACE_STYLE_USAGE(.BOTH.,#16092);
#16092 = SURFACE_SIDE_STYLE('',(#16093));
#16093 = SURFACE_STYLE_FILL_AREA(#16094);
#16094 = FILL_AREA_STYLE('',(#16095));
#16095 = FILL_AREA_STYLE_COLOUR('',#15269);
#16096 = STYLED_ITEM('color',(#16097),#13962);
#16097 = PRESENTATION_STYLE_ASSIGNMENT((#16098));
#16098 = SURFACE_STYLE_USAGE(.BOTH.,#16099);
#16099 = SURFACE_SIDE_STYLE('',(#16100));
#16100 = SURFACE_STYLE_FILL_AREA(#16101);
#16101 = FILL_AREA_STYLE('',(#16102));
#16102 = FILL_AREA_STYLE_COLOUR('',#15269);
#16103 = MECHANICAL_DESIGN_GEOMETRIC_PRESENTATION_REPRESENTATION('',(
    #16104),#15228);
#16104 = STYLED_ITEM('color',(#16105),#14532);
#16105 = PRESENTATION_STYLE_ASSIGNMENT((#16106));
#16106 = SURFACE_STYLE_USAGE(.BOTH.,#16107);
#16107 = SURFACE_SIDE_STYLE('',(#16108,#16112));
#16108 = SURFACE_STYLE_FILL_AREA(#16109);
#16109 = FILL_AREA_STYLE('',(#16110));
#16110 = FILL_AREA_STYLE_COLOUR('',#16111);
#16111 = COLOUR_RGB('',0.679975718802,0.701410709185,0.574871009914);
#16112 = SURFACE_STYLE_RENDERING_WITH_PROPERTIES(.NORMAL_SHADING.,#16111
  ,(#16113));
#16113 = SURFACE_STYLE_TRANSPARENT(1.999998092651E-02);
#16114 = MECHANICAL_DESIGN_GEOMETRIC_PRESENTATION_REPRESENTATION('',(
    #16115),#885);
#16115 = STYLED_ITEM('color',(#16116),#49);
#16116 = PRESENTATION_STYLE_ASSIGNMENT((#16117));
#16117 = SURFACE_STYLE_USAGE(.BOTH.,#16118);
#16118 = SURFACE_SIDE_STYLE('',(#16119));
#16119 = SURFACE_STYLE_FILL_AREA(#16120);
#16120 = FILL_AREA_STYLE('',(#16121));
#16121 = FILL_AREA_STYLE_COLOUR('',#16122);
#16122 = COLOUR_RGB('',0.854305825093,0.803630995277,0.);
ENDSEC;
END-ISO-10303-21;
